Symbol,Issuer,Yield to maturity %,Current coupon %,Volume 1 day,Term to maturity
C5796146,Citigroup Inc.,-1.517939674,0,70000,2830
JPM5803785,JPMorgan Chase & Co.,-1.188189942,0,140000,2845
JPM5793633,JPMorgan Chase & Co.,-1.11747886,0,10000,2828
XS1212987678,The Goldman Sachs Group Inc.,-0.905998738,0,1,6828
JPM5862333,JPMorgan Chase & Co.,-0.796972609,0,10000,2936
C5843752,Citigroup Inc.,-0.647627266,0,135000,4735
C5803272,Citigroup Inc.,-0.631968479,0,800000,4672
C5822023,Citigroup Inc.,-0.468853363,0,906000,4701
C5833022,Citigroup Inc.,-0.458642454,0,100000,4714
XS2792118809,Citigroup Inc.,-0.448698189,0,1,3292
JPM5816922,JPMorgan Chase & Co.,-0.286105452,0,60000,4687
GSGR5871792,The Goldman Sachs Group Inc.,-0.217789763,0,2000000,4764
GSGR5985930,The Goldman Sachs Group Inc.,-0.21421947,0,2000000,4925
JPM5853833,JPMorgan Chase & Co.,-0.213990338,0,40000,4746
BAC5950785,Bank of America Corp.,-0.099894706,0,100000,4869
XS3114878922,Citigroup Inc.,-0.060361667,0,1,3334
C5992297,Citigroup Inc.,0.014754885,0,200000,4946
C6019479,Citigroup Inc.,0.018293425,0,264000,4980
JPM5855961,JPMorgan Chase & Co.,0.038469493,0,1500000,4750
GSGR5927648,The Goldman Sachs Group Inc.,0.046022026,0,190000,4840
JPM5986402,JPMorgan Chase & Co.,0.081303116,0,160000,6759
MS5836262,Morgan Stanley,0.088969023,0,7000,2888
BAC5916428,Bank of America Corp.,0.210868754,0,800000,4830
C5880248,Citigroup Inc.,0.231301145,0,120000,5155
C5892108,Citigroup Inc.,0.305493527,0,1000000,5175
JPM5866163,JPMorgan Chase & Co.,0.466238726,0,20000,4764
JPM6212479,JPMorgan Chase & Co.,0.692244231,0,200000,7032
XS3114879490,Citigroup Inc.,0.824887912,0,1,10801
XS1970481070,The Goldman Sachs Group Inc.,0.998202084,0,1,8644
XS1970505605,The Goldman Sachs Group Inc.,1.548799416,0,1,9093
XS1970505191,The Goldman Sachs Group Inc.,1.648410447,0,1,9051
XS1970508708,The Goldman Sachs Group Inc.,2.010106677,0,1,9129
ERTS5129008,Electronic Arts Inc.,3.034857813,1.85,200000,1660
TXN5254453,Texas Instruments Incorporated,3.343778242,1.125,303000,46
MS4161029,Morgan Stanley,3.369054627,4.35,1278000,39
V5028507,Visa Inc.,3.389050959,0.75,901000,380
GS5287545,The Goldman Sachs Group Inc.,3.415233219,1.7,20000,90
PRU6105851,Prudential Financial Inc.,3.460985717,4.2,6000,319
WEC5647182,WEC Energy Group Inc.,3.563474932,5.6,10000,43
BMY.GB,Bristol Myers Squibb Co.,3.572458851,6.8,1020000,107
ANTM5923069,Elevance Health Inc.,3.68447051,4.5,590000,91
MSFT4451229,Microsoft Corp.,3.750592615,3.3,2691000,190
MSFT5827601,Microsoft Corp.,3.776707099,3.4,200000,46
GS5721053,The Goldman Sachs Group Inc.,3.802268655,5.25,10000,143
PEP5256363,PepsiCo Inc.,3.814671986,7.29,2067000,46
AAPL4880746,Apple Inc.,3.818706323,2.05,2183000,42
AMT5265403,American Tower Corp.,3.837111882,1.45,1960000,46
JPM5145807,JPMorgan Chase & Co.,3.844536298,1,40000,42
US025816CM94,American Express Co.,3.85377303,1.65,1,96
CMI3671559,Cummins Inc.,3.862216624,6.75,30000,199
GS5710046,The Goldman Sachs Group Inc.,3.866715474,5.5,24000,126
HPQ5892415,Hewlett Packard Enterprise Co.,3.873506211,4.45,6306000,56
US172967KY63,Citigroup Inc.,3.87602778,3.2,1,82
HON4418376,Honeywell International Inc.,3.876406686,2.5,525000,93
GS5725731,The Goldman Sachs Group Inc.,3.877879275,4.67,15000,151
MSFT5828001,Microsoft Corp.,3.879558762,3.4,630000,319
DUK4392693,Duke Energy Corp.,3.885356615,2.65,5838000,32
PEP4411440,PepsiCo Inc.,3.886569237,2.375,383000,67
C4415920,Citigroup Inc.,3.897553931,3.2,15708000,82
ERTS5129009,Electronic Arts Inc.,3.907766491,2.95,10000000,8965
BK4495517,The Bank of New York Mellon Corp.,3.919560448,3.25,2644000,289
GS5331780,The Goldman Sachs Group Inc.,3.923519682,2,40000,152
GS5673466,The Goldman Sachs Group Inc.,3.960675003,6.15,94000,91
WMT5255647,Walmart Inc.,3.969493827,1.05,311000,48
TJX4401499,The TJX Cos. Inc.,3.976507446,2.25,748000,46
PG5351505,Procter & Gamble Co.,3.991921697,1.9,1200000,185
PSA5297059,Public Storage,3.993356092,1.5,5000000,101
EMR5047884,Emerson Electric Co.,3.996242509,0.875,192000,76
MDLZ5373673,Mondelez International Inc.,3.997173732,2.625,1484000,229
PGR4396015,The Progressive Corp.,4.001396371,2.45,100000,168
US57636QAG91,Mastercard Inc.,4.002904731,2.95,1,113
ECL4415115,Ecolab Inc.,4.015183264,2.7,1592000,93
US6174467Y92,Morgan Stanley,4.017092759,4.35,1,39
IBM5354860,International Business Machines Corp.,4.017217327,2.2,2670000,193
WMT.IA,Walmart Inc.,4.020418661,5.875,666000,248
CSCO4403899,Cisco Systems Inc.,4.022929197,2.5,448000,51
C4427459,Citigroup Inc.,4.02408481,3.1,35000,107
ADI4432502,Analog Devices Inc.,4.025118616,3.5,1155000,127
TXN5748156,Texas Instruments Incorporated,4.02788764,4.6,180000,192
VZ5088391,Verizon Communications Inc.,4.0319796,2.65,24000,8903
DIS4907439,The Walt Disney Co.,4.032782176,3.375,450000,107
LLY5750407,Eli Lilly & Co.,4.034534326,4.5,747000,193
US949746SH57,Wells Fargo & Co.,4.037082352,3,1,84
SYY.GC,Sysco Corp.,4.041822584,7.16,20000,258
AVGO5016373,Broadcom Inc.,4.044069364,3.459,187000,46
JNJ6008933,Johnson & Johnson,4.047698033,4.5,100000,213
BK5225101,The Bank of New York Mellon Corp.,4.047791333,1.05,523000,76
GS5254413,The Goldman Sachs Group Inc.,4.047906571,1.45,309000,45
PG4421841,Procter & Gamble Co.,4.049128633,2.45,463000,95
AXP5294461,American Express Co.,4.049365105,1.65,410000,96
C5294318,Citigroup Inc.,4.058302844,1.65,20000,109
JPM4383678,JPMorgan Chase & Co.,4.058716239,2.95,531000,62
DTE4410647,DTE Energy Co.,4.061375798,2.85,1053000,62
MA4427390,Mastercard Inc.,4.064231184,2.95,443000,113
TGT5344009,Target Corp.,4.067368274,1.95,810000,168
UNP4943699,Union Pacific Corp.,4.07009793,2.15,185000,189
MS4019746,Morgan Stanley,4.071018221,4.2,75000,697
GS3967063,The Goldman Sachs Group Inc.,4.07272754,3.75,48000,199
AVB4408804,AvalonBay Communities Inc.,4.07569773,2.9,233000,76
JNJ5033706,Johnson & Johnson,4.08419944,0.95,4826000,397
MS4445845,Morgan Stanley,4.086119778,3.625,4620000,173
COST4495548,Costco Wholesale Corp.,4.095219508,3,656000,291
MO4403913,Altria Group Inc.,4.098834859,2.625,4871000,47
V4972834,Visa Inc.,4.103858322,1.9,443000,258
AMP4392364,Ameriprise Financial Inc.,4.108028372,2.875,121000,46
WFC5088354,Wells Fargo & Co.,4.109862691,1.05,25000,122
ALL4432908,The Allstate Corp.,4.114437943,3.28,476000,137
EQIX4909426,Equinix Inc.,4.116199078,2.9,610000,110
HD5386724,The Home Depot Inc.,4.117910391,2.875,4858000,258
HD4401002,The Home Depot Inc.,4.119157364,2.125,478000,46
CMCS4382859,Comcast Corp.,4.120463552,2.35,344000,168
PFE4426182,Pfizer Inc.,4.121682479,3,501000,137
BLK4938153,BlackRock Inc.,4.123374521,2.4,1285000,1369
PEP5999641,PepsiCo Inc.,4.127890109,4.4,5012000,191
KMB5042722,Kimberly-Clark Corp.,4.127904896,1.05,290000,411
PG4969925,Procter & Gamble Co.,4.130659241,2.8,3606000,237
NKE4416427,NIKE Inc.,4.132258359,2.375,224000,93
US191216CU25,The Coca-Cola Co.,4.132272574,1.45,1,305
US444859BQ43,Humana Inc.,4.133113214,1.35,1,187
US172967JC62,Citigroup Inc.,4.1340874,4.3,1,112
O5734726,Realty Income Corp.,4.136881081,4.45,1606000,46
LOW.GV,Lowes Companies Inc.,4.137810356,7.59,374000,322
XEL5293180,Xcel Energy Inc.,4.138709771,1.75,14000,227
PM5752072,Philip Morris International Inc.,4.141724735,4.75,213000,196
ADBE4939808,Adobe Inc.,4.1433293,2.15,4017000,185
US38145GAH39,The Goldman Sachs Group Inc.,4.149288247,3.5,1,108
LLY4492876,Eli Lilly & Co.,4.14973364,3.1,417000,288
JPM5289132,JPMorgan Chase & Co.,4.150004406,2,60000,1186
VZ4998272,Verizon Communications Inc.,4.151109368,2.8,236000,8720
JNJ4563813,Johnson & Johnson,4.153568162,2.9,1962000,533
US91159HHR49,U.S. Bancorp,4.153829694,3.15,1,270
ITW4421828,Illinois Tool Works Inc.,4.154480982,2.65,986000,107
FB5509319,Meta Platforms Inc.,4.155995605,3.5,6491000,380
WMT5472034,Walmart Inc.,4.157194544,3.95,813000,405
WFC4416762,Wells Fargo & Co.,4.159242251,3,16084000,84
GS5198591,The Goldman Sachs Group Inc.,4.167887487,1.65,60000,314
PG4529785,Procter & Gamble Co.,4.170628339,2.85,1541000,376
CINF.GB,Cincinnati Financial Corp.,4.172876719,6.9,50000,654
USB4487679,U.S. Bancorp,4.174279388,3.15,1376000,270
COST4977642,Costco Wholesale Corp.,4.176884039,1.375,599000,324
ABT4427939,Abbott Laboratories,4.177157871,3.75,2754000,122
CVX4985688,Chevron Corp.,4.178747041,1.995,461250,284
MS4520760,Morgan Stanley,4.179158298,3.591,33105000,722
BK5344075,The Bank of New York Mellon Corp.,4.181258715,2.05,110000,179
IBM.HA,International Business Machines Corp.,4.183763149,6.22,305000,366
MRK5318796,Merck & Co. Inc.,4.186752558,1.7,1193000,314
A4404722,Agilent Technologies Inc.,4.188025138,3.05,4128000,53
LLY5871809,Eli Lilly & Co.,4.190318927,4.15,2291000,379
GPN5303815,Global Payments Inc.,4.191292447,2.15,234000,168
PRU6094554,Prudential Financial Inc.,4.193227284,4.2,52000,319
JNJ4462073,Johnson & Johnson,4.194977388,2.95,722000,215
KO4982990,The Coca-Cola Co.,4.196292194,1.45,283000,305
XOM4968078,Exxonmobil Corp.,4.196982151,3.294,2021000,231
BAC5362547,Bank of America Corp.,4.201150082,2.75,20000,214
XEL4431627,Xcel Energy Inc.,4.202956114,3.35,20000,123
XYLE4411418,Xylem Inc.,4.205392929,3.25,155000,93
US58933YBC84,Merck & Co. Inc.,4.205985199,1.7,1,314
AAPL6070268,Apple Inc.,4.208794674,4,3591000,651
AMZN4996698,Amazon.com Inc.,4.21051898,1.2,521000,307
NSC.GQ,Norfolk Southern Corp.,4.210873971,7.8,44000,288
TXN4558799,Texas Instruments Incorporated,4.211931593,2.9,400000,460
BAC5372185,Bank of America Corp.,4.212516072,2.75,14000,411
SCHW5256186,The Charles Schwab Corp.,4.212697632,3.3,6786000,244
DIS4503509,The Walt Disney Co.,4.212865476,2.95,8101000,319
SCHW4461831,The Charles Schwab Corp.,4.212950413,3.2,60000,214
BMY5077467,Bristol Myers Squibb Co.,4.214626208,1.125,100000,470
HCN4923707,Welltower Inc.,4.215574679,2.7,2306000,199
VZ4466757,Verizon Communications Inc.,4.215632835,4.125,1240600,228
SYK5995068,Stryker Corp.,4.215841502,4.55,649000,194
PNC4497661,The PNC Financial Services Group Inc.,4.217804947,3.15,1440000,292
WMT6060990,Walmart Inc.,4.218155215,4.1,212000,271
AAPL4562446,Apple Inc.,4.220033287,3,2848000,470
MCD.GG,McDonalds Corp.,4.220107939,6.375,44000,526
IBM4448403,International Business Machines Corp.,4.221079701,3.3,500000,180
HON5233091,Honeywell International Inc.,4.221337688,1.1,367000,213
KO4499433,The Coca-Cola Co.,4.222098255,2.9,502000,298
AAPL4507383,Apple Inc.,4.223348664,3,2263000,324
AMAT4479382,Applied Materials Inc.,4.223475768,3.3,1034000,244
AMT4362783,American Tower Corp.,4.224005489,3.375,99000,76
HPQ6342161,Hewlett Packard Enterprise Co.,4.228660046,4.5,2475000,601
CL5548671,Colgate-Palmolive Co.,4.229059298,4.6,2222000,579
NKE4971167,NIKE Inc.,4.229615987,2.75,612000,239
GD4969907,General Dynamics Corp.,4.230134854,3.5,2064000,244
US438516CE43,Honeywell International Inc.,4.230322692,1.1,1,213
VLO4401477,Valero Energy Corp.,4.234948878,3.4,120000,46
WMT6060761,Walmart Inc.,4.236447584,4.35,906000,1367
NUE5416442,Nucor Corp.,4.237206736,4.3,450000,296
JPM5417165,JPMorgan Chase & Co.,4.237633275,4,70000,301
NTRS5410509,Northern Trust Corp.,4.238394235,4,1752000,283
MA4970636,Mastercard Inc.,4.239090538,3.3,920000,238
PEP4551335,PepsiCo Inc.,4.240440174,3,1255000,441
DUK5728075,Duke Energy Corp.,4.242276774,4.85,8146000,158
GS4447830,The Goldman Sachs Group Inc.,4.242703757,3.85,2347000,179
C5000739,Citigroup Inc.,4.24359171,2,60000,411
PG5922340,Procter & Gamble Co.,4.245238887,4.15,412000,1181
CSCO5758316,Cisco Systems Inc.,4.24540099,4.8,188000,210
PYPL4887135,PayPal Holdings Inc.,4.246356061,2.65,1217000,62
COF4984909,Capital One Financial Corp.,4.247814632,3.65,268000,284
O4411932,Realty Income Corp.,4.250683269,3,620000,168
AMD6026359,Advanced Micro Devices Inc.,4.253686787,4.212,30000,55
ECL5317637,Ecolab Inc.,4.254373865,1.65,1379000,185
PSA4541618,Public Storage,4.255196875,3.094,1686000,411
JNJ6009542,Johnson & Johnson,4.256008562,4.55,1208000,579
AAPL5231623,Apple Inc.,4.258534403,1.4,2307000,736
GS5228297,The Goldman Sachs Group Inc.,4.259087713,1.55,21000,363
TFC5024171,Truist Financial Corp.,4.26020571,1.125,8467000,368
KO4969568,The Coca-Cola Co.,4.260218614,3.375,761000,237
VZ5256196,Verizon Communications Inc.,4.261267211,3.05,100000,9177
GS5287542,The Goldman Sachs Group Inc.,4.262880194,2,50000,822
PFE6238670,Pfizer Inc.,4.26610388,3.875,1229000,472
CL5455648,Colgate-Palmolive Co.,4.266724757,3.1,326000,380
FANG4915524,Diamondback Energy Inc.,4.266956478,3.25,1944000,123
JPM5404729,JPMorgan Chase & Co.,4.266978356,3.85,20000,272
AMZN5508428,Amazon.com Inc.,4.269760211,4.55,2570000,488
STT5919943,State Street Corp.,4.270634847,4.33,7088000,448
V4539215,Visa Inc.,4.271223243,2.75,20790000,411
HD5834281,The Home Depot Inc.,4.271454629,4.875,7407000,329
MCD4464033,McDonalds Corp.,4.27148166,3.5,69000,213
ABT5005071,Abbott Laboratories,4.272549433,1.15,827000,548
C4184479,Citigroup Inc.,4.273014316,4.3,1534000,112
AXP5372188,American Express Co.,4.274109733,2.55,2128000,216
PM4531233,Philip Morris International Inc.,4.27413836,3.125,1008000,382
F.GR,Ford Motor Co.,4.27540771,6.625,50000,564
HD5106411,The Home Depot Inc.,4.275830092,0.9,790000,593
AAPL4538816,Apple Inc.,4.277222151,2.9,2530000,408
PEP4968011,PepsiCo Inc.,4.277578253,2.625,966000,231
MRK6165794,Merck & Co. Inc.,4.277704996,3.85,2000000,411
US92826CAP77,Visa Inc.,4.279066393,0.75,1,380
ROST4973625,Ross Stores Inc.,4.279791857,4.7,145000,258
AMGN4953911,Amgen Inc.,4.279792621,2.2,1910000,205
HUM5231758,Humana Inc.,4.281003402,1.35,131000,187
BAC5263203,Bank of America Corp.,4.283392622,1.25,150000,55
UNH4437455,UnitedHealth Group Inc.,4.283902561,3.45,2273000,168
AMT5389713,American Tower Corp.,4.284185499,3.65,566000,227
GS5744143,The Goldman Sachs Group Inc.,4.284299945,4.75,60000,185
AXP5391242,American Express Co.,4.284629832,3.3,2068000,276
ILMN5886317,Illumina Inc.,4.284737924,4.65,1291000,40
WMT4822454,Walmart Inc.,4.2849267,3.25,8548000,1073
UPS4416837,United Parcel Service Inc.,4.285415408,2.4,1510000,107
US037833EH93,Apple Inc.,4.285629407,1.4,1,736
BRO6098798,Brown & Brown Inc.,4.286705748,4.6,676000,145
NVDA5203204,NVIDIA Corp.,4.289786221,1.55,259000,685
FITB4983300,Fifth Third Bancorp,4.289799338,2.55,448000,278
ADI5654728,Analog Devices Inc.,4.291113109,3.45,4545000,319
SCHW5372108,The Charles Schwab Corp.,4.294975066,2.45,1867000,215
MCD4971147,McDonalds Corp.,4.297041311,3.5,9003000,335
GS.WD,The Goldman Sachs Group Inc.,4.297200914,5.95,6308000,168
GSGR5958112,The Goldman Sachs Group Inc.,4.297446332,4.35,5000,139
PG5530621,Procter & Gamble Co.,4.297672795,3.95,200000,544
GSGR5811286,The Goldman Sachs Group Inc.,4.299000221,5.25,60000,290
AMZN5396181,Amazon.com Inc.,4.300195942,3.3,5836000,256
JNJ5811323,Johnson & Johnson,4.300490673,4.8,717000,1036
JPM4191255,JPMorgan Chase & Co.,4.300736965,4.125,1464000,137
HD4538757,The Home Depot Inc.,4.301901321,2.8,3596000,410
WMT4647491,Walmart Inc.,4.30223997,3.7,5528988,696
CMCS4442549,Comcast Corp.,4.303254224,3.3,481000,185
INTU5008437,Intuit Inc.,4.303620375,1.35,11186000,349
DE.GC,Deere & Co.,4.30462675,6.55,60000,793
LLY.GV,Eli Lilly & Co.,4.304948611,5.5,320000,227
UNP4479858,Union Pacific Corp.,4.304954529,3,138000,258
JPM5022931,JPMorgan Chase & Co.,4.305178466,1.25,100000,365
AAPL5584912,Apple Inc.,4.305920392,4,960000,649
DHI5231762,D.R. Horton Inc.,4.307972366,1.3,733000,76
DVN6450704,Devon Energy Corp.,4.309350754,3.9,5000000,288
HD4971786,The Home Depot Inc.,4.309375784,2.5,1017000,258
V6303411,Visa Inc.,4.310392273,3.8,1258000,927
US459200KH39,International Business Machines Corp.,4.310777594,1.7,1,288
CVS4971703,CVS Health Corp.,4.31078478,3.625,145000,244
US037833ET32,Apple Inc.,4.312758172,4,12000,649
EXC5508234,Exelon Corp.,4.313045693,2.75,209000,227
GS5780233,The Goldman Sachs Group Inc.,4.314800662,4.9,56000,241
UNH5415940,UnitedHealth Group Inc.,4.314957313,3.7,5245000,288
KMI5289820,Kinder Morgan Inc.,4.316268229,1.75,435000,107
LHX4974551,L3Harris Technologies Inc.,4.318025352,3.85,339000,137
US037833EC07,Apple Inc.,4.318975637,1.2,1,557
KO5045787,The Coca-Cola Co.,4.319368169,1,3804000,593
T4991376,AT&T Inc.,4.319542513,2.3,6875000,305
AMZN4531862,Amazon.com Inc.,4.319822426,3.15,11668000,387
BAC3700644,Bank of America Corp.,4.319932033,6.75,82000,671
NOC4431710,Northrop Grumman Corp.,4.320099407,3.2,346000,185
ETR4394761,Entergy Corp.,4.320352291,2.95,17000,32
LLY6003480,Eli Lilly & Co.,4.321736216,4.55,2875000,561
CI5003119,The Cigna Group,4.322035862,3.4,1522000,213
WAB4421862,Westinghouse Air Brake Technologies Corp.,4.322240015,3.45,497000,107
LOW5384540,Lowes Companies Inc.,4.322947438,3.35,5789000,244
MS3962304,Morgan Stanley,4.324653518,4.125,40000,556
NVDA4403910,NVIDIA Corp.,4.324705914,3.2,256000,47
BMY4459222,Bristol Myers Squibb Co.,4.325805782,3.25,1530000,211
US037833ET32,Apple Inc.,4.326113473,4,1,649
KO5141475,The Coca-Cola Co.,4.327639406,1.5,2659000,583
AAPL5123995,Apple Inc.,4.328159607,1.2,6806000,557
BAC4416448,Bank of America Corp.,4.328391435,3.248,11210000,447
AEE5302941,Ameren Corp.,4.328769098,1.95,142000,227
LOW4486452,Lowes Companies Inc.,4.328969005,3.1,13274000,276
JNJ.GJ,Johnson & Johnson,4.329944559,6.95,260000,1128
SPGI4485946,S&P Global Inc.,4.331181924,2.95,18000,175
TMO5502815,Thermo Fisher Scientific Inc.,4.331881154,4.8,435000,478
WMT5255678,Walmart Inc.,4.332996835,1.5,4306000,784
KO5171174,Coca-Cola Europacific Partners plc,4.333045095,1.5,600000,168
BK5169414,The Bank of New York Mellon Corp.,4.333508942,1.65,731000,714
LHX5625701,L3Harris Technologies Inc.,4.33357241,5.4,369000,168
CAH5939493,Cardinal Health Inc.,4.334170974,4.7,499000,107
HSY5581214,The Hershey Co.,4.334639428,4.25,125000,643
PGR5372906,The Progressive Corp.,4.337381294,2.5,233000,227
UNH4465282,UnitedHealth Group Inc.,4.339944293,3.375,479000,258
UPS4564425,United Parcel Service Inc.,4.340124049,3.05,602000,472
AMT4513192,American Tower Corp.,4.34067764,3.55,26235000,349
US254687FW18,The Walt Disney Co.,4.341395873,2.2,1,531
PH4565623,Parker-Hannifin Corp.,4.341573709,3.25,252000,213
ROP4435340,Roper Technologies Inc.,4.341680605,3.8,263000,137
GSGR5958111,The Goldman Sachs Group Inc.,4.343116488,4.45,20000,504
OTIS5029758,Otis Worldwide Corp.,4.343346054,2.293,3159000,248
AAPL4492956,Apple Inc.,4.343656164,3.2,919000,284
MRK5584922,Merck & Co. Inc.,4.344038801,4.05,240000,656
BK4625163,The Bank of New York Mellon Corp.,4.345172424,3.85,525000,637
VZ5246501,Verizon Communications Inc.,4.346005376,3,60000,9177
MRK.GB,Merck & Co. Inc.,4.346871479,6.4,75000,579
BA4866206,The Boeing Co.,4.347646653,2.7,433000,185
OKE4517352,ONEOK Inc.,4.347796804,4,35429000,347
CSCO6010617,Cisco Systems Inc.,4.347925679,4.55,1508000,573
MRK6400122,Merck & Co. Inc.,4.348291892,4.3,388000,661
UNH4555098,UnitedHealth Group Inc.,4.349599076,2.95,834000,441
WMT5571288,Walmart Inc.,4.349875286,3.9,369000,624
C5353107,Citigroup Inc.,4.350302756,2.4,30000,200
CMI6071252,Cummins Inc.,4.350528716,4.25,621000,648
APD4981666,Air Products & Chemicals Inc.,4.352345501,1.85,331000,288
BLK5852548,BlackRock Inc.,4.353542017,4.6,22460000,360
STT5772774,State Street Corp.,4.354259206,4.993,281000,230
AVB4492279,AvalonBay Communities Inc.,4.354275607,3.35,134500,288
GSGR5797897,The Goldman Sachs Group Inc.,4.354654462,5.35,215000,273
DIS4986749,The Walt Disney Co.,4.354802532,2.2,940000,531
PG5740493,Procter & Gamble Co.,4.355327969,4.35,2804000,913
ADP5183440,Automatic Data Processing Inc.,4.356042526,1.7,180000,654
SHW4491960,The Sherwin-Williams Co.,4.356159102,3.45,2214000,305
T4833795,AT&T Inc.,4.357434523,3.8,1201000,199
GD4631476,General Dynamics Corp.,4.358003512,3.75,858000,654
O5568341,Realty Income Corp.,4.358115815,4.7,1162000,868
BLK4475422,BlackRock Inc.,4.358202866,3.2,100000,227
GSGR6054369,The Goldman Sachs Group Inc.,4.358727223,4.1,20000,630
ES5735019,Eversource Energy,4.359245704,5,5475000,154
GS5298510,The Goldman Sachs Group Inc.,4.359584294,1.8,450000,105
IBM5449456,International Business Machines Corp.,4.360495012,4.15,25090000,361
STT6016609,State Street Corp.,4.360537514,4.536,12516000,577
MRK5319143,Merck & Co. Inc.,4.360834746,1.9,3860000,863
LLY6153506,Eli Lilly & Co.,4.360915525,4,4618000,807
PEP5999638,PepsiCo Inc.,4.361047638,4.45,1062000,556
BAC5292640,Bank of America Corp.,4.361650016,1.65,50000,111
JPM5003705,JPMorgan Chase & Co.,4.362444151,2,14000,876
US58933YBH71,Merck & Co. Inc.,4.362826186,4.05,12000,656
MA5885399,Mastercard Inc.,4.362862932,4.1,830000,533
C5422481,Citigroup Inc.,4.362908939,4.35,15000,320
GD4540783,General Dynamics Corp.,4.363298982,2.625,14000,472
CINF.GE,Cincinnati Financial Corp.,4.363556731,6.92,532000,654
GILD5050564,Gilead Sciences Inc.,4.363699907,1.2,764000,427
VZ4959822,Verizon Communications Inc.,4.364307054,3,150000,8628
JPM4955932,JPMorgan Chase & Co.,4.364371116,2.25,10000,393
C5317528,Citigroup Inc.,4.365055591,1.8,26000,144
QCOM4499083,QUALCOMM Inc.,4.366279548,3.25,1522000,293
GILD4404933,Gilead Sciences Inc.,4.366623762,2.95,859000,213
ROK.GC,Rockwell Automation Inc.,4.36826313,6.7,75000,533
WMI4560154,Waste Management Inc.,4.369462119,3.15,151000,472
EMR4981580,Emerson Electric Co.,4.369931135,1.8,364000,441
PEP5447003,PepsiCo Inc.,4.370246976,3.6,2886000,567
O5300363,Realty Income Corp.,4.370728426,3.95,517000,380
CSX4490259,CSX Corp.,4.370856143,3.25,2482000,305
ECL4566952,Ecolab Inc.,4.371899268,3.25,600000,488
ADSK4504222,Autodesk Inc.,4.372111322,3.5,450000,319
HD6170005,The Home Depot Inc.,4.372382946,3.75,280000,777
KR4519632,The Kroger Co.,4.373292289,3.7,14608000,366
GS3862404,The Goldman Sachs Group Inc.,4.374305341,5.25,15000,319
ICE5414187,Intercontinental Exchange Inc.,4.374414287,4,2092000,411
C5381505,Citigroup Inc.,4.376101032,3.65,100000,242
IR.GG,Trane Technologies Plc,4.377457807,6.391,45000,472
ATO4504246,Atmos Energy Corp.,4.378008486,3,2083000,319
INTC4495096,Intel Corp.,4.379025217,3.15,1392000,284
HUM4466655,Humana Inc.,4.379619207,3.95,323000,227
WFC5429809,Wells Fargo & Co.,4.38113539,4,36000,319
COF4463983,Capital One Financial Corp.,4.381648684,3.75,3178000,221
GS3864354,The Goldman Sachs Group Inc.,4.382565191,5.5,100000,1415
GOOG5025300,Alphabet Inc.,4.383589885,0.8,3428000,380
BK4589401,The Bank of New York Mellon Corp.,4.385493089,3.4,301000,547
PFE4685497,Pfizer Inc.,4.385867268,3.6,311000,777
WMT4886982,Walmart Inc.,4.387229886,2.375,22000,1151
MCO4503450,Moodys Corp.,4.388075294,3.25,498000,533
CME4645476,CME Group Inc.,4.388844452,3.75,86000,685
PH5425729,Parker-Hannifin Corp.,4.389481974,4.25,8625000,411
APH6217654,Amphenol Corp.,4.392624356,3.8,839000,472
AAPL4452435,Apple Inc.,4.396752179,3.35,1404000,193
CBOE4443340,Cboe Global Markets Inc.,4.397755037,3.65,3002000,165
IBM4983323,International Business Machines Corp.,4.398239923,1.7,477000,288
JPM4292068,JPMorgan Chase & Co.,4.398937932,4.25,1855000,427
BMY5007346,Bristol Myers Squibb Co.,4.400500582,3.45,406000,472
JPM5153786,JPMorgan Chase & Co.,4.400897211,2,12000,877
CL6065497,Colgate-Palmolive Co.,4.401705947,4.2,898000,1370
MA6417969,Mastercard Inc.,4.401826974,4.325,124000,678
NTRS4662195,Northern Trust Corp.,4.403130894,3.65,20000,734
MA4602132,Mastercard Inc.,4.403618051,3.5,2106000,575
GS5706721,The Goldman Sachs Group Inc.,4.404734999,5.8,30000,845
AMZN6336484,Amazon.com Inc.,4.405601972,3.85,5472000,591
ABBV5758813,AbbVie Inc.,4.405639943,4.8,6136000,227
JPM5070340,JPMorgan Chase & Co.,4.405674565,1,10000,273
HSY6010274,The Hershey Co.,4.406436109,4.55,355000,573
GS4064246,The Goldman Sachs Group Inc.,4.406591866,4,6000,76
VZ5242384,Verizon Communications Inc.,4.406797333,3,36000,9146
CCI5372839,Crown Castle Inc.,4.407108813,2.9,120000,227
US46625HNJ58,JPMorgan Chase & Co.,4.407860332,4.25,1,427
HD5254588,The Home Depot Inc.,4.40897277,1.5,199000,777
APH5785189,Amphenol Corp.,4.409519054,5.05,699000,979
VZ5208784,Verizon Communications Inc.,4.409676978,3.05,46000,9115
MPLX4453958,MPLX LP,4.410298278,4.125,217000,213
GS6419289,The Goldman Sachs Group Inc.,4.411121512,4.5,30000,1047
DUK4528446,Duke Energy Corp.,4.411583806,3.15,700000,380
O4164803,Realty Income Corp.,4.414320385,4.125,30000,76
VZ5314135,Verizon Communications Inc.,4.414435069,3.05,28000,9268
SNPS6020491,Synopsys Inc.,4.415549248,4.55,707000,244
BDX4499467,Becton Dickinson & Co.,4.415801668,3.7,11071000,310
ORLY4530392,OReilly Automotive Inc.,4.416589444,3.6,173000,397
UTX5088685,RTX Corp.,4.416804094,7.1,36000,472
CAT.MP,Caterpillar Inc.,4.418474317,6.625,106000,715
INTC4969552,Intel Corp.,4.420237078,3.75,734000,237
GS4425826,The Goldman Sachs Group Inc.,4.420377119,3.5,8452000,108
HUB4594324,Hubbell Inc.,4.421178802,3.5,136000,564
DOV.GC,Dover Corp.,4.421609959,6.65,44000,671
TSN4499905,Tyson Foods Inc.,4.422758835,3.55,2059000,306
PCG4570766,Pacific Gas & Electric Co.,4.425538977,3.3,15000,488
ADBE5981557,Adobe Inc.,4.426508849,4.75,2942000,535
HD4773055,The Home Depot Inc.,4.427626552,3.9,2040000,859
MRK.GC,Merck & Co. Inc.,4.427839286,5.95,305000,854
MS6263572,Morgan Stanley,4.428298936,4.15,50000,1966
LLY5750404,Eli Lilly & Co.,4.428823441,4.5,195000,924
GILD6397433,Gilead Sciences Inc.,4.428966423,4.25,58000,659
US037833DP29,Apple Inc.,4.429581062,2.2,1,1138
KDP4433680,Keurig Dr Pepper Inc.,4.431048102,3.43,801000,319
STZ4491910,Constellation Brands Inc.,4.431864648,3.5,192000,282
CHD4521153,Church & Dwight Co. Inc.,4.432031032,3.15,1348000,366
UTX5088698,RTX Corp.,4.432315932,3.5,3464000,227
UTX5077960,Carrier Global Corp.,4.432341899,2.493,413000,199
GS4019265,The Goldman Sachs Group Inc.,4.43355858,4,60000,319
BSX4602368,Boston Scientific Corp.,4.433864082,4,11000,579
CMS4421798,CMS Energy Corp.,4.435709392,2.95,10000,199
ICE4530443,Intercontinental Exchange Inc.,4.435818771,3.1,169000,411
DUK3985135,Duke Energy Corp.,4.436278625,3.25,20000,227
CSX4415157,CSX Corp.,4.436317435,2.6,168000,93
PEP4847622,PepsiCo Inc.,4.436876371,7,430000,944
PEP5541134,PepsiCo Inc.,4.436975994,4.45,1088000,654
CRM5214228,Salesforce Inc.,4.438680018,1.5,1754000,715
NVDA6427663,NVIDIA Corp.,4.438685659,4.25,41870000,685
US61761JZN26,Morgan Stanley,4.440303841,3.95,1,266
APH5785365,Amphenol Corp.,4.440753035,5.05,1882000,248
GS5744144,The Goldman Sachs Group Inc.,4.442448478,4.9,20000,915
MMM4544487,3M Co.,4.442484662,2.875,553000,441
PRU5878855,Prudential Financial Inc.,4.443630899,4.2,30000,1111
MA5552137,Mastercard Inc.,4.44368028,4.875,650000,587
IR.GI,Trane Technologies Plc,4.443805038,6.443,30000,472
BMY5007347,Bristol Myers Squibb Co.,4.444729503,3.9,1486000,569
MS3952020,Morgan Stanley,4.444967842,4,31000,535
AAPL4880747,Apple Inc.,4.445584058,2.2,4386000,1138
MMM4687683,3M Co.,4.445879515,3.625,423000,776
TMO5710960,Thermo Fisher Scientific Inc.,4.446262587,5,329000,127
GSGR5900374,The Goldman Sachs Group Inc.,4.446828177,4.4,9000,426
WMT6380088,Walmart Inc.,4.448283807,4,2412000,1004
APD6096807,Air Products & Chemicals Inc.,4.449595901,4.3,736000,681
PSA5167044,Public Storage,4.450035412,1.85,538000,640
PRU6250837,Prudential Financial Inc.,4.451273475,4.05,57000,1598
ECL6086609,Ecolab Inc.,4.451482136,4.3,1230000,685
TMUS5190117,T-Mobile USA Inc.,4.451985414,3.75,2620000,258
NTAP5003251,NetApp Inc.,4.452245321,2.375,261000,326
CI5002516,The Cigna Group,4.45227626,3.05,500000,441
CMI3671565,Cummins Inc.,4.452589213,7.125,6000,579
AZO5530617,AutoZone Inc.,4.453479938,4.5,165000,550
SBUX4964887,Starbucks Corp.,4.453563884,2,831000,224
VMC4465734,Vulcan Materials Co.,4.453884633,3.9,45000,244
LMT5592047,Lockheed Martin Corp.,4.453958256,4.45,716000,654
FB5581187,Meta Platforms Inc.,4.454172655,4.6,3018000,654
PRU6325859,Prudential Financial Inc.,4.454337374,4.1,70000,1688
RSG4565277,Republic Services Inc.,4.45480829,3.375,58000,472
DIS4969019,The Walt Disney Co.,4.455918895,3.7,1273000,235
ABBV4693581,AbbVie Inc.,4.456249114,4.25,2384000,837
GS4184470,The Goldman Sachs Group Inc.,4.456466285,3.5,120000,472
WMI5076359,Waste Management Inc.,4.456630715,1.15,34000,593
GOOG6223816,Alphabet Inc.,4.457188005,3.875,6011000,838
CAH4503543,Cardinal Health Inc.,4.457233296,3.41,654000,319
UNH5776238,UnitedHealth Group Inc.,4.458116907,4.6,71000,258
GS4094731,The Goldman Sachs Group Inc.,4.458181355,4.25,45000,564
GSGR6230770,The Goldman Sachs Group Inc.,4.458224465,4.05,15000,836
WEC5057771,WEC Energy Group Inc.,4.458690198,1.375,342000,441
COH4504624,Tapestry Inc.,4.459165743,4.125,21244000,349
BABA4572064,Alibaba Group Holding Ltd.,4.459373347,3.4,700000,493
WMT.GP,Walmart Inc.,4.460351841,7.55,3131000,1295
US037833EU05,Apple Inc.,4.461174946,4.15,1,1379
JPM5427768,JPMorgan Chase & Co.,4.461647334,4,24000,686
LOW6184390,Lowes Companies Inc.,4.462011483,3.95,3435000,441
LMT5492502,Lockheed Martin Corp.,4.462468282,5.1,4258000,472
PEP6129857,PepsiCo Inc.,4.464132297,4.1,1489000,899
HD5834282,The Home Depot Inc.,4.464247661,4.75,3501000,1060
JPM5100713,JPMorgan Chase & Co.,4.464331825,1.05,86000,327
GS4527579,The Goldman Sachs Group Inc.,4.464396562,3.25,75000,746
AAPL6070269,Apple Inc.,4.466939901,4.2,952000,1381
AMT4892459,American Tower Corp.,4.467181415,2.75,437000,168
PM5929959,Philip Morris International Inc.,4.468106008,4.375,774000,458
AAPL5455693,Apple Inc.,4.468794534,3.35,2476000,2200
TJX5082156,The TJX Cos. Inc.,4.470327228,1.15,27000,654
TGT6094659,Target Corp.,4.471088812,4.35,1408000,685
JPM6178104,JPMorgan Chase & Co.,4.471804883,4.125,58000,1148
AXP5497645,American Express Co.,4.471853502,5.85,2946000,462
MA6009560,Mastercard Inc.,4.47191279,4.55,124000,593
WMI5930217,Waste Management Inc.,4.472171716,4.5,1316000,593
GSGR5917002,The Goldman Sachs Group Inc.,4.474199246,4.375,30000,444
ADBE5784439,Adobe Inc.,4.474343732,4.85,356000,247
GS4196153,The Goldman Sachs Group Inc.,4.474989651,3.5,36000,1233
A5886359,Agilent Technologies Inc.,4.475278038,4.2,5382000,405
PFE4538719,Zoetis Inc.,4.475905965,3,730000,408
SYY4509019,Sysco Corp.,4.476901094,3.25,14690000,349
AAPL5455692,Apple Inc.,4.47699081,3.25,374000,1104
TTWO5394670,Take-Two Interactive Software Inc.,4.477827289,3.7,711000,257
ABBV6009611,AbbVie Inc.,4.481706399,4.65,671000,593
DHI5055322,D.R. Horton Inc.,4.48282384,1.4,468000,441
US191216CM09,The Coca-Cola Co.,4.48285759,2.125,1,1133
ABC5953643,Cencora Inc.,4.482931169,4.625,814000,502
CCI4451189,Crown Castle Inc.,4.483144827,4,284000,213
MS6455501,Morgan Stanley,4.483450916,4.5,25000,1449
CSX4600595,CSX Corp.,4.4836085,3.8,851000,579
ANTM4566050,Elevance Health Inc.,4.483985544,3.65,2598095,488
WMT5571289,Walmart Inc.,4.484642129,4,720000,1354
LLY6388970,Eli Lilly & Co.,4.484818308,4.15,146000,1024
UNP.HG,Union Pacific Corp.,4.485319671,6.625,211000,916
WMI5837949,Waste Management Inc.,4.4862045,4.95,15895000,337
BLK5767241,BlackRock Inc.,4.486703857,4.7,4142000,957
ADI6099811,Analog Devices Inc.,4.489246676,4.25,3417000,685
GSGR6365859,The Goldman Sachs Group Inc.,4.48934774,4.375,6000,997
USB4625582,U.S. Bancorp,4.489781752,3.9,1133000,635
USB5899208,U.S. Bancorp,4.490766559,4,30000,419
ES5434415,Eversource Energy,4.491079015,4.6,19909000,335
KO4880709,The Coca-Cola Co.,4.491324588,2.125,605000,1133
WFC5419221,Wells Fargo & Co.,4.491385471,4.5,20000,300
XYLE5006807,Xylem Inc.,4.491914722,1.95,1169000,548
UNP4641649,Union Pacific Corp.,4.492015924,3.95,4368000,772
GS5702666,The Goldman Sachs Group Inc.,4.493170222,6.125,40000,838
TXN5503233,Texas Instruments Incorporated,4.494193999,4.6,1686000,564
BSX4800733,Boston Scientific Corp.,4.494268547,4,600000,944
APC4876389,Occidental Petroleum Corp.,4.494554031,7,24000,472
MS6064830,Morgan Stanley,4.494933141,4.35,105000,637
PRU6163723,Prudential Financial Inc.,4.495225788,4.1,11000,1507
T4451560,AT&T Inc.,4.495565243,4.25,1656000,213
PRU6018739,Prudential Financial Inc.,4.495599241,4.5,80000,593
LLY4800389,Eli Lilly & Co.,4.495928798,3.375,4407000,958
GS3891174,The Goldman Sachs Group Inc.,4.496348993,4.5,190000,380
ABBV6322513,AbbVie Inc.,4.497160562,3.775,5932000,581
ADM.GI,Archer-Daniels-Midland Co.,4.497872421,6.75,300000,502
GS6410039,The Goldman Sachs Group Inc.,4.498413173,4.7,18000,1763
QCOM5086634,QUALCOMM Inc.,4.499310554,1.3,1231000,659
LLY4597076,McKesson Corp.,4.499894337,3.95,240000,565
GSGR5969402,The Goldman Sachs Group Inc.,4.499914923,4.625,100000,1249
NFLX4562333,Netflix Inc.,4.500038153,4.375,186000,107
DIS4907441,The Walt Disney Co.,4.50019203,7.125,130000,617
CDNS5886227,Cadence Design Systems Inc.,4.50246552,4.2,344000,406
GS5725730,The Goldman Sachs Group Inc.,4.503235549,4.75,40000,882
D4968071,Dominion Energy Inc.,4.50331918,3.6,6000,227
DIS4908621,The Walt Disney Co.,4.503491121,7.625,708000,853
JPM4425813,JPMorgan Chase & Co.,4.503580382,3.625,422000,488
JNJ5033707,Johnson & Johnson,4.504127615,1.3,7187000,1493
JBL5401445,Jabil Inc.,4.504769911,4.25,326000,288
NOW6394087,ServiceNow Inc.,4.505485649,4.25,445000,654
US037833EN61,Apple Inc.,4.505595008,3.25,1,1104
KMB4756839,Kimberly-Clark Corp.,4.505915012,3.95,332000,824
PEP4864209,PepsiCo Inc.,4.506237317,2.625,14689000,1094
MCD4610937,McDonalds Corp.,4.506744467,3.8,946000,610
WEC5524479,WEC Energy Group Inc.,4.507533366,4.75,204000,533
GSGR6037108,The Goldman Sachs Group Inc.,4.507598375,4.6,200000,1336
XOM4872078,Exxonmobil Corp.,4.507627306,2.44,1172000,1112
PEP5850912,PepsiCo Inc.,4.508083092,4.5,23469000,1082
TMUS5537478,T-Mobile USA Inc.,4.508485733,4.95,529000,593
RSG4629891,Republic Services Inc.,4.509409843,3.95,5479000,654
UNH5494734,UnitedHealth Group Inc.,4.509874454,5.25,450000,564
PG5351507,Procter & Gamble Co.,4.509938228,2.3,54000,2011
GS5748049,The Goldman Sachs Group Inc.,4.51014357,4.84,56000,928
PM5503239,Philip Morris International Inc.,4.510392803,5.125,1813000,474
AMD6026360,Advanced Micro Devices Inc.,4.510545869,4.319,130000,602
GSGR6216668,The Goldman Sachs Group Inc.,4.511605008,3.7,2000,823
DE.LZ,Deere & Co.,4.511678509,5.375,60000,1173
CVS.GU,CVS Health Corp.,4.511872847,6.25,16000,305
VZ5205719,Verizon Communications Inc.,4.512167647,3.25,145000,9085
PEP6129858,PepsiCo Inc.,4.51224437,4.3,168000,1453
MLM4498132,Martin Marietta Materials Inc.,4.512323379,3.45,5000,305
KR4408810,The Kroger Co.,4.512573426,2.65,1467000,76
NSC4661974,Norfolk Southern Corp.,4.512755065,3.8,410000,732
US713448EL82,PepsiCo Inc.,4.513041118,2.625,3000,1094
UNH4645621,UnitedHealth Group Inc.,4.513117052,3.85,4395000,685
GSGR5922155,The Goldman Sachs Group Inc.,4.513726314,4.1,75000,451
ABC4571977,Cencora Inc.,4.513881592,3.45,341000,502
PRU6234412,Prudential Financial Inc.,4.514836269,3.9,30000,1568
JNJ6009543,Johnson & Johnson,4.514846297,4.7,24727000,1309
CMCS4970504,Comcast Corp.,4.514987728,3.3,1049000,244
GSGR5889055,The Goldman Sachs Group Inc.,4.515738432,4.35,50000,1144
IBM5999342,International Business Machines Corp.,4.516234674,4.65,736000,559
WFC4269125,Wells Fargo & Co.,4.516623484,4.3,34291000,356
US40434LAB18,HP Inc.,4.517325585,3,1,321
AMGN4560540,Amgen Inc.,4.518550454,3.2,1020000,459
FISV4986740,Fiserv Inc.,4.518777139,2.25,2530000,305
MAR6153465,Marriott International Inc.,4.519129776,4.2,7668000,349
AMT4410289,American Tower Corp.,4.520377944,3.125,195000,168
BMY5754766,Bristol Myers Squibb Co.,4.522390175,4.9,272000,937
TGT4809840,Target Corp.,4.522598006,3.375,2742000,989
OKE5890647,ONEOK Inc.,4.523461305,4.25,574000,420
APH6096806,Amphenol Corp.,4.523663482,4.375,107000,682
MMC5930465,Marsh & McLennan Cos. Inc.,4.523669274,4.55,4260000,465
IBM.HB,International Business Machines Corp.,4.523887953,6.5,1407000,533
O5734725,Realty Income Corp.,4.523894256,2.1,66000,593
NSC4499298,Norfolk Southern Corp.,4.52480601,3.15,34000,305
SYK5995069,Stryker Corp.,4.525369071,4.7,764000,559
LOW.GY,Lowes Companies Inc.,4.525485953,7.2,6000,397
US025816DB21,American Express Co.,4.525883361,5.85,1,462
MSFT5828002,Microsoft Corp.,4.525943306,1.35,14200000,1507
UTX5131665,RTX Corp.,4.527689214,7.2,50000,380
CNC4976671,Centene Corp.,4.527818031,4.25,1314000,502
MRK6249691,Merck & Co. Inc.,4.5282407,3.85,1300000,958
GS6420215,The Goldman Sachs Group Inc.,4.52843855,4.75,292000,1050
GS4221623,The Goldman Sachs Group Inc.,4.528797755,3.35,60000,593
US126650DM98,CVS Health Corp.,4.528820829,1.3,1,386
STLD5059253,Steel Dynamics Inc.,4.528859286,1.65,146000,441
MS4235605,Morgan Stanley,4.529089228,3.95,2685000,266
AJGG5959037,Arthur J. Gallagher & Co.,4.529165132,4.6,3936000,502
SCHW5150648,The Charles Schwab Corp.,4.529893231,2,1198000,598
AAPL5123996,Apple Inc.,4.529939023,1.65,16919000,1653
PYPL5415326,PayPal Holdings Inc.,4.530185835,3.9,772000,305
IR5808374,Ingersoll Rand Inc.,4.530186502,5.197,336000,319
STZ5408629,Constellation Brands Inc.,4.530531691,4.35,213000,282
GSGR5900309,The Goldman Sachs Group Inc.,4.530845476,3.9,100000,426
TGT.HB,Target Corp.,4.531124603,6.65,84000,732
O5734723,Realty Income Corp.,4.532538615,3.2,41000,168
AVGO5390577,Broadcom Inc.,4.533320549,4,100000,989
GSGR5890641,The Goldman Sachs Group Inc.,4.533867829,4.25,70000,413
NOC5415133,Northrop Grumman Corp.,4.53387237,6.65,52000,533
GS.FZ,The Goldman Sachs Group Inc.,4.533974989,5.25,40000,654
GSGR5996626,The Goldman Sachs Group Inc.,4.53411525,4.85,30000,1291
AXP5407646,American Express Co.,4.53433719,4.05,1377000,1007
PM6217607,Philip Morris International Inc.,4.534913909,3.875,3702000,819
APH6217655,Amphenol Corp.,4.535089569,3.9,262000,838
US29444UBG04,Equinix Inc.,4.5355496,1.8,1,349
ADBE5784440,Adobe Inc.,4.536235882,4.8,186000,978
EOG6102469,EOG Resources Inc.,4.536281615,4.4,524000,715
DGX5874579,Quest Diagnostics Inc.,4.536739057,4.6,3655000,502
C4878330,Citigroup Inc.,4.537461806,3,8000,395
IR.HA,Trane Technologies Plc,4.53752245,6.23,48000,476
LMT6131702,Lockheed Martin Corp.,4.537711535,4.15,1583000,746
US00206RJX17,AT&T Inc.,4.537815664,2.3,1,305
PG6065520,Procter & Gamble Co.,4.537919376,4.05,238000,1370
BAC4428979,Bank of America Corp.,4.538095334,4.183,4988000,482
GS6453016,The Goldman Sachs Group Inc.,4.53881105,4.5,15000,720
SCHW4762330,The Charles Schwab Corp.,4.5393149,4,164000,916
EMR5319136,Emerson Electric Co.,4.539870253,2,950000,874
PM6065491,Philip Morris International Inc.,4.540398763,4.125,3276000,637
GOOG6308908,Alphabet Inc.,4.540593103,3.7,3918000,930
NFLX4764899,Netflix Inc.,4.541164373,4.875,4851000,624
LLY5600583,McKesson Corp.,4.541358186,4.9,889000,715
TMO5237332,Thermo Fisher Scientific Inc.,4.541699975,1.75,356000,807
UNH4779904,UnitedHealth Group Inc.,4.541999849,3.875,8766000,868
ATO4890349,Atmos Energy Corp.,4.542209546,2.625,1159000,1142
INTC5456463,Intel Corp.,4.542823292,3.75,6055000,370
JPM5047922,JPMorgan Chase & Co.,4.543428186,1.25,3000,509
AMZN5182956,Amazon.com Inc.,4.544397385,1.65,777000,651
PRU6266176,Prudential Financial Inc.,4.544565324,4.2,20000,1598
RPHC5237354,Royalty Pharma Plc,4.545519548,1.75,1049000,398
GS6458188,The Goldman Sachs Group Inc.,4.545726875,4.4,140000,1085
C5256308,Citigroup Inc.,4.545977217,1.4,16000,46
DTE5861692,DTE Energy Co.,4.546074571,4.95,37552000,335
HON6336501,Honeywell Aerospace Inc.,4.546186172,3.9,250000,594
PWR5868499,Quanta Services Inc.,4.546328074,4.75,5185000,374
JPM4997117,JPMorgan Chase & Co.,4.546380101,2,50000,496
MSI4602148,Motorola Solutions Inc.,4.546567963,4.6,35000,572
CSX.MG,CSX Corp.,4.546603325,6.8,33000,854
AVB4563759,AvalonBay Communities Inc.,4.547488995,3.2,152000,533
PG.GB,Procter & Gamble Co.,4.547658815,8,60000,1183
UNP.HF,Union Pacific Corp.,4.548083426,7.125,230000,550
AZO4482985,AutoZone Inc.,4.548187565,3.75,2728000,305
WDAY5390290,Workday Inc.,4.548753654,3.7,199000,975
CVS5029857,CVS Health Corp.,4.548862508,1.3,1465000,386
CSCO5758315,Cisco Systems Inc.,4.549307172,4.85,1594000,941
O4572011,Realty Income Corp.,4.549521011,3.65,4000,533
MRK4806277,Merck & Co. Inc.,4.549823973,3.4,4158000,950
ADI5473343,Analog Devices Inc.,4.549872664,4.25,100000,2254
DRI4483798,Darden Restaurants Inc.,4.549900255,3.85,5900000,274
PRU4613334,Prudential Financial Inc.,4.550030141,3.878,794000,605
GSGR5889056,The Goldman Sachs Group Inc.,4.551563384,4.2,125000,48
GSGR6249792,The Goldman Sachs Group Inc.,4.551731877,3.9,50000,858
ECL5500534,Ecolab Inc.,4.552103607,5.25,82000,533
HUB4526164,Hubbell Inc.,4.552118299,3.15,5000,380
AMZN6237347,Amazon.com Inc.,4.552442735,3.9,2766000,843
GS3931589,The Goldman Sachs Group Inc.,4.552658474,4,20000,838
HD5710347,The Home Depot Inc.,4.553086975,4.9,164000,989
GS5710043,The Goldman Sachs Group Inc.,4.553392428,5.55,18000,857
US09247XAP69,BlackRock Inc.,4.553440634,3.25,1,1004
AMZN5508429,Amazon.com Inc.,4.553938011,4.65,2082000,1219
DIS6310055,The Walt Disney Co.,4.554076669,3.75,6572000,957
KO4969570,The Coca-Cola Co.,4.554638444,3.45,230000,1333
HPQ4999882,HP Inc.,4.554651784,3,2940000,321
KMB.GD,Kimberly-Clark Corp.,4.554853696,6.375,7790000,519
BK5399913,The Bank of New York Mellon Corp.,4.555037263,3.85,370000,1000
LOW5059265,Lowes Companies Inc.,4.555175948,1.3,474000,624
NOC4552482,Northrop Grumman Corp.,4.555203175,3.25,2414000,533
WFC6430729,Wells Fargo & Co.,4.555297239,4.525,75000,1058
HD4842315,The Home Depot Inc.,4.55531038,2.95,5125000,1050
JD4933546,JD.com Inc.,4.555547583,3.375,5000000,1263
LLY5871810,Eli Lilly & Co.,4.556266873,4.2,3463000,1110
WMT5255645,Walmart Inc.,4.556515822,1.8,7923000,1879
PEG5499674,Public Service Enterprise Group Inc.,4.556709249,5.85,2958000,472
GSGR6230762,The Goldman Sachs Group Inc.,4.556794218,3.85,200000,841
CCI4523129,Crown Castle Inc.,4.556953916,3.65,1120000,397
LLY3699591,McKesson Corp.,4.557007245,7.65,2000000,213
SCHW4573454,The Charles Schwab Corp.,4.55900932,3.2,1329000,543
BIDU4613139,Baidu Inc.,4.559757388,4.375,200000,607
JPM5117912,JPMorgan Chase & Co.,4.560156986,1,50000,363
TMO5710959,Thermo Fisher Scientific Inc.,4.560457559,5,770000,915
BAC4191222,Bank of America Corp.,4.56077163,3.5,16000,1233
WMT6380086,Walmart Inc.,4.561342958,4.15,1324000,1734
GS5748033,The Goldman Sachs Group Inc.,4.562367841,4.9,50000,1658
JPM5137848,JPMorgan Chase & Co.,4.562394114,1.25,16000,756
MAR5472091,Marriott International Inc.,4.562449144,5,488000,441
PGR4742818,The Progressive Corp.,4.562511788,4,25000,944
GSGR5880395,The Goldman Sachs Group Inc.,4.562532661,4.4,24000,1125
PM4560582,Philip Morris International Inc.,4.562674062,3.125,406000,580
UNH6103287,UnitedHealth Group Inc.,4.562678198,4.4,510000,685
PFE4805582,Pfizer Inc.,4.563043511,3.45,1778000,958
COP5397609,ConocoPhillips,4.563799893,4.3,160000,746
CMS4454181,CMS Energy Corp.,4.564197864,3.45,1591000,380
PKG4576299,Packaging Corporation of America,4.565330598,3.4,328000,502
WDAY5390289,Workday Inc.,4.566072484,3.5,375000,244
AMZN5396182,Amazon.com Inc.,4.568230407,3.45,367000,987
US883556CK68,Thermo Fisher Scientific Inc.,4.568571658,1.75,1,807
AAPL6070270,Apple Inc.,4.569625346,4.5,2867000,2112
WMI5176920,Waste Management Inc.,4.57040661,2,914000,1036
SBUX6071257,Starbucks Corp.,4.57143511,4.5,944000,654
HON6336499,Honeywell Aerospace Inc.,4.571732252,4,50000,959
ROP5032320,Roper Technologies Inc.,4.572611723,1.4,60000,411
JNJ5811324,Johnson & Johnson,4.573071622,4.9,2067000,1766
DUK5510691,Duke Energy Corp.,4.573647421,5,155000,495
PEP5700754,PepsiCo Inc.,4.573967381,5.125,1551000,102
US025816CW76,American Express Co.,4.575249892,4.05,1,1007
SNA4456756,Snap-On Inc.,4.575383399,3.25,4000,213
DIS4908606,The Walt Disney Co.,4.575466237,7.28,200000,700
BLK4823870,BlackRock Inc.,4.575631472,3.25,265000,1004
NUE4625159,Nucor Corp.,4.576682335,3.95,25000,640
V5028512,Visa Inc.,4.578028299,1.1,922000,1660
GSGR5985911,The Goldman Sachs Group Inc.,4.578265981,4.85,50000,1273
AMAT5827120,Applied Materials Inc.,4.578320932,4.8,1549000,1050
DAL4622961,Delta Air Lines Inc.,4.578559484,4.375,90000,628
AMGN5235279,Amgen Inc.,4.579907553,1.65,3014000,746
ES5367087,Eversource Energy,4.581390468,2.9,1293000,213
MS4091050,Morgan Stanley,4.582546262,4.35,8000,914
MA4840058,Mastercard Inc.,4.582705473,2.95,2568000,1036
O5300366,Realty Income Corp.,4.585201751,2.2,1180000,685
MDLZ6067979,Mondelez International Inc.,4.586328898,4.25,321000,645
ICE6226776,Intercontinental Exchange Inc.,4.586654168,3.95,1250000,854
MPLX4979663,MPLX LP,4.586866625,4.25,165000,488
PSA5623052,Public Storage,4.586899368,5.125,373000,899
GS.ALB,The Goldman Sachs Group Inc.,4.587224221,5,32000,838
AAPL5030516,Apple Inc.,4.58750549,1.25,228000,1481
PFE6147217,Zoetis Inc.,4.588578701,4.15,13808000,748
WEC5480309,WEC Energy Group Inc.,4.58894473,5.15,214000,427
BMY5007342,Bristol Myers Squibb Co.,4.589702916,3.4,31563000,1091
AEP4563780,American Electric Power Co. Inc.,4.590537047,3.2,1757000,470
LMT5741405,Lockheed Martin Corp.,4.591932447,4.5,874000,930
KEYS4478985,Keysight Technologies Inc.,4.59218326,4.6,2285000,249
PG4969926,Procter & Gamble Co.,4.592606656,3,530000,1333
BDX.GC,Becton Dickinson & Co.,4.593145664,7,86000,366
DUK3982320,Duke Energy Corp.,4.593199083,3.35,4000,227
CAT4885131,Caterpillar Inc.,4.594646812,2.6,2585000,1146
MO5998540,Altria Group Inc.,4.595347289,4.875,454000,553
US278642AU75,eBay Inc.,4.596130058,3.6,1,309
BKNG4530421,Booking Holdings Inc.,4.59709125,3.55,200000,593
BAC6157225,Bank of America Corp.,4.597311963,4.15,50000,1445
MS3990112,Morgan Stanley,4.598303433,4,4000,613
MCD5632697,McDonalds Corp.,4.598522746,4.8,268000,745
UNH5559763,UnitedHealth Group Inc.,4.598749032,4.25,1026000,899
EFX5472701,Equifax Inc.,4.598749546,5.1,497000,502
MS4097296,Morgan Stanley,4.598820312,4.2,150000,936
BAC4175616,Bank of America Corp.,4.598877248,4.25,862000,83
EQIX4999474,Equinix Inc.,4.599053825,1.8,19513000,349
GSGR6392751,The Goldman Sachs Group Inc.,4.599181076,4.75,9000,1749
USB6387514,U.S. Bancorp,4.599390872,4.2,45000,1012
GM4527183,General Motors Co.,4.599506729,4.2,5760000,427
UNH5776239,UnitedHealth Group Inc.,4.599904735,4.7,246000,989
NFLX4826528,Netflix Inc.,4.600055062,5.875,1628000,838
AA.GI,Howmet Aerospace Inc.,4.600537781,6.75,213000,533
SCHW4836967,The Charles Schwab Corp.,4.600771191,3.25,1026000,1026
V6303410,Visa Inc.,4.601108762,4.1,680000,1657
PEP5999639,PepsiCo Inc.,4.60117699,4.6,4854000,1287
CMI5754699,Cummins Inc.,4.601272087,4.9,1345000,935
PGR.GD,The Progressive Corp.,4.601390213,6.625,29000,944
AEP5497571,American Electric Power Co. Inc.,4.601900005,5.75,120000,458
KO5045788,The Coca-Cola Co.,4.601919831,1.375,7340000,1688
DIS4880254,The Walt Disney Co.,4.602202495,2,7407000,1128
FANG5789667,Diamondback Energy Inc.,4.602216031,5.2,242000,261
DE.GF,Deere & Co.,4.602660915,8.1,100000,1384
SHW5868779,The Sherwin-Williams Co.,4.603852253,4.55,288000,579
VZ5148419,Verizon Communications Inc.,4.604437067,2.1,14039000,600
ANTM4606305,Elevance Health Inc.,4.604974914,4.101,4073000,579
CL.GO,Colgate-Palmolive Co.,4.605200784,6.45,6000,686
PSA5297060,Public Storage,4.605358908,1.95,1623000,832
NEM4881172,Newmont Corp.,4.605440677,2.8,250000,1158
V4972836,Visa Inc.,4.605582488,2.05,22111000,1354
PRU5936575,Prudential Financial Inc.,4.606215492,4.45,10000,472
EXPE5189429,Expedia Group Inc.,4.606464107,4.625,1322000,366
PM5540934,Philip Morris International Inc.,4.606492731,4.875,101000,564
SYK4605931,Stryker Corp.,4.606626587,3.65,23000,585
KO4982991,The Coca-Cola Co.,4.606669555,1.65,1215000,1401
BK5285138,The Bank of New York Mellon Corp.,4.606735239,1.9,2000,909
UNP4797257,Union Pacific Corp.,4.606771227,3.7,7227000,944
WFC5119246,Wells Fargo & Co.,4.607401736,1.35,21000,546
GS5198592,The Goldman Sachs Group Inc.,4.607403035,2,135000,868
NTRS4829077,Northern Trust Corp.,4.609533754,3.15,18000,1007
XOM4968079,Exxonmobil Corp.,4.609787258,3.482,271000,1327
MCD5812106,McDonalds Corp.,4.609984588,5,2070000,1021
PFE4666688,Zoetis Inc.,4.610941636,3.9,583000,751
KDP5766169,Keurig Dr Pepper Inc.,4.611997909,5.1,518000,227
DTE4465255,DTE Energy Co.,4.612489036,3.8,16000,227
DUK5459837,Duke Energy Corp.,4.612606503,4.3,1478000,593
AVGO6212794,Broadcom Inc.,4.613011523,1.95,6000,564
COST4977644,Costco Wholesale Corp.,4.614276399,1.75,5219000,2090
MCD4869994,McDonalds Corp.,4.614558931,2.625,619000,1128
T4833804,AT&T Inc.,4.614854127,6.95,135000,533
XEL4647470,Xcel Energy Inc.,4.615194022,4,3049000,685
CRM6337827,Salesforce Inc.,4.615493767,4.5,9658000,593
GE5592026,GE Healthcare Technologies Inc.,4.615854792,5.65,628000,472
BAC4785558,Bank of America Corp.,4.617271718,8.05,193000,319
US037833DU14,Apple Inc.,4.617442597,1.65,1,1380
MAR4618546,Marriott International Inc.,4.618112338,4,123000,624
PCG4464417,Pacific Gas & Electric Co.,4.618273801,3.3,300000,227
IBM5534363,International Business Machines Corp.,4.618554169,4.5,730000,555
BDX.GE,Becton Dickinson & Co.,4.618937226,6.7,231000,732
AMT4573944,American Tower Corp.,4.620521215,3.6,583000,533
GS3928918,The Goldman Sachs Group Inc.,4.620557243,4,30000,838
HD5710346,The Home Depot Inc.,4.620931017,4.95,300000,61
GS.ADO,The Goldman Sachs Group Inc.,4.621236161,5.75,30000,1598
STT4939201,State Street Corp.,4.621416248,2.4,671000,1273
GSGR6063791,The Goldman Sachs Group Inc.,4.621543524,4.5,30000,652
CSX4766115,CSX Corp.,4.62158253,4.25,1215000,958
AVGO5974779,Broadcom Inc.,4.62161347,4.8,1396000,624
MRO4826533,Marathon Petroleum Corp.,4.621971126,3.8,77000,610
ORLY5702604,OReilly Automotive Inc.,4.622490381,5.75,2605000,112
HPQ5892342,Hewlett Packard Enterprise Co.,4.622496991,4.4,1454000,421
UPS4872010,United Parcel Service Inc.,4.622671371,2.5,65000,1128
PYPL6394287,PayPal Holdings Inc.,4.623308268,4.55,1079000,671
ROK4804246,Rockwell Automation Inc.,4.623469498,3.5,122000,944
PG5171148,Procter & Gamble Co.,4.623558051,1.95,2118000,1727
APD5748972,Air Products & Chemicals Inc.,4.623778962,4.6,872000,923
US037833DY36,Apple Inc.,4.624001295,1.25,1,1481
NOC5415134,Northrop Grumman Corp.,4.625988186,7.75,15000,1036
O5299999,Realty Income Corp.,4.626832551,3.4,90000,533
US031162DB37,Amgen Inc.,4.626946449,1.65,20000,746
KEY4625160,KeyCorp,4.62772157,4.1,798000,639
T4763016,AT&T Inc.,4.628000482,6.375,20000,671
GSGR6262040,The Goldman Sachs Group Inc.,4.629043142,4.2,75000,1052
GEHCV6249895,GE Healthcare Technologies Inc.,4.629533789,4.15,83000,868
ADM.GH,Archer-Daniels-Midland Co.,4.62992689,7.5,30000,227
AMGN5542112,Amgen Inc.,4.631073511,5.15,5867000,580
NI5558777,NiSource Inc.,4.631368421,5.25,2558000,608
MDLZ4629948,Mondelez International Inc.,4.631443879,4.125,846000,646
SBUX4605965,Starbucks Corp.,4.631536634,3.5,136000,579
US191216CV08,The Coca-Cola Co.,4.631719454,1.65,1,1401
UNH5415941,UnitedHealth Group Inc.,4.632660112,4,914000,1019
PG5070658,Procter & Gamble Co.,4.633186312,1.2,263000,1551
VZ5515471,Verizon Communications Inc.,4.633238562,4.7,15000,1233
AA6315587,Howmet Aerospace Inc.,4.633341689,3.75,359000,581
AAPL5231624,Apple Inc.,4.633765849,1.7,4062000,1831
WMI.GF,Waste Management Inc.,4.633812035,7,496000,715
GS5308485,The Goldman Sachs Group Inc.,4.63404445,1.95,40000,122
US031162DB37,Amgen Inc.,4.634192079,1.65,1,746
MMM4797922,3M Co.,4.63427866,3.375,3036000,944
PM5647295,Philip Morris International Inc.,4.634566427,5.25,1407000,769
PRU6404367,Prudential Financial Inc.,4.635305008,4.65,10000,1749
CL5548811,Colgate-Palmolive Co.,4.63532025,4.6,443000,2405
BAC6342840,Bank of America Corp.,4.635634847,4.25,100000,962
WMI6114062,Waste Management Inc.,4.636399705,3.875,248000,899
AAPL4984120,Apple Inc.,4.637028892,1.65,370000,1380
GSGR5996627,The Goldman Sachs Group Inc.,4.637171698,4.65,220000,560
D6071097,Dominion Energy Inc.,4.637227769,4.6,104000,654
LMT.GQ,Lockheed Martin Corp.,4.637555654,8.5,38000,1219
ETE5667025,Energy Transfer LP,4.637896712,6.05,5337000,123
BDX5537346,Becton Dickinson & Co.,4.638645811,4.693,520000,562
UPS4808741,United Parcel Service Inc.,4.638660401,3.4,625000,958
JNJ6009544,Johnson & Johnson,4.639533928,4.85,7634000,2040
STLD6238629,Steel Dynamics Inc.,4.639775355,4,558000,868
FB5868522,Meta Platforms Inc.,4.63990703,4.3,1439000,1111
VZ5201207,Verizon Communications Inc.,4.640012009,3.35,256000,9085
TXN5748153,Texas Instruments Incorporated,4.640310627,4.6,608000,923
US92343VGH15,Verizon Communications Inc.,4.640380568,2.1,1,600
OKE5633310,ONEOK Inc.,4.640401669,5.55,1030000,93
LHX4974552,L3Harris Technologies Inc.,4.640433333,4.4,916000,685
WFC6324535,Wells Fargo & Co.,4.640447199,4.15,65000,1310
JNJ.GM,Johnson & Johnson,4.641462865,4.95,570000,2480
GSGR5927558,The Goldman Sachs Group Inc.,4.641649248,4.15,40000,456
US037833EP10,Apple Inc.,4.641937406,3.35,1,2200
TXN4876661,Texas Instruments Incorporated,4.642079808,2.25,2986000,1131
DTE6009362,DTE Energy Co.,4.642127983,5.2,1751000,1340
SBUX6071061,Starbucks Corp.,4.643138653,4.8,28000,1384
BAC6207792,Bank of America Corp.,4.643166414,4.15,81000,812
HEI5620574,HEICO Corp.,4.64326809,5.25,1588000,732
INTU5651457,Intuit Inc.,4.643792364,5.125,1549000,777
ABBV5758814,AbbVie Inc.,4.644666085,4.8,11279000,958
USU1109MAP15,Broadcom Inc.,4.644955632,1.95,1,564
XOM4976385,Exxonmobil Corp.,4.645837428,2.61,10114000,1537
WMT5472138,Walmart Inc.,4.645884571,4.15,2967000,2232
GS6433249,The Goldman Sachs Group Inc.,4.645924359,4.5,180000,1064
LOW5258171,Lowes Companies Inc.,4.645975685,1.7,1941000,777
PRU6432214,Prudential Financial Inc.,4.646318702,4.65,21000,1780
ABT6321060,Abbott Laboratories,4.646382297,3.7,4603000,952
MA6417970,Mastercard Inc.,4.646719572,4.425,4199000,1043
KO5176954,The Coca-Cola Co.,4.646868813,2.25,1620000,1984
ADP5029293,Automatic Data Processing Inc.,4.647049614,1.25,82000,1493
GS6458187,The Goldman Sachs Group Inc.,4.647066328,4.6,30000,1816
AMT5591553,American Tower Corp.,4.647245545,5.25,310000,715
ICE4664032,Intercontinental Exchange Inc.,4.647370908,3.75,126000,783
TDY5145782,Teledyne Technologies Inc.,4.647675002,2.25,2454000,610
BK5115708,The Bank of New York Mellon Corp.,4.647781942,1.65,220000,1642
BIDU4766636,Baidu Inc.,4.648164835,4.875,1301000,837
EBAY4502781,eBay Inc.,4.64962996,3.6,509000,309
GSGR6392750,The Goldman Sachs Group Inc.,4.649790129,4.65,20000,1749
HSY6010275,The Hershey Co.,4.650414682,4.75,2133000,1304
PRU6018740,Prudential Financial Inc.,4.650535341,4.6,60000,1323
DIS4969020,The Walt Disney Co.,4.650732164,3.8,759000,1330
BABA6202062,Alibaba Group Holding Ltd.,4.651580217,4.875,1000000,1395
JPM5190758,JPMorgan Chase & Co.,4.651754454,2,10000,1216
GSGR6153291,The Goldman Sachs Group Inc.,4.652363957,4,30000,753
TTWO5570096,Take-Two Interactive Software Inc.,4.652781249,4.95,4459000,606
BAC6325412,Bank of America Corp.,4.653101413,4.25,80000,1221
NFLX4908613,Netflix Inc.,4.653126719,6.375,1348000,1019
KDP4843951,Keurig Dr Pepper Inc.,4.653356086,4.597,139000,664
LOW6184391,Lowes Companies Inc.,4.653805307,4,754000,807
COST4977643,Costco Wholesale Corp.,4.6542827,1.6,7189000,1359
GILD6397432,Gilead Sciences Inc.,4.654621909,4.4,5636000,1024
GS.JFF,The Goldman Sachs Group Inc.,4.654906343,5.15,30000,380
MLM4574404,Martin Marietta Materials Inc.,4.65544789,3.5,238000,502
UTX5698935,RTX Corp.,4.655530662,5.75,156000,899
PSA4820761,Public Storage,4.655850337,3.385,139000,1005
GLW.GI,Corning Inc.,4.655988199,6.85,40000,944
VLO4634651,Valero Energy Corp.,4.656004487,4.35,315000,671
FIS5442202,Fidelity National Information Services Inc.,4.656814698,4.7,2700000,349
IR5808289,Ingersoll Rand Inc.,4.657256951,5.176,1592000,1050
BA4983332,The Boeing Co.,4.657758474,5.04,727000,274
DRI5906745,Darden Restaurants Inc.,4.657906771,4.35,1187000,441
TRGP5434323,Targa Resources Corp.,4.658301595,5.2,25903000,335
MS6148606,Morgan Stanley,4.658975087,4,75000,745
NSC.JN,Norfolk Southern Corp.,4.66049135,5.64,170000,1021
COP5397610,ConocoPhillips,4.661971327,3.75,110000,427
MRK6165796,Merck & Co. Inc.,4.662058324,4.15,79000,1507
GS3963861,The Goldman Sachs Group Inc.,4.662340898,4,40000,1660
UPS4969029,United Parcel Service Inc.,4.662487693,4.45,561000,1340
PPG4602682,PPG Industries Inc.,4.662650826,3.75,114000,593
DGX4807226,Quest Diagnostics Inc.,4.662720392,4.2,94000,1065
STZ4593519,Constellation Brands Inc.,4.66293948,3.6,268000,564
GSGR6230771,The Goldman Sachs Group Inc.,4.663102717,4.2,50000,1552
LEN4565997,Lennar Corp.,4.663832204,4.75,439000,486
BABA5126325,Alibaba Group Holding Ltd.,4.664020768,2.125,700000,1654
AMP5699900,Ameriprise Financial Inc.,4.664038052,5.7,3079000,868
EFX.GC,Equifax Inc.,4.664629088,6.9,9000,701
MMM4874222,3M Co.,4.664806947,2.375,2970000,1122
PEP5057800,PepsiCo Inc.,4.664924808,1.4,1875000,1670
KMB4824926,Kimberly-Clark Corp.,4.665265803,3.2,4682000,999
GSGR5938768,The Goldman Sachs Group Inc.,4.66576953,4.2,125000,110
VLO5042754,Valero Energy Corp.,4.666135027,2.15,1286000,411
AEE5139512,Ameren Corp.,4.666561004,1.75,684000,593
US037833EJ59,Apple Inc.,4.667469328,1.7,1,1831
UNH4862953,UnitedHealth Group Inc.,4.668323733,2.875,766000,1111
CRM4619522,Salesforce Inc.,4.66867161,3.7,1284000,620
C5391988,Citigroup Inc.,4.668731374,3.9,50000,265
GILD5939388,Gilead Sciences Inc.,4.66875922,4.8,6598000,1203
BAC6147092,Bank of America Corp.,4.668760223,4.55,80000,928
OTIS5634792,Otis Worldwide Corp.,4.669242477,5.25,1294000,747
PSX4605970,Phillips 66,4.669835237,3.9,1017000,593
GSGR6372206,The Goldman Sachs Group Inc.,4.669941443,4.3,10000000,637
COF4591914,Capital One Financial Corp.,4.669957422,3.8,808000,549
LLY6003481,Eli Lilly & Co.,4.670136898,4.75,3241000,1292
C6193257,Citigroup Inc.,4.670521679,4.05,60000,809
MS6277600,Morgan Stanley,4.671216845,4,3000,1623
US64110LAX47,Netflix Inc.,4.672198847,6.375,12000,1019
NVDA6427662,NVIDIA Corp.,4.672826853,4.35,47321000,1050
C6381645,Citigroup Inc.,4.673035682,4.675,10000,1749
PNC4822619,The PNC Financial Services Group Inc.,4.673395436,3.45,3129000,997
CAT4974301,Caterpillar Inc.,4.673470502,2.6,412000,1348
LUV4565970,Southwest Airlines Co.,4.673763005,3.45,3220000,473
ICE5892085,Intercontinental Exchange Inc.,4.673813927,3.625,378000,763
WMI5625777,Waste Management Inc.,4.673839559,4.875,3619000,930
CVS4608028,CVS Health Corp.,4.674879301,4.3,4727000,603
ANTM6169845,Elevance Health Inc.,4.675118841,4,1029000,777
PG5530622,Procter & Gamble Co.,4.675486247,4.05,186000,2371
AVB4832158,AvalonBay Communities Inc.,4.67562256,3.3,609000,1036
FDX6229581,FedEx Corp.,4.676880023,4.2,10000,809
MCO4775913,Moodys Corp.,4.677551211,4.25,5010000,916
AMGN5364491,Amgen Inc.,4.677601576,3,1574000,937
PM6379605,Philip Morris International Inc.,4.677763515,4.125,1067000,1001
BIDU4973338,Baidu Inc.,4.678490025,3.425,238000,1346
GSGR5927556,The Goldman Sachs Group Inc.,4.678617894,4.45,12000,1917
VZ4719974,Verizon Communications Inc.,4.678793742,4.329,4519000,783
MAR4768057,Marriott International Inc.,4.678839239,4.65,172000,854
BK4418367,The Bank of New York Mellon Corp.,4.678858536,3,141000,822
A2SAF3,Netflix Inc.,4.678965249,6.375,2000,1019
T5022057,AT&T Inc.,4.679286601,1.65,1194000,550
FISV5761677,Fiserv Inc.,4.680055739,5.15,332000,227
BA4602174,The Boeing Co.,4.680414453,3.25,583000,579
LRCX4803609,Lam Research Corp.,4.680578643,4,232000,958
KO5141472,The Coca-Cola Co.,4.680830816,2,1311000,1678
EQIX5050786,Equinix Inc.,4.681256611,1.55,67000,593
AMT5080793,American Tower Corp.,4.681353954,1.5,1023000,549
WFC5452495,Wells Fargo & Co.,4.681473246,4.6,3000,362
FCX5014831,Freeport-McMoRan Inc.,4.681583145,4.375,1170000,732
US63111XAH44,Nasdaq Inc.,4.681688498,5.35,12000,698
XEL6033618,Xcel Energy Inc.,4.681806945,4.75,792000,599
MCD4971143,McDonalds Corp.,4.681944258,3.6,1176000,1431
ABT5005072,Abbott Laboratories,4.681961498,1.4,1173000,1430
AEP4773531,American Electric Power Co. Inc.,4.68233138,4.3,820000,854
BA5072876,The Boeing Co.,4.682434797,3.25,1670000,550
MCD6017956,McDonalds Corp.,4.682465597,4.6,462000,1384
PEP4968012,PepsiCo Inc.,4.682493965,2.75,1274000,1327
HPQ5425716,HP Inc.,4.682659968,4.75,249000,533
DTE5584906,DTE Energy Co.,4.682797047,4.875,1479000,671
INTC5538520,Intel Corp.,4.682881102,4.875,831000,559
GSGR5900307,The Goldman Sachs Group Inc.,4.683692426,4.25,10000,1887
GS4078792,The Goldman Sachs Group Inc.,4.684023047,4.5,16000,1598
ADM.GM,Archer-Daniels-Midland Co.,4.684148997,7,1125000,1646
NFLX4826239,Netflix Inc.,4.684481112,5.375,522000,1203
ATO.GA,Atmos Energy Corp.,4.684486762,6.75,3502000,715
ROP6144995,Roper Technologies Inc.,4.684631078,4.25,357000,777
NOC5744481,Northrop Grumman Corp.,4.684798053,4.6,319000,916
SBUX5748272,Starbucks Corp.,4.685323686,4.85,674000,192
US609207BC87,Mondelez International Inc.,4.686305045,4.75,27000,935
AVB5298640,AvalonBay Communities Inc.,4.68661535,1.9,300000,854
GSGR6320690,The Goldman Sachs Group Inc.,4.687391769,4,60000,574
IBM6299794,International Business Machines Corp.,4.687535174,4,626000,918
AMZN6448288,Amazon.com Inc.,4.687703768,4.6,99332000,1074
US713448EZ78,PepsiCo Inc.,4.687832833,1.625,1,1370
RF5237267,Regions Financial Corp.,4.688207122,1.8,2483000,743
D4639803,Dominion Energy Inc.,4.688654617,4.25,888000,671
T4763005,AT&T Inc.,4.689001165,6.55,40000,533
BAC6402307,Bank of America Corp.,4.689002419,4.4,75000,1026
LMT6131494,Lockheed Martin Corp.,4.689287066,4.4,1901000,1476
MO5678104,Altria Group Inc.,4.689618152,6.2,2198000,824
EXPE4583779,Expedia Group Inc.,4.689620117,3.8,2768000,564
RSG5558482,Republic Services Inc.,4.689760577,4.875,1050000,975
FITB4610045,Fifth Third Bancorp,4.689825948,3.95,515000,592
APH4785855,Amphenol Corp.,4.690100211,4.35,5046000,1036
FDX6201189,FedEx Corp.,4.690214314,3.4,828000,564
BAC6289624,Bank of America Corp.,4.6902707,4.1,12000,907
OTIS6386587,Otis Worldwide Corp.,4.690598231,4.488,795000,1011
SRE4504616,Sempra,4.692344465,3.25,511000,319
TMO4889243,Thermo Fisher Scientific Inc.,4.692919737,2.6,54000,1158
WFC4972538,Wells Fargo & Co.,4.693349666,4.1,178000,1341
AAPL5584914,Apple Inc.,4.693815178,4.3,4465000,2475
MDLZ5755555,Mondelez International Inc.,4.693841643,4.75,310000,935
WFC5924194,Wells Fargo & Co.,4.694424605,4.55,280000,820
GS3969877,The Goldman Sachs Group Inc.,4.694425299,4,9000,1660
PFG4423264,Principal Financial Group Inc.,4.694553677,3.1,140000,107
MS6455497,Morgan Stanley,4.69496288,4.7,275000,2181
US02079KAD90,Alphabet Inc.,4.695862742,1.1,1,1476
SBUX4830106,Starbucks Corp.,4.695937152,3.55,2157000,1111
WMB5630756,The Williams Cos. Inc.,4.695977915,5.3,3994000,746
C5149040,Citigroup Inc.,4.696339658,1.5,95000,594
ECL6401157,Ecolab Inc.,4.696425015,4.6,4920000,1050
FDX6203639,FedEx Corp.,4.696547402,3.1,551000,1101
JPM6379108,JPMorgan Chase & Co.,4.696691506,4.2,395000,1004
US037833EV87,Apple Inc.,4.697357554,4.3,1,2475
MRK5584923,Merck & Co. Inc.,4.697646261,4.3,959000,1386
BIDU4514048,Baidu Inc.,4.697756532,3.625,5059000,340
KMI4602493,Kinder Morgan Inc.,4.697905355,4.3,651000,579
MA5302962,Mastercard Inc.,4.697935153,2,6228000,1936
GSGR5916988,The Goldman Sachs Group Inc.,4.698429595,3.85,60000,447
AMZN6336478,Amazon.com Inc.,4.69853713,4,17701000,956
FCX4954559,Freeport-McMoRan Inc.,4.69889664,4.125,1465000,579
MMM4404424,3M Co.,4.698897271,2.25,1424000,50
TGT.GZ,Target Corp.,4.699632915,6.75,18000,519
SYY.GE,Sysco Corp.,4.699762438,6.5,6000,732
MAR5652036,Marriott International Inc.,4.699935323,5.55,5973000,807
CL5455601,Colgate-Palmolive Co.,4.700218466,3.25,90000,2207
SBUX4665313,Starbucks Corp.,4.700313472,4,1632000,838
EXC5543121,Exelon Corp.,4.700350943,5.15,812000,593
MS6263573,Morgan Stanley,4.701045304,4,30000,1601
SHW6136477,The Sherwin-Williams Co.,4.701080475,4.3,730000,746
TMUS5190119,T-Mobile USA Inc.,4.701142981,2.05,12514000,564
PRU6424529,Prudential Financial Inc.,4.701328092,4.7,10000,1780
O5735722,Realty Income Corp.,4.70136979,4,13178000,1080
ETR5142418,Entergy Corp.,4.701611108,1.9,114000,685
PM5752073,Philip Morris International Inc.,4.701654374,4.875,2360000,928
CI4866405,The Cigna Group,4.701828039,4.375,8101000,807
MRVL5260820,Marvell Technology Inc.,4.702352674,2.45,430000,624
CVX4985689,Chevron Corp.,4.703022606,2.236,4742000,1380
SYK5886354,Stryker Corp.,4.703075034,4.25,1366000,1138
WFC4788976,Wells Fargo & Co.,4.703848569,4.15,8884000,908
WFC4977121,Wells Fargo & Co.,4.704290559,3,20000,626
TMUS5584908,T-Mobile USA Inc.,4.704517197,4.8,385000,715
DIS4907443,The Walt Disney Co.,4.704660924,7.3,134000,639
JPM5030437,JPMorgan Chase & Co.,4.704866177,1.35,18000,933
WEC5317613,WEC Energy Group Inc.,4.704867485,2.2,934000,868
ORCL5535831,Oracle Corp.,4.705055196,4.5,8368000,645
ALL5835130,The Allstate Corp.,4.705233793,5.05,4023000,1059
MCHP5960316,Microchip Technology Inc.,4.706029316,4.9,1440000,593
PRU4962851,Prudential Financial Inc.,4.706223365,2.1,122000,1318
ILMN5508412,Illumina Inc.,4.706521539,5.75,600000,500
US345370CR99,Ford Motor Co.,4.706525662,4.346,28000,130
US126650CX62,CVS Health Corp.,4.706891003,4.3,1,603
AA5243241,Howmet Aerospace Inc.,4.707001569,3,254000,899
LOW.GB,Lowes Companies Inc.,4.707091477,6.875,4510000,564
C5272541,Citigroup Inc.,4.707220958,2,100000,1176
BA5949320,The Boeing Co.,4.707380874,6.259,174000,274
KR.GK,The Kroger Co.,4.707674737,8,4030000,1142
HPQ5598904,Hewlett Packard Enterprise Co.,4.707912163,5.25,66000,701
AAPL5584913,Apple Inc.,4.708229194,4.15,354000,1379
IFF4714704,International Flavors & Fragrances Inc.,4.708461964,4.45,1977000,788
WFC6192011,Wells Fargo & Co.,4.708867528,4.05,105000,1159
O6188540,Realty Income Corp.,4.708988194,3.95,1440000,916
NDAQ5607190,Nasdaq Inc.,4.709050424,5.35,405000,698
AEP5715022,American Electric Power Co. Inc.,4.709424289,5.2,4631000,899
GOOG5025306,Alphabet Inc.,4.710513129,1.1,1286000,1476
KR4785909,The Kroger Co.,4.710711687,4.5,388000,899
NKE4971168,NIKE Inc.,4.711808013,2.85,2509630,1335
AIG4611976,American International Group Inc.,4.711850979,4.2,650000,610
US2079KAD9,Alphabet Inc.,4.712131743,1.1,12000,1476
WFC5933879,Wells Fargo & Co.,4.712431235,4.7,585000,830
C5204852,Citigroup Inc.,4.71318858,2,31000,871
SNPS6020492,Synopsys Inc.,4.713198363,4.65,846000,610
SPGI6249907,S&P Global Inc.,4.713253775,4.25,60000,1629
MMC4786493,Marsh & McLennan Cos. Inc.,4.713515861,4.375,3405000,958
DUK5728076,Duke Energy Corp.,4.714005817,4.85,1988000,889
PEP4982981,PepsiCo Inc.,4.714808126,1.625,420000,1370
HON4866657,Honeywell International Inc.,4.714961718,2.7,2201000,1111
VZ4795624,Verizon Communications Inc.,4.71537418,3.875,2137000,923
GOOG6065580,Alphabet Inc.,4.715415784,4,227000,1384
PEP5447004,PepsiCo Inc.,4.715558884,3.9,3805000,2179
ETE5510699,Energy Transfer LP,4.715634484,5.55,4471000,564
PWR6141782,Quanta Services Inc.,4.715882786,4.3,1110000,740
AVGO5015635,Broadcom Inc.,4.716371318,4.75,8949000,989
CVS5596384,CVS Health Corp.,4.716506858,5,1905000,914
ABC6310082,Cencora Inc.,4.716563287,3.95,3829000,928
AEE5704347,Ameren Corp.,4.716625565,5.7,2196000,123
US458140BT64,Intel Corp.,4.716701143,1.6,1,743
KNVU5673058,Kenvue Inc.,4.717369977,5.05,525000,600
FDX6205514,FedEx Corp.,4.717564755,4.25,50000,1384
DHR5890697,Veralto Corp.,4.718306554,5.35,1071000,780
C4384585,Citigroup Inc.,4.718320816,4.125,8298000,725
MPLX4595695,MPLX LP,4.718443141,4,1864000,593
CSCO6010619,Cisco Systems Inc.,4.718743156,4.75,3682000,1304
AZO5837988,AutoZone Inc.,4.718751252,5.1,17979000,1080
C6315737,Citigroup Inc.,4.718829073,4,50000,942
BMY5077468,Bristol Myers Squibb Co.,4.719177807,1.45,284000,1566
BIDU5058337,Baidu Inc.,4.719629301,2.375,32000,1531
ICE5414186,Intercontinental Exchange Inc.,4.720735417,4.35,3088000,1050
GS.ATK,The Goldman Sachs Group Inc.,4.72076734,5.5,30000,868
PYPL6020597,PayPal Holdings Inc.,4.721150535,4.45,3805000,584
C6300801,Citigroup Inc.,4.721387351,4,15000,928
USB6064704,U.S. Bancorp,4.722068617,5,4000,1369
VRSK4804230,Verisk Analytics Inc.,4.722827462,4.125,231000,958
EFX5584339,Equifax Inc.,4.722839296,5.1,375000,671
INTC5755324,Intel Corp.,4.72298618,5,792000,1666
SRE4585625,Sempra,4.723948664,3.4,2453000,550
NVDA4971916,NVIDIA Corp.,4.724389686,2.85,827000,1340
SCHW4969546,The Charles Schwab Corp.,4.724560881,4.625,100000,1330
BAC6317765,Bank of America Corp.,4.724875337,4.05,40000,938
BIDU5243137,Baidu Inc.,4.724910089,2.375,7042000,1849
NI5833901,NiSource Inc.,4.725283186,5.2,10247000,1066
AMT5549085,American Tower Corp.,4.7254777,5.5,36000,593
GS5268643,The Goldman Sachs Group Inc.,4.725617939,2.25,25000,1887
AMGN5463175,Amgen Inc.,4.726124257,4.05,942000,1114
HD4971787,The Home Depot Inc.,4.726309157,2.7,1277000,1354
WFC6081015,Wells Fargo & Co.,4.726513493,4.8,18000,1026
KMI5744396,Kinder Morgan Inc.,4.726678418,5,3596000,916
ES4583818,Eversource Energy,4.726882717,3.3,93000,533
ES5549902,Eversource Energy,4.726929225,5.45,885000,579
T4763018,AT&T Inc.,4.7274177,4.1,9396000,564
TGT4939186,Target Corp.,4.72817711,2.35,3518000,1295
LRCX4808737,KLA Corp.,4.729018022,4.1,750000,958
ABNB6339014,Airbnb Inc.,4.729332234,4.4,1634000,959
JPM6250733,JPMorgan Chase & Co.,4.729530748,4,17000,1319
ADBE5981252,Adobe Inc.,4.730752963,4.95,480000,1266
MA4970637,Mastercard Inc.,4.731063433,3.35,2261000,1334
PCG5011980,Pacific Gas & Electric Co.,4.731489538,3.75,435000,701
IR5632041,Ingersoll Rand Inc.,4.731571496,5.4,322000,745
SPGI5550655,S&P Global Inc.,4.731909623,4.25,2595000,1005
SYK5714199,Stryker Corp.,4.731941241,4.85,178000,861
MET4969015,MetLife Inc.,4.732065542,4.55,2471000,1331
WFC4990645,Wells Fargo & Co.,4.732100611,2.25,30000,845
RSG5834199,Republic Services Inc.,4.732410862,5,238000,1203
ABBV5084327,AbbVie Inc.,4.732497569,3.2,11180000,1209
EQIX5178902,Equinix Inc.,4.732723129,2,40000,654
MRK5002722,Merck & Co. Inc.,4.733015279,1.45,2212000,1424
CSX4880194,CSX Corp.,4.733195021,2.4,1503000,1295
PRU5961038,Prudential Financial Inc.,4.733591556,4.3,15000,1233
CI5748289,The Cigna Group,4.733636304,5,1710000,1019
GSGR6135766,The Goldman Sachs Group Inc.,4.734056321,4,9000,731
VZ5185068,Verizon Communications Inc.,4.734432505,2.35,27000,1749
DG4615522,Dollar General Corp.,4.734490714,4.125,2000,640
INTC5238072,Intel Corp.,4.734602532,1.6,3714000,743
NEM5718765,Newmont Corp.,4.734884715,3.25,471000,1382
DG5598910,Dollar General Corp.,4.735505653,5.2,8272000,705
GS5748050,The Goldman Sachs Group Inc.,4.736926613,5,39000,1658
GS4016790,The Goldman Sachs Group Inc.,4.737596476,4,12000,1050
PG6217392,Procter & Gamble Co.,4.737628629,4.1,3832000,2287
HD6170007,The Home Depot Inc.,4.737857866,3.95,2686000,1507
PCG5425724,Pacific Gas & Electric Co.,4.737860172,5.45,830000,319
DIS4986750,The Walt Disney Co.,4.737986618,2.65,4855000,1627
DE4971172,Deere & Co.,4.738278101,3.1,10000,1354
CMCS4729177,Comcast Corp.,4.739103961,4.15,7236000,807
T4762512,AT&T Inc.,4.73923134,7.875,78000,1295
DLTR4619535,Dollar Tree Inc.,4.739239523,4.2,1150000,654
PYPL4986743,PayPal Holdings Inc.,4.739251576,2.3,32000,1401
RCL4568009,Royal Caribbean Group,4.73948764,3.7,825000,593
US031162DH07,Amgen Inc.,4.739513447,4.05,1,1114
WMI5539001,Waste Management Inc.,4.73954815,4.625,421000,1295
CAT5142393,Caterpillar Inc.,4.739574506,1.9,982000,1685
JPM6158862,JPMorgan Chase & Co.,4.739628407,4.4,125000,1490
NTRS6232582,Northern Trust Corp.,4.739956289,4.15,1419000,1572
ES4778241,Eversource Energy,4.740101826,4.25,76000,975
CME6020518,CME Group Inc.,4.740116819,4.4,901000,1323
HSY4995133,The Hershey Co.,4.741325379,1.7,41000,1401
C5401486,Citigroup Inc.,4.741992188,4.2,4000,272
UNP4943700,Union Pacific Corp.,4.742590034,2.4,527000,1285
PRU6035280,Prudential Financial Inc.,4.742678932,4.5,10000,1323
UPS6075095,United Parcel Service Inc.,4.743819814,4.65,3113000,1537
APD5748962,Air Products & Chemicals Inc.,4.743854918,4.75,672000,1653
PH4843164,Parker-Hannifin Corp.,4.744031316,3.25,1774000,1049
MRVL5305875,Marvell Technology Inc.,4.744085111,4.875,204000,692
C6165855,Citigroup Inc.,4.744356356,4.3,18000,780
CAT.HOH,Caterpillar Inc.,4.744520394,8.25,8000,4520
USB4863434,U.S. Bancorp,4.744717427,3,18721000,1095
FIS5138426,Fidelity National Information Services Inc.,4.744730838,1.65,197000,579
C5892111,Citigroup Inc.,4.745021949,4.4,46000,1154
STZ4749628,Constellation Brands Inc.,4.746099422,4.65,568000,838
LLY6153507,Eli Lilly & Co.,4.746166875,4.25,4566000,1688
OKE4647006,ONEOK Inc.,4.746326749,4.55,883000,715
GSGR5834063,The Goldman Sachs Group Inc.,4.746409486,4.9,10000,1790
TJX5082157,The TJX Cos. Inc.,4.74658288,1.6,88000,1749
US58933YAZ88,Merck & Co. Inc.,4.747011555,1.45,1,1424
BLK4981615,BlackRock Inc.,4.747342237,1.9,125000,1642
JPM6407615,JPMorgan Chase & Co.,4.747843191,4.7,30000,1763
WAB4688160,Westinghouse Air Brake Technologies Corp.,4.747947428,4.7,712000,777
AA6315586,Howmet Aerospace Inc.,4.748428794,3.9,2741000,989
PM4828101,Philip Morris International Inc.,4.748727826,3.375,444000,1111
STT6016610,State Street Corp.,4.748879916,4.729,125000,1308
HPQ6170132,Hewlett Packard Enterprise Co.,4.749107948,4.05,995000,411
TGT.HR,Target Corp.,4.750475294,7,44000,1810
KEY4946900,KeyCorp,4.750549955,2.25,825000,249
JNJ4077468,Johnson & Johnson,4.750893627,4.375,515000,2684
JPM6308270,JPMorgan Chase & Co.,4.751112146,4.35,27000,1658
LLY5887229,McKesson Corp.,4.751711347,4.25,780000,1142
CAH5754691,Cardinal Health Inc.,4.752773254,5.125,306000,930
O4846273,Realty Income Corp.,4.752841454,3.25,1278000,1050
KR.GI,The Kroger Co.,4.753162421,7.7,34000,1036
AEE5721177,Ameren Corp.,4.75336377,5,727000,899
GS6410041,The Goldman Sachs Group Inc.,4.754114608,5,30000,2492
C5223935,Citigroup Inc.,4.754802292,2,375000,1279
CCI5524571,Crown Castle Inc.,4.754813327,5,1337000,529
JPM6239803,JPMorgan Chase & Co.,4.755299721,4.2,50000,1580
GSGR5829277,The Goldman Sachs Group Inc.,4.756148013,5.1,50000,1049
MA5142474,Mastercard Inc.,4.756204714,1.9,701000,1688
VZ5185067,Verizon Communications Inc.,4.756284612,3.35,42000,9054
AMT5651425,American Tower Corp.,4.756801658,5.8,2296000,838
O5731050,Realty Income Corp.,4.756859928,4.75,468000,930
GS6420241,The Goldman Sachs Group Inc.,4.757133293,4.55,6000,1036
PRU5877988,Prudential Financial Inc.,4.757683149,4.25,30000,1111
PEP5276472,PepsiCo Inc.,4.758786326,1.95,3722000,1908
QCOM6080801,QUALCOMM Inc.,4.76009702,4.5,90000,1389
GS4393755,The Goldman Sachs Group Inc.,4.760639439,3,6000,1111
DE.GG,Deere & Co.,4.760739915,7.125,60000,1676
GS6464486,The Goldman Sachs Group Inc.,4.760765953,4.7,556000,731
HPQ6170141,Hewlett Packard Enterprise Co.,4.760851237,4.15,4026000,777
EBAY5500360,eBay Inc.,4.761129269,5.95,365000,479
GEHCV5868518,GE Healthcare Technologies Inc.,4.761176805,4.8,5916000,1110
BA4456338,The Boeing Co.,4.761425318,2.8,380000,213
ABBV6009612,AbbVie Inc.,4.761807774,4.875,4583000,1323
C4914383,Citigroup Inc.,4.761853439,3,20000,1209
EXC5759252,Exelon Corp.,4.763129001,5.15,2535000,958
PH5425730,Parker-Hannifin Corp.,4.763193242,4.5,488000,1142
WFC6098912,Wells Fargo & Co.,4.763990237,4.75,236000,1051
GSGR6054370,The Goldman Sachs Group Inc.,4.764766298,4.4,30000,1360
BDX5748117,Becton Dickinson & Co.,4.765231454,4.874,6508000,923
OMC6288618,Omnicom Group Inc.,4.765289712,4.65,455000,793
PM5930383,Philip Morris International Inc.,4.765492988,4.625,84000,1189
US254687FX90,The Walt Disney Co.,4.766192805,2.65,1,1627
LHX5770994,L3Harris Technologies Inc.,4.767131512,5.05,1293000,1036
NSC4902924,Norfolk Southern Corp.,4.767482327,2.55,122000,1189
GS5770857,The Goldman Sachs Group Inc.,4.767572309,5,42000,1687
CMCS4594882,Comcast Corp.,4.768666829,3.55,1808000,640
TXN6082143,Texas Instruments Incorporated,4.768988996,4.5,1719000,1392
EQT4547950,EQT Corp.,4.769044415,3.9,683000,427
SPGI4914620,S&P Global Inc.,4.769570304,2.5,1055000,1219
KMB4970493,Kimberly-Clark Corp.,4.770126862,3.1,107000,1334
CVS5808339,CVS Health Corp.,4.770750868,5.4,1617000,1036
STZ5731720,Constellation Brands Inc.,4.771482475,4.8,1641000,899
DIS6310054,The Walt Disney Co.,4.771867683,4,5603000,1687
WMI5930237,Waste Management Inc.,4.772217309,4.65,1579000,1323
KDP6064955,Keurig Dr Pepper Inc.,4.773232077,4.35,1669000,654
RSG6032511,Republic Services Inc.,4.773364288,4.75,1367000,1445
ANTM5815443,Elevance Health Inc.,4.773872207,5.15,2284000,1050
ADI6099812,Analog Devices Inc.,4.773881379,4.5,1441000,1415
LOW4817954,Lowes Companies Inc.,4.774024249,3.65,966000,979
CME5371798,CME Group Inc.,4.774231831,2.65,1022000,2054
MAR5757394,Marriott International Inc.,4.774497502,4.875,3000,1019
DUK4842656,Duke Energy Corp.,4.774503943,3.4,425000,1050
PFE6238671,Pfizer Inc.,4.77455973,4.2,3752000,1568
TGT5472109,Target Corp.,4.775296267,4.5,2138000,2238
GD4969908,General Dynamics Corp.,4.775454276,3.625,2827000,1340
STT6060074,State Street Corp.,4.776074659,4.834,449000,1363
JPM6155056,JPMorgan Chase & Co.,4.776263546,4.5,150000,1482
TMUS5109956,T-Mobile USA Inc.,4.776405812,2.625,1093000,930
DTE5752835,DTE Energy Co.,4.776606931,5.1,1333000,944
KMI5855115,Kinder Morgan Inc.,4.776632714,5.1,1974000,1097
HD5106412,The Home Depot Inc.,4.77686153,1.375,719000,1688
WFC6026613,Wells Fargo & Co.,4.776975367,4.65,60000,591
HSY4904876,The Hershey Co.,4.777042972,2.45,254000,1203
EOG4975082,EOG Resources Inc.,4.777229629,4.375,1231000,1354
MRK6249722,Merck & Co. Inc.,4.777843685,4.15,1916000,1688
SCHW5256219,The Charles Schwab Corp.,4.778136721,2.75,773000,1158
GSGR6288392,The Goldman Sachs Group Inc.,4.7796391,4.05,30000,906
GS6402789,The Goldman Sachs Group Inc.,4.779651001,4.8,30000,2492
VZ4872504,Verizon Communications Inc.,4.779804735,4.016,5366000,1221
PEG5662773,Public Service Enterprise Group Inc.,4.779954057,5.875,349000,807
AFL4404390,Aflac Inc.,4.780115007,2.875,110000,76
USB5898182,U.S. Bancorp,4.780698583,4.25,9000,1147
HD5834274,The Home Depot Inc.,4.781085139,4.85,8717000,1790
UNH5856552,UnitedHealth Group Inc.,4.781197565,4.8,18487000,1264
CMI5031619,Cummins Inc.,4.781332876,1.5,424000,1493
BDX5825554,Becton Dickinson & Co.,4.781721054,5.081,410000,1042
BAC6179166,Bank of America Corp.,4.781753782,4.15,100000,1511
GM6070274,General Motors Co.,4.781763179,5.35,55000,624
ANTM4880743,Elevance Health Inc.,4.781799579,2.875,1611000,1142
AIG4808295,American International Group Inc.,4.782009109,4.25,10000,958
CSCO5758317,Cisco Systems Inc.,4.782128922,4.95,7057000,1671
CNP5809124,CenterPoint Energy Inc.,4.783192942,5.4,2618000,1036
NSC5626939,Norfolk Southern Corp.,4.783250751,5.05,30000,1462
TSN5763634,Tyson Foods Inc.,4.78377956,5.4,284000,958
BK4532268,The Bank of New York Mellon Corp.,4.784467788,3.3,422000,1119
C4439079,Citigroup Inc.,4.784666377,3.75,10000,514
WFC6420558,Wells Fargo & Co.,4.784715438,4.7,80000,1411
PFE4971095,Pfizer Inc.,4.785026627,2.625,1817000,1340
AZO5671867,AutoZone Inc.,4.78525102,6.25,389000,824
GS5182718,The Goldman Sachs Group Inc.,4.785295203,2,12000,656
FIS6331001,Fidelity National Information Services Inc.,4.786393648,4.45,5549000,588
GOOG6223818,Alphabet Inc.,4.78678777,4.1,21934000,1568
CMCS5815557,Comcast Corp.,4.786863936,5.1,468000,1036
NTRS4982517,Northern Trust Corp.,4.787002832,1.95,2429000,1370
WMB5869614,The Williams Cos. Inc.,4.787152787,4.8,449000,1203
MO4797929,Altria Group Inc.,4.787336619,4.8,5686000,929
RCL.GF,Royal Caribbean Group,4.787416541,7.5,177000,441
GSGR6320806,The Goldman Sachs Group Inc.,4.787515693,4.3,10000,1672
C5158684,Citigroup Inc.,4.787587207,2,20000,792
CDNS5886349,Cadence Design Systems Inc.,4.788154168,4.3,5344000,1137
GOOG6308909,Alphabet Inc.,4.78864854,4.1,23203000,1660
IFF5547089,International Flavors & Fragrances Inc.,4.789193125,1.832,24000,441
PEP6129856,PepsiCo Inc.,4.789406416,4.65,3325000,2184
COP5397608,ConocoPhillips,4.789649064,2.4,12000,1660
KMB5292535,Kimberly-Clark Corp.,4.789842813,2,3794000,1920
GE4571570,Synchrony Financial,4.790212275,3.95,1674000,488
C6100135,Citigroup Inc.,4.791252339,4.75,45000,700
GS3903106,The Goldman Sachs Group Inc.,4.791262227,4.5,120000,1507
LMT4988808,Lockheed Martin Corp.,4.791882366,1.85,133000,1415
EQT5479169,EQT Corp.,4.79204467,5.7,1290000,610
GSGR6335093,The Goldman Sachs Group Inc.,4.7920489,4,10000,595
IBM4832195,International Business Machines Corp.,4.792411315,3.5,2302000,1019
MRK6400031,Merck & Co. Inc.,4.792509544,4.65,1232000,1756
AZO4818553,AutoZone Inc.,4.792514253,3.75,561000,992
UTX5105199,RTX Corp.,4.79264455,7,187000,824
JNJ5811526,Johnson & Johnson,4.792727742,4.95,2717000,2862
C6068215,Citigroup Inc.,4.792759076,4.75,15000,654
EMR4981582,Emerson Electric Co.,4.794272331,1.95,292000,1537
MS6435806,Morgan Stanley,4.795248751,4.85,108000,2525
CMCS5581326,Comcast Corp.,4.796513597,4.55,876000,899
ETE5827574,Energy Transfer LP,4.79653002,5.25,21963000,1066
CCI5576413,Crown Castle Inc.,4.796590858,4.8,5269000,763
C4417126,Citigroup Inc.,4.7969492,3.1,27000,1902
JPM6420058,JPMorgan Chase & Co.,4.797121204,4.75,20000,1776
GSGR6391436,The Goldman Sachs Group Inc.,4.797622855,4.825,50000,1733
GS5418482,The Goldman Sachs Group Inc.,4.797772684,4.6,2000,301
US70450YAH62,PayPal Holdings Inc.,4.798063641,2.3,1,1401
JPM6392626,JPMorgan Chase & Co.,4.798096064,4.75,52000,1749
GSGR6288393,The Goldman Sachs Group Inc.,4.798231328,4.2,15000,1616
TMUS5731957,T-Mobile USA Inc.,4.79826264,4.85,1038000,899
JPM6320303,JPMorgan Chase & Co.,4.79839649,4.25,54000,1672
BA4798348,The Boeing Co.,4.798697255,3.2,2055000,944
PRU4191234,Prudential Financial Inc.,4.799484608,3.75,18000,2329
BMY5754767,Bristol Myers Squibb Co.,4.79992149,5.1,3644000,1667
GSGR6204726,The Goldman Sachs Group Inc.,4.800410931,4.2,70000,994
MAR5559723,Marriott International Inc.,4.800785434,4.9,517000,989
LEN4633910,Lennar Corp.,4.801284516,5,45000,319
BAC4103210,Bank of America Corp.,4.801526889,4.25,10000,1323
MCD6153262,McDonalds Corp.,4.801841007,4.4,1223000,1657
HON6336495,Honeywell Aerospace Inc.,4.802371367,4.3,596000,1689
TSN4798433,Tyson Foods Inc.,4.802384296,4.35,478000,944
APC4876394,Occidental Petroleum Corp.,4.802621491,7.5,1000000,76
GS3947303,The Goldman Sachs Group Inc.,4.802657206,4,18000,1233
MPLX4766118,MPLX LP,4.803035337,4.8,1149000,930
GS3817897,The Goldman Sachs Group Inc.,4.803071067,5,80000,564
CMCS4526653,Comcast Corp.,4.803118188,3.15,156000,564
MRO4826526,Marathon Petroleum Corp.,4.803783486,5.125,2608000,137
WMT5571290,Walmart Inc.,4.804712865,4.1,2115000,2450
BA4762314,The Boeing Co.,4.804836453,3.45,6246000,824
ABT6321058,Abbott Laboratories,4.805041847,4,17035000,1688
VLO4811037,Valero Energy Corp.,4.805164809,4,79000,975
EBAY6224153,eBay Inc.,4.805450898,4.25,2780000,949
ADM4971157,Archer-Daniels-Midland Co.,4.805703332,3.25,2467000,1335
MCD4961699,McDonalds Corp.,4.805975069,2.125,1052000,1309
NVDA5203205,NVIDIA Corp.,4.805977765,2,6754000,1780
HON5761177,Honeywell International Inc.,4.806233088,4.95,450000,1858
PFG4831733,Principal Financial Group Inc.,4.806762403,3.7,418000,1019
LLY6388969,Eli Lilly & Co.,4.806886629,4.375,4378000,1754
OKE5633311,ONEOK Inc.,4.80697613,5.65,446000,824
GS5744141,The Goldman Sachs Group Inc.,4.807066005,5,105000,1645
GS6433242,The Goldman Sachs Group Inc.,4.807396574,4.7,20000,1046
PYPL4887138,PayPal Holdings Inc.,4.807540597,2.85,806000,1158
PG5922341,Procter & Gamble Co.,4.808303469,4.55,74000,3007
O5300364,Realty Income Corp.,4.808874584,3.1,361000,1233
PFE4989485,Pfizer Inc.,4.809282822,1.7,23000,1397
LMT5402229,Lockheed Martin Corp.,4.809550988,3.9,2502000,2146
CRM6337829,Salesforce Inc.,4.809977535,4.65,16348000,958
HD5254589,The Home Depot Inc.,4.810070126,1.875,7154000,1872
AVGO6461741,Broadcom Inc.,4.810115937,4,3955000,989
APD4981660,Air Products & Chemicals Inc.,4.810147958,2.05,3180000,1384
GS4000758,The Goldman Sachs Group Inc.,4.810869862,3.5,15000,654
TXN4980385,Texas Instruments Incorporated,4.810899872,1.75,142000,1373
O5734724,Realty Income Corp.,4.811112152,3.2,1036000,1660
HD5475097,The Home Depot Inc.,4.811183469,4.5,9538000,2238
BAC6179165,Bank of America Corp.,4.81153377,4.35,40000,1511
UNH5494735,UnitedHealth Group Inc.,4.811727057,5.3,9511000,1295
TGT4971766,Target Corp.,4.811940547,2.65,5000,1507
PCG6091399,Pacific Gas & Electric Co.,4.81209963,5,2540000,674
CMI6071253,Cummins Inc.,4.812254883,4.7,2020000,1660
GD5178867,General Dynamics Corp.,4.812607197,2.25,4599000,1766
MMM6021411,3M Co.,4.813139185,4.8,300000,1323
BRO6098799,Brown & Brown Inc.,4.813482448,4.7,5880000,693
MA6417971,Mastercard Inc.,4.813595195,4.6,2106000,1773
GS3982331,The Goldman Sachs Group Inc.,4.813877816,4,8000,1323
ADBE4939809,Adobe Inc.,4.814300032,2.3,2704000,1281
PCG5196002,Pacific Gas & Electric Co.,4.815028067,3,1520000,685
SYK5995065,Stryker Corp.,4.815526111,4.85,233000,1290
ETE5666805,Energy Transfer LP,4.815587124,6.1,1870000,854
GS6464498,The Goldman Sachs Group Inc.,4.816130084,4.825,138000,1081
US717081EY56,Pfizer Inc.,4.816354217,1.7,1,1397
HON4988335,Honeywell International Inc.,4.817667533,1.95,3070000,1401
PPG4869005,PPG Industries Inc.,4.818042184,2.8,250000,1111
RJF4971768,Raymond James Financial Inc.,4.818109702,4.65,150000,1340
GS.ACD,The Goldman Sachs Group Inc.,4.818774896,5.25,30000,46
GSGR6294144,The Goldman Sachs Group Inc.,4.818786567,4.125,45000,914
WMB5728061,The Williams Cos. Inc.,4.818831343,4.9,2624000,958
ROP4667139,Roper Technologies Inc.,4.818920351,4.2,32000,777
PCG5008327,Pacific Gas & Electric Co.,4.819051609,4.65,950000,732
C6088659,Citigroup Inc.,4.819055049,4.8,40000,686
TMO5630949,Thermo Fisher Scientific Inc.,4.819102128,4.977,1928000,1471
AMAT4993872,Applied Materials Inc.,4.819676316,1.75,1816000,1401
A4881169,Agilent Technologies Inc.,4.819794441,2.75,3039000,1142
US438516BZ80,Honeywell International Inc.,4.820368105,1.95,1,1401
RSG4953828,Republic Services Inc.,4.820553026,2.3,181000,1309
GS4098415,The Goldman Sachs Group Inc.,4.820580013,4.25,12000,1295
DTE4845248,DTE Energy Co.,4.820699381,3.4,800000,1050
HPQ6054241,HP Inc.,4.821852615,5.4,170000,1364
PGR4968004,The Progressive Corp.,4.822416188,3.2,603000,1334
C5883906,Citigroup Inc.,4.822576412,4.65,10000,1144
AVGO5975001,Broadcom Inc.,4.82272504,5.05,696000,1354
DGX5874568,Quest Diagnostics Inc.,4.822963976,4.625,2611000,1233
AMZN4996699,Amazon.com Inc.,4.823530796,1.5,1715000,1403
F4433681,Ford Motor Co.,4.823641697,4.346,4175000,130
WFC6344295,Wells Fargo & Co.,4.823714271,4.5,116000,1696
VZ5197122,Verizon Communications Inc.,4.824036116,3.4,20000,9085
NOC4969025,Northrop Grumman Corp.,4.824266492,4.4,2026000,1370
EMR.GN,Emerson Electric Co.,4.8247443,6,51000,2207
JHCI5794614,Johnson Controls International Plc,4.825301608,5.5,1260000,993
ROP4874214,Roper Technologies Inc.,4.825413884,2.95,2280000,1142
GS3944350,The Goldman Sachs Group Inc.,4.825464622,4,36000,1598
ORLY4832635,OReilly Automotive Inc.,4.82588844,3.9,109000,1036
GS6464507,The Goldman Sachs Group Inc.,4.826058622,4.85,50000,915
MKL4560155,Markel Group Inc.,4.826475345,3.5,75000,458
NOC6087240,Northrop Grumman Corp.,4.826933906,4.65,1501000,1445
ABBV5759202,AbbVie Inc.,4.827078635,4.95,3961000,1688
GS5793692,The Goldman Sachs Group Inc.,4.827544439,5,21000,993
RPHC5824520,Royalty Pharma Plc,4.827555448,5.15,3792000,1129
GSGR6351385,The Goldman Sachs Group Inc.,4.827894111,4.7,30000,973
GILD5050565,Gilead Sciences Inc.,4.82801615,1.65,5817000,1523
APH6217656,Amphenol Corp.,4.828286779,4.125,1476000,1568
UTX4988356,RTX Corp.,4.828515981,2.25,3392000,1431
VMC5942785,Vulcan Materials Co.,4.828731649,4.95,349000,1219
MKL4884038,Markel Group Inc.,4.828802843,3.35,45000,1144
MSI5770976,Motorola Solutions Inc.,4.828860253,5,14000,989
GSGR6340357,The Goldman Sachs Group Inc.,4.828870239,4.55,75000,970
TJX4972594,The TJX Cos. Inc.,4.829207628,3.875,154000,1354
KMB5541147,Kimberly-Clark Corp.,4.829401307,4.5,1450000,2392
US75513EAD31,RTX Corp.,4.829630261,2.25,1,1431
PM5503327,Philip Morris International Inc.,4.829682851,5.625,740000,1205
DAL6094662,Delta Air Lines Inc.,4.829840606,4.95,2942000,710
GSGR6340358,The Goldman Sachs Group Inc.,4.830349017,4.65,30000,1335
LLY6082068,McKesson Corp.,4.83041713,4.65,724000,1399
EVRG6332393,Evergy Inc.,4.830715359,4.25,85000,958
NI4869968,NiSource Inc.,4.831003025,2.95,32000,1128
JBL4585580,Jabil Inc.,4.831416758,3.95,51000,530
USB6307246,U.S. Bancorp,4.831418371,4.25,24000,1656
DOV4904863,Dover Corp.,4.831483512,2.95,30000,1192
US437076CJ91,The Home Depot Inc.,4.831487163,1.875,1,1872
GSGR6123602,The Goldman Sachs Group Inc.,4.831740714,4.1,150000,724
WFC6455305,Wells Fargo & Co.,4.831949094,4.75,250000,1450
SYY5698876,Sysco Corp.,4.832205968,5.75,447000,901
TRGP6228104,Targa Resources Corp.,4.832451733,4.35,3347000,899
GS5207354,The Goldman Sachs Group Inc.,4.832764104,2,20000,1064
GS3827144,The Goldman Sachs Group Inc.,4.832778302,5.5,40000,2054
GS6420216,The Goldman Sachs Group Inc.,4.832831204,4.875,3000,1417
C5406119,Citigroup Inc.,4.83337929,4.6,1000,1020
MMC5930467,Marsh & McLennan Cos. Inc.,4.833758793,4.65,1054000,1323
AMZN6237345,Amazon.com Inc.,4.833765692,4.1,11637000,1573
OKE4807845,ONEOK Inc.,4.833877635,4.35,13612000,958
BX5217162,Cheniere Energy Inc.,4.834036176,4.625,5421000,807
C6410126,Citigroup Inc.,4.834438928,4.6,9000,1050
BMY5677777,Bristol Myers Squibb Co.,4.834632629,5.75,454000,1646
C5391998,Citigroup Inc.,4.83494401,4,75000,994
BAC6369612,Bank of America Corp.,4.835026992,4.6,4000,629
WFC6407945,Wells Fargo & Co.,4.83532707,5,100000,2313
GSGR5985906,The Goldman Sachs Group Inc.,4.835574782,4.6,80000,542
MDLZ5055622,Mondelez International Inc.,4.835593587,1.875,718000,2268
MAR5652035,Marriott International Inc.,4.835606815,5.45,1139000,46
C4292071,Citigroup Inc.,4.835779919,4.45,9412000,425
ABC5953319,Cencora Inc.,4.836440395,4.85,92000,1233
GM4685729,General Motors Co.,4.836459627,5,757000,793
GSGR5829257,The Goldman Sachs Group Inc.,4.836507158,4.9,220000,1781
OKE4871540,ONEOK Inc.,4.836837415,3.4,2716000,1128
GS5780232,The Goldman Sachs Group Inc.,4.83685498,4.9,400000,971
LHX4912205,L3Harris Technologies Inc.,4.836876011,2.9,3028000,1233
MMM.GB,3M Co.,4.837025466,6.375,30000,564
JPM6236923,JPMorgan Chase & Co.,4.837988562,4.2,20000,1207
MRK5319145,Merck & Co. Inc.,4.837996258,2.15,3871000,1958
EMR5319135,Emerson Electric Co.,4.838147849,2.2,138000,1969
TMUS5900485,T-Mobile USA Inc.,4.838194663,4.2,1690000,1158
MSI4832524,Motorola Solutions Inc.,4.838437033,4.6,870000,1027
PFE5241578,Pfizer Inc.,4.83885644,1.75,157000,1844
A3KZ5V,Merck & Co. Inc.,4.839001203,2.15,2000,1958
AJGG5959038,Arthur J. Gallagher & Co.,4.839359123,4.85,777000,1233
LLY6003479,Eli Lilly & Co.,4.839476017,4.9,2185000,2022
PEP5541135,PepsiCo Inc.,4.839706706,4.45,588000,2391
PCG5363489,Pacific Gas & Electric Co.,4.840686137,4.2,464000,944
US717081FB45,Pfizer Inc.,4.840775161,1.75,1,1844
WMI5407494,Waste Management Inc.,4.840945372,4.15,2382000,2085
AMAT6177154,Applied Materials Inc.,4.841542047,4,795000,1629
MS3975558,Morgan Stanley,4.841687958,3.9,32000,585
APH4880685,Amphenol Corp.,4.842015844,2.8,5622000,1295
ROP5876440,Roper Technologies Inc.,4.842017553,4.5,334000,1172
GEV6302292,GE Vernova Inc.,4.842264916,4.25,6542000,1649
HUM5500538,Humana Inc.,4.842499278,5.75,2462000,579
UNH4987616,UnitedHealth Group Inc.,4.842861152,2,2085000,1384
UTX5234334,RTX Corp.,4.843193878,1.9,723000,1858
APC3702227,Occidental Petroleum Corp.,4.843804397,8.45,200000,930
AMT4845258,American Tower Corp.,4.845378254,3.8,4049000,1111
AFL4972576,Aflac Inc.,4.845559394,3.6,1425000,1340
ECL5028509,Ecolab Inc.,4.845582472,1.3,584000,1644
WMI5076360,Waste Management Inc.,4.845786534,1.5,4165000,1688
WMT6380085,Walmart Inc.,4.845909774,4.45,1181000,2465
DVN5328972,Devon Energy Corp.,4.845942468,4.5,8654000,1264
CVS4870441,CVS Health Corp.,4.846019344,3.25,3507000,1111
GS5245799,The Goldman Sachs Group Inc.,4.846384919,2,52000,1126
PRU5946493,Prudential Financial Inc.,4.846489958,4.5,10000,1203
AVB4949812,AvalonBay Communities Inc.,4.846712649,2.3,40000,1309
AMGN4953601,Amgen Inc.,4.847508953,2.45,267000,1301
LLY6153504,Eli Lilly & Co.,4.847798145,4.55,1136000,2268
GSGR6365830,The Goldman Sachs Group Inc.,4.848376577,4.75,48000,1725
ECL4969471,Ecolab Inc.,4.848594627,4.8,3932000,1332
TMO5237333,Thermo Fisher Scientific Inc.,4.848660525,2,8080000,1902
SRE5383953,Sempra,4.848826252,3.7,38000,975
JPM6367500,JPMorgan Chase & Co.,4.849606429,4.5,50000,1721
BAC4098358,Bank of America Corp.,4.849726637,4.3,75000,1660
TMUS5314837,T-Mobile USA Inc.,4.850081159,2.4,400000,958
WFC5872566,Wells Fargo & Co.,4.850226953,4.8,406000,747
AVB5255605,AvalonBay Communities Inc.,4.850502187,2.05,130000,1994
LRCX4983304,Lam Research Corp.,4.850563993,1.9,6096000,1415
HIG4870485,The Hartford Insurance Group Inc.,4.850658373,2.8,911000,1115
ATO5050410,Atmos Energy Corp.,4.851210825,1.5,33000,1629
HPQ6342160,Hewlett Packard Enterprise Co.,4.851314426,4.6,561000,966
SYK4994021,Stryker Corp.,4.851654123,1.95,69000,1415
UNH6103288,UnitedHealth Group Inc.,4.852297276,4.65,2818000,1629
TMUS5150680,T-Mobile USA Inc.,4.852579084,3.375,1822000,989
LUV4997739,Southwest Airlines Co.,4.852673618,5.125,16192250,319
BX4996963,Cheniere Energy Partners LP,4.853804806,4.5,1816000,1158
WFC6286737,Wells Fargo & Co.,4.853893974,4.1,10000,1271
WFC6324534,Wells Fargo & Co.,4.854134082,4.25,78000,1675
JPM5022930,JPMorgan Chase & Co.,4.854961377,1.5,10000,823
AMT5766469,American Tower Corp.,4.855017747,5.2,1211000,930
GSGR5872364,The Goldman Sachs Group Inc.,4.855061082,4.75,85000,1112
BAC4126821,Bank of America Corp.,4.855168423,4.2,26000,2115
LOW.GC,Lowes Companies Inc.,4.855512345,6.5,112000,958
US58933YBE41,Merck & Co. Inc.,4.855523859,2.15,12000,1958
PG5740492,Procter & Gamble Co.,4.855984838,4.55,1758000,2739
FIS6330947,Fidelity National Information Services Inc.,4.856136404,4.55,2454000,953
C6147587,Citigroup Inc.,4.856672372,4.35,60000,759
EOG6240080,EOG Resources Inc.,4.857208721,4.4,215000,1629
QCOM4984946,QUALCOMM Inc.,4.857458274,2.15,3946000,1389
PM5541197,Philip Morris International Inc.,4.857592392,5.125,5370000,1295
US883556CL42,Thermo Fisher Scientific Inc.,4.857634342,2,1,1902
USB5016389,U.S. Bancorp,4.857823962,1.375,4473550,1452
UNH5776240,UnitedHealth Group Inc.,4.858311282,4.9,7463000,1719
NSC.GW,Norfolk Southern Corp.,4.85840087,7.25,100000,1660
SHW4871524,The Sherwin-Williams Co.,4.858526092,2.95,1226000,1111
MS4103942,Morgan Stanley,4.858569976,4.05,40000,956
LMT5955474,Lockheed Martin Corp.,4.858906022,4.7,155000,1963
FANG4915525,Diamondback Energy Inc.,4.859114231,3.5,5066000,1219
US718172CP24,Philip Morris International Inc.,4.859394624,2.1,1,1370
AMGN5542113,Amgen Inc.,4.86047117,5.25,4505000,1310
HPQ5389285,HP Inc.,4.860521191,4,4991000,989
BSX4988126,Boston Scientific Corp.,4.860982697,2.65,1162000,1401
MMM4971225,3M Co.,4.861241337,3.05,70000,1354
LOW4970507,Lowes Companies Inc.,4.861331475,4.5,4454000,1354
PM4982965,Philip Morris International Inc.,4.86144505,2.1,1494000,1370
KDP5394673,Keurig Dr Pepper Inc.,4.861603932,3.95,3900000,989
QCOM5410500,QUALCOMM Inc.,4.862010187,4.25,100000,2120
HSY6010276,The Hershey Co.,4.862075409,4.95,249000,2034
ROST5064464,Ross Stores Inc.,4.862187763,1.875,397000,1719
US882508BL77,Texas Instruments Incorporated,4.862207929,1.9,1,1872
CHRW4620720,C.H. Robinson Worldwide Inc.,4.862491834,4.2,135000,624
PRU4169515,Prudential Financial Inc.,4.862739446,3.85,22000,1172
HUM5679980,Humana Inc.,4.862988832,5.75,5894000,854
NUE6020647,Nucor Corp.,4.863852266,4.65,204000,1401
MCD5472108,McDonalds Corp.,4.864283436,4.6,899000,2232
US87264ADL61,T-Mobile USA Inc.,4.864347243,4.2,1,1158
TXN5461341,Texas Instruments Incorporated,4.864568512,3.65,3740000,2208
LUV6217420,Southwest Airlines Co.,4.864668797,4.375,1093000,838
UNP5186779,Union Pacific Corp.,4.865041473,2.375,2800000,1754
AVB6240040,AvalonBay Communities Inc.,4.865683484,4.35,169000,1584
TMO6308859,Thermo Fisher Scientific Inc.,4.865764054,4.215,11750000,1657
ES5700764,Eversource Energy,4.866397766,5.95,1078000,916
KEYS4895323,Keysight Technologies Inc.,4.866962793,3,84000,1187
UTX5698936,RTX Corp.,4.867851978,6,5892000,1688
WFC6430664,Wells Fargo & Co.,4.868112388,4.65,64000,1058
US863667AY70,Stryker Corp.,4.868957167,1.95,1,1415
GILD6397397,Gilead Sciences Inc.,4.87077346,4.6,11788000,1754
AVB4986209,AvalonBay Communities Inc.,4.870921224,2.45,1015000,1629
WMI5838339,Waste Management Inc.,4.87098489,4.95,9577000,1798
US50075NAC83,Mondelez International Inc.,4.871049916,6.5,1,1919
US101137BA41,Boston Scientific Corp.,4.871258176,2.65,1,1401
RSG5029252,Republic Services Inc.,4.872126257,1.45,1576000,1660
HON5233092,Honeywell International Inc.,4.872474786,1.75,5586000,1858
FANG5789668,Diamondback Energy Inc.,4.872594117,5.15,1195000,1279
GSGR6158839,The Goldman Sachs Group Inc.,4.872815942,4.5,75000,1490
JPM6430078,JPMorgan Chase & Co.,4.873301595,4.85,90000,1788
GS6433250,The Goldman Sachs Group Inc.,4.873580106,4.7,36000,1795
GSGR6294148,The Goldman Sachs Group Inc.,4.873654776,4.5,30000,1644
SBUX5748273,Starbucks Corp.,4.874309838,4.9,965000,1660
VZ4894306,Verizon Communications Inc.,4.874357963,3.55,8000,8477
GSGR6026191,The Goldman Sachs Group Inc.,4.874711961,4.55,70000,1322
C6249761,Citigroup Inc.,4.874968991,3.95,50000,871
XYLE5006806,Xylem Inc.,4.87557938,2.25,232000,1644
WFC6169934,Wells Fargo & Co.,4.875803519,4.4,40000,1503
AIG6070278,American International Group Inc.,4.876040696,4.85,192000,1376
BAC6460113,Bank of America Corp.,4.876251407,4.75,1229000,1088
GS4125178,The Goldman Sachs Group Inc.,4.876440718,4.1,45000,2115
GS5083950,The Goldman Sachs Group Inc.,4.876459802,1.25,45000,663
PEG5780111,Public Service Enterprise Group Inc.,4.876771206,5.2,361000,975
HD5386725,The Home Depot Inc.,4.876960798,3.25,931000,2085
SPGI5028480,S&P Global Inc.,4.877100959,1.25,2298000,1476
ICE4989451,Intercontinental Exchange Inc.,4.877231082,2.1,3697000,1415
XEL4908085,Xcel Energy Inc.,4.877836388,2.6,35000,1219
KNVU5674333,Kenvue Inc.,4.878007384,5,506000,1330
KMI6060043,Kinder Morgan Inc.,4.878358841,5.15,1471000,1401
GSGR6392752,The Goldman Sachs Group Inc.,4.8785193,4.9,15000,2481
FDX4739440,FedEx Corp.,4.879002422,4.2,70000,809
VZ5188702,Verizon Communications Inc.,4.879379322,3.4,50000,9054
PM5930384,Philip Morris International Inc.,4.879449287,4.75,6586000,1919
PRU6424528,Prudential Financial Inc.,4.879464867,4.9,238000,2511
CI6165998,The Cigna Group,4.879522263,4.5,6905000,1507
PM6217589,Philip Morris International Inc.,4.879546827,4,439000,1551
UTX5698933,RTX Corp.,4.879587506,5.75,17764000,100
STZ4863544,Constellation Brands Inc.,4.880109153,3.15,601000,1097
TXN5254617,Texas Instruments Incorporated,4.880144586,1.9,398000,1872
ABBV6322511,AbbVie Inc.,4.880394652,4.125,3041000,1688
SCHW5183443,The Charles Schwab Corp.,4.880594992,2.3,851000,1747
GSGR6377718,The Goldman Sachs Group Inc.,4.881681555,4.625,39000,1369
BK5225102,The Bank of New York Mellon Corp.,4.881819031,1.8,8728000,1823
O5524579,Realty Income Corp.,4.882421846,4.85,568000,1323
MS6064812,Morgan Stanley,4.88286342,4.55,9000,1369
KO5807225,The Coca-Cola Co.,4.883422892,5,1009000,2843
HUM4870467,Humana Inc.,4.883869082,3.125,280000,1111
PM5647208,Philip Morris International Inc.,4.88403581,5.5,3697000,1499
FB5581188,Meta Platforms Inc.,4.884067315,4.8,5704000,1384
FISV4702958,Fiserv Inc.,4.884267981,4.2,2224000,793
LVS5808270,Las Vegas Sands Corp.,4.884333658,5.9,1585000,305
GS4406952,The Goldman Sachs Group Inc.,4.884396043,3,30000,411
BA5949321,The Boeing Co.,4.884829138,6.298,5890000,1005
ORLY4971094,OReilly Automotive Inc.,4.885795831,4.2,235000,1340
US023135BS49,Amazon.com Inc.,4.886086624,1.5,1,1403
CAH5939494,Cardinal Health Inc.,4.886134171,5,1737000,1203
ADM.GL,Archer-Daniels-Midland Co.,4.886919624,6.625,33000,1005
PM5072580,Philip Morris International Inc.,4.887462353,1.75,136000,1554
FISV5548630,Fiserv Inc.,4.887819056,5.45,784000,580
AMT4808342,American Tower Corp.,4.8878445,3.95,376000,958
TYC5042748,Johnson Controls International Plc,4.887853097,1.75,128000,1507
WFC6467605,Wells Fargo & Co.,4.887882029,4.85,600000,1461
CSX5450139,CSX Corp.,4.887908077,4.1,2117000,2299
MRVL5650451,Marvell Technology Inc.,4.888090756,5.75,1597000,930
SBUX4964888,Starbucks Corp.,4.888814421,2.25,146000,1320
KO5868478,The Coca-Cola Co.,4.889043318,4.65,3492000,2936
BIIB6071254,Biogen Inc.,4.88922366,5.05,175000,1629
GSGR6272523,The Goldman Sachs Group Inc.,4.889532988,4.25,20000,1596
WFC5955259,Wells Fargo & Co.,4.88984413,4.9,200000,862
C6275372,Citigroup Inc.,4.890777211,4.05,266000,906
AAPL6070271,Apple Inc.,4.891496396,4.75,7267000,3207
WMB.HV,The Williams Cos. Inc.,4.892207104,7.5,300000,1629
GS4389213,The Goldman Sachs Group Inc.,4.89251323,3,38000,1111
LMT5492501,Lockheed Martin Corp.,4.892779225,5.25,2914000,2360
MCHP5767179,Microchip Technology Inc.,4.893534191,5.05,2194000,958
GSGR5834064,The Goldman Sachs Group Inc.,4.893603942,4.9,40000,1060
CI4962270,The Cigna Group,4.893923378,2.4,3611500,1323
PRU6417677,Prudential Financial Inc.,4.894172163,4.85,15000,2511
PM6065565,Philip Morris International Inc.,4.894629673,4.375,3442000,1369
VLO5998538,Valero Energy Corp.,4.894808597,5.15,699000,1295
TGT5527760,Target Corp.,4.894917971,4.4,4224000,2360
GSGR6391434,The Goldman Sachs Group Inc.,4.89510466,4.55,3000,1018
APH5254579,Amphenol Corp.,4.895617759,2.2,2716000,1872
UPS5547103,United Parcel Service Inc.,4.895642594,4.875,1201000,2407
CI6165997,The Cigna Group,4.895824238,4.875,3144000,2238
FISV5634579,Fiserv Inc.,4.895976315,5.375,338000,752
PGR6347898,The Progressive Corp.,4.896122271,4.6,4007000,1699
JPM6379110,JPMorgan Chase & Co.,4.896695336,4.6,135000,1734
WEC5057796,WEC Energy Group Inc.,4.896779269,1.8,542000,1537
GS6464509,The Goldman Sachs Group Inc.,4.896857205,5,281000,1826
OKE5890653,ONEOK Inc.,4.897370512,4.4,3946000,1172
USB6379696,U.S. Bancorp,4.897431055,4.4,16000,1734
GSGR6377731,The Goldman Sachs Group Inc.,4.897459388,4.5,120000,1734
US609207AT22,Mondelez International Inc.,4.898102473,2.75,1,1352
HUM5383848,Humana Inc.,4.898237626,3.7,4878000,966
FIS4834428,Fidelity National Information Services Inc.,4.898284912,3.75,100000,1025
JPM5894289,JPMorgan Chase & Co.,4.898357369,4.5,18000,1876
JPM6102529,JPMorgan Chase & Co.,4.89842662,4.7,30000,1421
GS6464500,The Goldman Sachs Group Inc.,4.898762937,4.9,92000,1826
MDLZ3692794,Mondelez International Inc.,4.898881476,6.5,100000,1919
GSGR6320790,The Goldman Sachs Group Inc.,4.899151537,4.5,339000,1657
NUE4990793,Nucor Corp.,4.899176175,2.7,687000,1401
UBRT5886386,Uber Technologies Inc.,4.899568762,4.3,1075000,1264
MRK6165797,Merck & Co. Inc.,4.899949005,4.55,553000,2238
GPN6332407,Global Payments Inc.,4.900153826,4.55,951000,593
DGX4923784,Quest Diagnostics Inc.,4.900586037,2.95,427000,1430
FOXR4966295,Fox Corp.,4.901157254,4.709,13845000,909
MA5885597,Mastercard Inc.,4.90132573,4.35,2840000,1994
ADP6070041,Automatic Data Processing Inc.,4.901747804,4.75,852000,2108
IBM5999343,International Business Machines Corp.,4.902073103,4.8,540000,1290
EFX6461564,Equifax Inc.,4.902432521,5,17160000,1111
BAC5263200,Bank of America Corp.,4.902441972,2,45000,1880
TMO6193343,Thermo Fisher Scientific Inc.,4.903662285,4.2,683000,1674
VZ5586876,Verizon Communications Inc.,4.903726232,4.7,60000,1384
US191216DY38,The Coca-Cola Co.,4.903774014,4.65,1,2936
LLY5546986,Eli Lilly & Co.,4.903775848,4.7,9909000,2403
TTWO5829521,Take-Two Interactive Software Inc.,4.903797576,5.4,196000,1047
ORLY4632340,OReilly Automotive Inc.,4.903842129,4.35,186000,671
PM5751894,Philip Morris International Inc.,4.904118602,5.125,4053000,1658
UNP5472066,Union Pacific Corp.,4.904727604,4.5,40000,2365
EFX5871655,Equifax Inc.,4.905084276,4.8,933000,1142
AMGN6315612,Amgen Inc.,4.905347178,4.2,7600000,1664
GS6433238,The Goldman Sachs Group Inc.,4.905830235,4.8,3000,1064
BDX4619409,Becton Dickinson & Co.,4.905857279,6.7,50000,123
EQT5073449,EQT Corp.,4.906300733,5,499000,899
HON5861791,Honeywell International Inc.,4.906628389,4.75,2840000,2011
MDLZ4974630,Mondelez International Inc.,4.906956056,2.75,94000,1352
GS5797894,The Goldman Sachs Group Inc.,4.907210522,5.4,25000,1004
MAR5869635,Marriott International Inc.,4.907840706,4.8,176000,1323
ROK5233644,Rockwell Automation Inc.,4.907954364,1.75,40000,1841
MCO5238038,Moodys Corp.,4.908020828,2,161000,1845
EIX6383775,Edison International,4.908060984,5,154000,644
GSGR6365860,The Goldman Sachs Group Inc.,4.908383566,4.625,60000,1725
HPQ5892412,Hewlett Packard Enterprise Co.,4.908653865,4.55,7040000,1172
KEY4880707,KeyCorp,4.909106809,2.55,333000,1158
US731572AB96,Ralph Lauren Corp.,4.909228068,2.95,1,1415
VZ5194827,Verizon Communications Inc.,4.909755761,3.35,20000,9085
JPM6265743,JPMorgan Chase & Co.,4.909826552,4.2,25000,1239
CRM6337828,Salesforce Inc.,4.910170282,4.9,24550000,1872
DVN6437139,Devon Energy Corp.,4.910684283,4.375,10000,958
FIS4633270,Fidelity National Information Services Inc.,4.911024703,4.25,15000,654
QCOM6081111,QUALCOMM Inc.,4.911766533,4.75,3584000,2120
ECL6401411,Ecolab Inc.,4.911864151,4.8,7184000,1780
MS4099077,Morgan Stanley,4.911978139,4.2,2000,942
TRGP5698893,Targa Resources Corp.,4.91253272,6.15,3194000,944
XEL4972260,Xcel Energy Inc.,4.912768157,3.4,2808000,1401
UNH5186802,UnitedHealth Group Inc.,4.912818574,2.3,2609000,1749
KDP5766463,Keurig Dr Pepper Inc.,4.913607097,5.05,600000,958
KR4978844,The Kroger Co.,4.914073692,2.2,184000,1370
UNP5359456,Union Pacific Corp.,4.914147981,2.8,4471000,2024
GSGR6335092,The Goldman Sachs Group Inc.,4.91415722,4.2,6000,959
BLK5314905,BlackRock Inc.,4.914535375,2.1,1089000,2035
US438516CF18,Honeywell International Inc.,4.914737417,1.75,1,1858
LLY.GG,Eli Lilly & Co.,4.915393924,6.77,80000,3441
AMGN4984121,Amgen Inc.,4.915743937,2.3,935000,1670
A4996671,Agilent Technologies Inc.,4.916110667,2.1,1351000,1404
ANTM4983276,Elevance Health Inc.,4.916324878,2.25,570000,1384
MO6141777,Altria Group Inc.,4.917195385,4.5,735000,1467
VZ5047191,Verizon Communications Inc.,4.917201837,1.5,1156000,1510
VZ4968006,Verizon Communications Inc.,4.917395099,3.15,417000,1330
RL4996694,Ralph Lauren Corp.,4.917425575,2.95,290000,1415
CSCO6010614,Cisco Systems Inc.,4.91750479,4.95,4797000,2034
TGT.HW,Target Corp.,4.917581065,6.35,105000,2285
NOW5026931,ServiceNow Inc.,4.917678899,1.4,3954000,1493
WMI5930218,Waste Management Inc.,4.918084972,4.8,787000,2054
SCHW5245904,The Charles Schwab Corp.,4.918197449,1.95,678000,1949
WFC6430663,Wells Fargo & Co.,4.918465942,5,56000,2154
CVS4971704,CVS Health Corp.,4.918606987,3.75,6043000,1340
VZ4875320,Verizon Communications Inc.,4.918722438,2.65,20000,1841
ANTM5923071,Elevance Health Inc.,4.918882435,4.75,270000,1295
US75513ECM12,RTX Corp.,4.919057461,1.9,1,1858
PSA5297061,Public Storage,4.919216256,2.25,3849000,1927
GM4985674,General Motors Co.,4.9192229,6.8,353000,427
V6303666,Visa Inc.,4.919498515,4.4,1142000,2388
NSC5178873,Norfolk Southern Corp.,4.919656667,2.3,659000,1749
GSGR6377727,The Goldman Sachs Group Inc.,4.920521584,4.625,392000,1369
NDAQ5092157,Nasdaq Inc.,4.921173302,1.65,1211000,1629
MDLZ5041192,Mondelez International Inc.,4.921235375,1.5,63000,1649
DTE4905827,DTE Energy Co.,4.92147211,2.95,34000,1309
RSG6433346,Republic Services Inc.,4.921655105,4.75,19403000,1810
WFC6205631,Wells Fargo & Co.,4.922875719,4.1,20000,1174
LOW6184393,Lowes Companies Inc.,4.922952722,4.5,12637000,2268
EVRG4881074,Evergy Inc.,4.9241378,2.9,28000,1142
JNJ6009545,Johnson & Johnson,4.924174455,5,491000,3135
PGR.GF,The Progressive Corp.,4.924193038,6.25,1112000,2315
INTC5456464,Intel Corp.,4.924477213,4,207000,1101
MMC4984101,Marsh & McLennan Cos. Inc.,4.925571192,2.25,849000,1568
C4168248,Citigroup Inc.,4.925868061,4,15000,2982
DRI5906746,Darden Restaurants Inc.,4.926126161,4.55,120000,1172
UTX5294415,RTX Corp.,4.926584109,2.375,244000,2054
APD6096808,Air Products & Chemicals Inc.,4.926590257,4.9,2649000,2264
C4878333,Citigroup Inc.,4.926997066,3,3000,1856
CHD5497544,Church & Dwight Co. Inc.,4.927171044,5.6,30000,2299
PSA5167045,Public Storage,4.927856402,2.3,519000,1735
US031162CW82,Amgen Inc.,4.928833747,2.3,1,1670
T4798434,AT&T Inc.,4.929011699,4.35,20592000,944
ORCL4972622,Oracle Corp.,4.929370598,2.8,2874000,244
GS4199009,The Goldman Sachs Group Inc.,4.929904043,3.25,52000,168
GM5454320,General Motors Co.,4.930103579,5.4,942000,1172
FOXR4972810,Fox Corp.,4.930206338,3.5,1017000,1347
PKG4914113,Packaging Corporation of America,4.930288785,3,791000,1233
JPM5046515,JPMorgan Chase & Co.,4.93109738,1.5,20000,1514
MSFT4211189,Microsoft Corp.,4.931108902,3.5,3254000,3118
ADI5271548,Analog Devices Inc.,4.931135157,2.1,3018000,1888
BMY5362700,Bristol Myers Squibb Co.,4.931352585,2.95,8733000,2054
ICE6226780,Intercontinental Exchange Inc.,4.931589689,4.2,2082000,1688
D6023454,Dominion Energy Inc.,4.931965087,5,2650000,1415
GS6419291,The Goldman Sachs Group Inc.,4.93218997,4.9,1107000,2511
L4984904,Loews Corp.,4.932432282,3.2,278000,1384
UNH5856553,UnitedHealth Group Inc.,4.932564937,4.95,4184000,1994
PG6065521,Procter & Gamble Co.,4.932583293,4.6,300000,3196
GSGR6305280,The Goldman Sachs Group Inc.,4.93319647,4.65,30000,1655
C5061902,Citigroup Inc.,4.933214331,2,40000,1903
US855244AZ28,Starbucks Corp.,4.934105088,2.55,1,1568
TMO5502816,Thermo Fisher Scientific Inc.,4.93432436,4.95,518000,2305
KEYS6052421,Keysight Technologies Inc.,4.934466655,5.35,606000,1460
JPM6430085,JPMorgan Chase & Co.,4.934515335,5,80000,1788
SBUX4984105,Starbucks Corp.,4.934750001,2.55,4327000,1568
BIIB4981506,Biogen Inc.,4.935097211,2.25,2078000,1370
MA6009561,Mastercard Inc.,4.935184086,4.95,1667000,2054
RSG5077435,Republic Services Inc.,4.93556539,1.75,3301000,2025
KR.GN,The Kroger Co.,4.935876215,7.5,658000,1705
GSGR6340156,The Goldman Sachs Group Inc.,4.936377538,4.55,52000,1680
CAH6149982,Cardinal Health Inc.,4.936566172,4.5,455000,1507
ABC4987224,Cencora Inc.,4.937566814,2.8,434000,1384
MRO6000228,Marathon Petroleum Corp.,4.937939538,5.15,8207000,1309
AMZN5182957,Amazon.com Inc.,4.93869809,2.1,15730000,1746
REGN5027987,Regeneron Pharmaceuticals Inc.,4.938729049,1.75,5734000,1507
APO6226550,Apollo Global Management Inc.,4.938849179,4.6,357000,1629
WMB5457473,The Williams Cos. Inc.,4.939110324,4.65,3127000,2207
MDLZ6067980,Mondelez International Inc.,4.939962682,4.5,590000,1375
PCG5597769,Pacific Gas & Electric Co.,4.940809183,6.1,21412000,899
GS5780234,The Goldman Sachs Group Inc.,4.94136312,5,15000,1701
CCI5713561,Crown Castle Inc.,4.941541172,5.6,721000,1036
NSC5362483,Norfolk Southern Corp.,4.941682022,3,815000,2054
UTX5077959,Carrier Global Corp.,4.941697738,2.722,1732000,1295
TRV6460430,The Travelers Cos. Inc.,4.941888689,4.95,17679000,1819
C6174194,Citigroup Inc.,4.942043421,4.3,30000,1522
VZ5353244,Verizon Communications Inc.,4.942479102,6.8,20000,1005
LOW5059266,Lowes Companies Inc.,4.942593298,1.7,978000,1537
NUE5372845,Nucor Corp.,4.942616332,3.125,127000,2071
TFC4997148,Truist Financial Corp.,4.94284444,1.95,135000,1405
US037833BW97,Apple Inc.,4.943209954,4.5,1,3494
TSS4631848,Global Payments Inc.,4.943671188,4.45,220000,671
ADM5564429,Archer-Daniels-Midland Co.,4.944226395,4.5,493000,2572
JPM4693311,JPMorgan Chase & Co.,4.944526963,8.75,65000,1493
GS4011089,The Goldman Sachs Group Inc.,4.944585137,4,16000,2115
CVS5541191,CVS Health Corp.,4.944682294,5.125,1606000,1301
JPM4968980,JPMorgan Chase & Co.,4.945142353,2.25,60000,2064
KR5106837,The Kroger Co.,4.945156334,1.7,303000,1629
GS6453017,The Goldman Sachs Group Inc.,4.945562178,4.75,755000,1085
MAR4995631,Marriott International Inc.,4.945651597,4.625,9800000,1415
GS3821460,The Goldman Sachs Group Inc.,4.945835977,5.35,20000,2025
GS3854758,The Goldman Sachs Group Inc.,4.946191671,5.15,30000,1384
SHW4961691,The Sherwin-Williams Co.,4.946275151,2.3,1339000,1384
AEP4961681,American Electric Power Co. Inc.,4.946430674,2.3,2105000,1309
WFC6180631,Wells Fargo & Co.,4.946473531,4.25,30000,1514
ECL5317638,Ecolab Inc.,4.947418133,2.125,97000,2011
BAC6307440,Bank of America Corp.,4.947475143,4.35,15000,1655
HUB6415579,Hubbell Inc.,4.947642291,4.65,9100000,1780
INTU5008438,Intuit Inc.,4.947785747,1.65,3662000,1445
CI5748290,The Cigna Group,4.948130999,5.125,330000,1749
US37045VAY65,General Motors Co.,4.948298989,5.4,1,1172
WAB6080783,Westinghouse Air Brake Technologies Corp.,4.948842243,4.9,11000,1398
QCOM5086635,QUALCOMM Inc.,4.948848213,1.65,2357000,2120
AAPL4336436,Apple Inc.,4.949007858,4.5,1616000,3494
SCHW5093527,The Charles Schwab Corp.,4.949504072,1.65,326000,1684
SBUX5359418,Starbucks Corp.,4.950106833,3,13118000,2024
WFC6231354,Wells Fargo & Co.,4.950122154,4.1,150000,1202
HON5497118,Honeywell International Inc.,4.95017449,5,886000,2391
GSGR6288910,The Goldman Sachs Group Inc.,4.950277661,4.3,90000,2366
NI4974636,NiSource Inc.,4.950303067,3.6,513000,1370
US037833BW97,Apple Inc.,4.950644489,4.5,12000,3494
DUK4987732,Duke Energy Corp.,4.950918603,2.45,1025000,1401
JPM5003703,JPMorgan Chase & Co.,4.951601421,2.15,12000,1423
VZ4887178,Verizon Communications Inc.,4.951980385,3.55,5000,8447
GS4275519,The Goldman Sachs Group Inc.,4.952724039,4.3,250000,6955
OTIS5046495,Otis Worldwide Corp.,4.953108221,2.565,3612000,1295
HSY5581293,The Hershey Co.,4.953438449,4.5,150000,2469
JBL5570102,Jabil Inc.,4.953503665,5.45,117000,916
GSGR5938767,The Goldman Sachs Group Inc.,4.953508956,4.35,60000,475
MRK5584924,Merck & Co. Inc.,4.953548919,4.5,6123000,2482
OMC4954374,Omnicom Group Inc.,4.953551428,2.45,4598000,1369
EQIX4909427,Equinix Inc.,4.953791035,3.2,15300000,1206
OKE6103887,ONEOK Inc.,4.953979454,5.375,59000,1036
DIS4809918,The Walt Disney Co.,4.954225025,7.28,40000,700
LHX5078142,L3Harris Technologies Inc.,4.954267339,1.8,688000,1629
LOW6184392,Lowes Companies Inc.,4.954333699,4.25,15285000,1688
GSGR6377717,The Goldman Sachs Group Inc.,4.954707152,4.5,6000,1004
VZ5584330,Verizon Communications Inc.,4.954717065,5.05,1339000,2474
PFE4985552,Zoetis Inc.,4.95557625,2,4129000,1384
ADSK4933609,Autodesk Inc.,4.955650096,2.85,96000,1264
GSGR6014116,The Goldman Sachs Group Inc.,4.955896262,5,100000,2038
APC4876388,Occidental Petroleum Corp.,4.956175531,7.2,70000,958
CAT.MS,Caterpillar Inc.,4.956618664,7.3,220000,1735
AVGO5390677,Broadcom Inc.,4.957441229,4.15,172000,2085
IBM4983324,International Business Machines Corp.,4.957813752,1.95,1140000,1384
PFE5282058,Viatris Inc.,4.957860192,2.3,47000,326
VZ5185677,Verizon Communications Inc.,4.957965005,1.68,245000,1552
AIG4984964,American International Group Inc.,4.957973042,3.4,45000,1430
OMC6324633,Omnicom Group Inc.,4.958266776,4.2,142000,945
GSGR6347754,The Goldman Sachs Group Inc.,4.958836592,5,2785000,1249
GSGR6308622,The Goldman Sachs Group Inc.,4.959010024,4.35,14000,1643
PSX4999411,Phillips 66,4.96005406,2.15,97000,1598
C5882960,Citigroup Inc.,4.960408897,4.85,200000,1873
AMZN5508430,Amazon.com Inc.,4.960533306,4.7,8041000,2315
UNH5415942,UnitedHealth Group Inc.,4.961337842,4.2,4990000,2115
HCN5150607,Welltower Inc.,4.961942886,2.8,270000,1766
MRK6249692,Merck & Co. Inc.,4.962198209,4.45,2825000,2318
ETE6009233,Energy Transfer LP,4.962660822,5.2,516000,1340
SHW6137106,The Sherwin-Williams Co.,4.962679645,4.5,3046000,1476
PCG5761171,Pacific Gas & Electric Co.,4.963173837,5.55,205000,1019
O5735723,Realty Income Corp.,4.963735722,3.4,1299000,1264
GS4052583,The Goldman Sachs Group Inc.,4.963808322,5,80000,4429
ALL5083324,The Allstate Corp.,4.963980911,1.45,216000,1598
OKE6198092,ONEOK Inc.,4.964112812,5.625,50000,533
WFC5924196,Wells Fargo & Co.,4.964309666,4.85,20000,1915
UBRT5237349,Uber Technologies Inc.,4.964692202,4.5,70000,1111
MO4984041,Altria Group Inc.,4.964918495,3.4,1178000,1375
GS3845311,The Goldman Sachs Group Inc.,4.965716607,5.5,30000,2085
JBHT6027220,J.B. Hunt Transport Services Inc.,4.965851158,4.9,1548000,1323
BAC6286742,Bank of America Corp.,4.966160933,4.3,75000,1635
JPM5040800,JPMorgan Chase & Co.,4.967718106,1.55,3000,1598
MS6466477,Morgan Stanley,4.967720969,4.8,100000,1826
US02209SBJ15,Altria Group Inc.,4.96779007,3.4,1,1375
GS6433237,The Goldman Sachs Group Inc.,4.967823158,4.9,60000,1428
O4984907,Realty Income Corp.,4.968312196,3.25,2153000,1629
LLY6388972,Eli Lilly & Co.,4.968459723,4.65,9527000,2485
COP.GF,ConocoPhillips,4.968495588,5.9,1654000,2268
GSGR5880296,The Goldman Sachs Group Inc.,4.968613032,5,30000,2222
BAC6154916,Bank of America Corp.,4.96878101,4.55,45000,1483
T4762509,AT&T Inc.,4.96922945,4.3,5773000,1295
NVDA6427661,NVIDIA Corp.,4.96923515,4.5,35231000,1780
BK5344076,The Bank of New York Mellon Corp.,4.96954302,2.5,1942000,2005
ICE5807039,Intercontinental Exchange Inc.,4.969607979,5.25,1648000,1780
BA4866207,The Boeing Co.,4.969703813,2.95,927000,1281
AMT4933613,American Tower Corp.,4.969879239,2.9,2434000,1264
KNVU6082284,Kenvue Inc.,4.970035116,4.85,164000,2122
HAL4954246,Halliburton Co.,4.970311143,2.92,3182000,1309
IBM6299793,International Business Machines Corp.,4.970395001,4.3,500000,1648
UTX5077963,Carrier Global Corp.,4.970501362,2.7,1465000,1660
APD5548792,Air Products & Chemicals Inc.,4.970790304,4.8,357000,2407
WFC6217179,Wells Fargo & Co.,4.970853811,4,6000,1187
EQT6034683,EQT Corp.,4.971007416,5.5,340000,715
AMZN6336474,Amazon.com Inc.,4.971169229,4.25,38920000,1686
VZ5078162,Verizon Communications Inc.,4.971318063,1.75,1643000,1634
PNC4938166,The PNC Financial Services Group Inc.,4.971841422,2.55,2841000,1271
AZO6052410,AutoZone Inc.,4.972720328,5.125,135000,1415
PFE6238674,Pfizer Inc.,4.973081522,4.5,1351000,2299
STZ6066015,Constellation Brands Inc.,4.973952936,4.8,598000,1370
GS4968016,The Goldman Sachs Group Inc.,4.974493357,3.8,4304000,1323
MS.OQ,Morgan Stanley,4.975220409,7.25,1309000,2071
DHI6065348,D.R. Horton Inc.,4.975539307,4.85,470000,1537
BAC6462475,Bank of America Corp.,4.976004268,5,140000,1245
ADM5367929,Archer-Daniels-Midland Co.,4.976245139,2.9,113000,2040
WMB6112196,The Williams Cos. Inc.,4.976800041,4.625,1543000,1430
STLD4923720,Steel Dynamics Inc.,4.976835018,3.45,7567000,1354
BAC4131122,Bank of America Corp.,4.976864967,4.1,36000,2146
GS3856899,The Goldman Sachs Group Inc.,4.977047529,5.35,87000,2115
GS6464487,The Goldman Sachs Group Inc.,4.977609234,5,100000,1096
RL6091184,Ralph Lauren Corp.,4.977663591,5,2223000,2146
HAL.GD,Halliburton Co.,4.977698129,6.75,1770000,185
AMT5942870,American Tower Corp.,4.977854392,5,3340000,1280
GS3860717,The Goldman Sachs Group Inc.,4.977872483,5.85,52000,2146
AMP6417886,Ameriprise Financial Inc.,4.978191021,4.8,3830000,1780
ORLY5043546,OReilly Automotive Inc.,4.978199093,1.75,984000,1688
C6100142,Citigroup Inc.,4.978892803,5,93000,1062
DAL4900990,Delta Air Lines Inc.,4.979093029,3.75,251000,1185
FCX4867587,Freeport-McMoRan Inc.,4.979784398,5,360000,397
ICE5031638,Intercontinental Exchange Inc.,4.979846721,1.85,2429000,2238
ABC5156681,Cencora Inc.,4.979910269,2.7,5062000,1688
DIS4908605,The Walt Disney Co.,4.979970491,6.55,161000,2419
GS.ACZ,The Goldman Sachs Group Inc.,4.980006177,5.4,27000,1933
TXN5552752,Texas Instruments Incorporated,4.980429809,4.9,1257000,2418
SNX6199611,TD SYNNEX Corp.,4.980876256,4.3,3849000,901
MS3970471,Morgan Stanley,4.981406316,4.125,12000,571
LOW5159086,Lowes Companies Inc.,4.9817676,2.625,1360000,1705
GS4196156,The Goldman Sachs Group Inc.,4.982231937,4,25000,5981
PEG6023589,Public Service Enterprise Group Inc.,4.982640804,4.9,2426000,1323
INTC4914062,Intel Corp.,4.98270324,2.45,5137000,1203
OKE.GE,ONEOK Inc.,4.982717603,6.875,6000,792
HEI6452624,HEICO Corp.,4.982911381,4.95,16084000,1827
ROP5876314,Roper Technologies Inc.,4.982913304,4.75,1316000,2025
JPM6231616,JPMorgan Chase & Co.,4.983034297,4.4,20000,2296
JNJ.GP,Johnson & Johnson,4.983247635,5.95,200000,4033
CI5141445,The Cigna Group,4.983430718,2.375,2317000,1688
GS4947690,The Goldman Sachs Group Inc.,4.983699389,2.6,3922000,1287
CNP4871537,CenterPoint Energy Inc.,4.984006717,2.95,4207000,1309
AMZN5396183,Amazon.com Inc.,4.984237497,3.6,13754000,2083
GS5331781,The Goldman Sachs Group Inc.,4.984432017,2.3,30000,882
MS6076495,Morgan Stanley,4.984560703,4.4,50000,1385
GSGR6315417,The Goldman Sachs Group Inc.,4.984586353,4.75,165000,2400
PFG4999863,Principal Financial Group Inc.,4.985466373,2.125,5244000,1415
GE5591352,GE Healthcare Technologies Inc.,4.985731819,5.857,466000,1323
FB6221366,Meta Platforms Inc.,4.985948573,4.2,4316000,1568
WFC6455303,Wells Fargo & Co.,4.98644626,5,600000,2546
BA4983328,The Boeing Co.,4.987321664,5.15,9233000,1370
VMC4985657,Vulcan Materials Co.,4.987759913,3.5,119000,1401
BDX4986708,Becton Dickinson & Co.,4.988052781,2.823,294000,1389
ABC6310086,Cencora Inc.,4.989124933,4.25,1978000,1568
PWR5047885,Quanta Services Inc.,4.989140881,2.9,8494000,1523
ADM.GO,Archer-Daniels-Midland Co.,4.989420545,5.935,125000,2254
FDX4862202,FedEx Corp.,4.990173483,3.1,118000,1101
RSG5294386,Republic Services Inc.,4.990319625,2.375,5136000,2419
WFC5992023,Wells Fargo & Co.,4.990330036,5,685000,915
GSGR5927655,The Goldman Sachs Group Inc.,4.990502247,4.75,10000,1188
C6033406,Citigroup Inc.,4.990610118,5,75000,789
SNX5431999,TD SYNNEX Corp.,4.991399685,2.375,10000,740
BDX5128039,Becton Dickinson & Co.,4.991598629,1.957,3340000,1656
FCX4954560,Freeport-McMoRan Inc.,4.99169053,4.25,192000,1309
GS3925894,The Goldman Sachs Group Inc.,4.992077343,4.25,40000,1568
GS4013863,The Goldman Sachs Group Inc.,4.992123324,4,30000,1780
GS.ASV,The Goldman Sachs Group Inc.,4.992175391,5.75,112000,1933
GS4156715,The Goldman Sachs Group Inc.,4.992265331,4.15,231000,4763
AZO4971754,AutoZone Inc.,4.993115853,4,644000,1354
GS6433239,The Goldman Sachs Group Inc.,4.99339367,5,65000,1246
D5460399,Dominion Energy Inc.,4.993813439,4.35,36000,2207
GSGR5889065,The Goldman Sachs Group Inc.,4.993984327,4.75,23000,1141
STLD4997720,Steel Dynamics Inc.,4.994120839,3.25,175000,1629
ABNB6339033,Airbnb Inc.,4.994153029,4.65,8187000,1689
C6274601,Citigroup Inc.,4.994379928,4.3,20000,1635
FISV4845278,Fiserv Inc.,4.994535874,3.5,42441000,1066
JPM6075138,JPMorgan Chase & Co.,4.994546862,5,80000,1383
CCI5864081,Crown Castle Inc.,4.994646989,4.9,929000,1128
FANG5152188,Diamondback Energy Inc.,4.994956436,3.125,7905000,1697
ROP6145279,Roper Technologies Inc.,4.995325167,4.45,939000,1507
UBRT6170118,Uber Technologies Inc.,4.995333382,4.15,1717000,1629
JBL6283832,Jabil Inc.,4.995344779,4.2,1677000,916
JPM6392627,JPMorgan Chase & Co.,4.995533945,4.9,550000,2478
GSGR6354440,The Goldman Sachs Group Inc.,4.995577081,4.5,15000,976
WMI.GU,Waste Management Inc.,4.995832639,7.375,3000,1019
JPM6407616,JPMorgan Chase & Co.,4.996067805,4.95,212000,2492
JPM6183205,JPMorgan Chase & Co.,4.99612271,4.25,65000,1515
LLY4773885,McKesson Corp.,4.996123555,4.75,116000,1034
GS6453019,The Goldman Sachs Group Inc.,4.99639073,4.825,160000,1447
GSGR6245365,The Goldman Sachs Group Inc.,4.996613956,4.45,100000,1580
AMT6027260,American Tower Corp.,4.996691548,4.9,5187000,1323
GS6408508,The Goldman Sachs Group Inc.,4.99703561,4.875,25000,1747
GS3823914,The Goldman Sachs Group Inc.,4.997322362,5.5,40000,2054
JPM6379109,JPMorgan Chase & Co.,4.997953743,4.5,21000,1734
GS4165627,The Goldman Sachs Group Inc.,4.99805349,4.25,40000,4794
WFC6035366,Wells Fargo & Co.,4.998295924,5,105000,1333
JPM6336062,JPMorgan Chase & Co.,4.998425923,4.3,136000,1686
PPG4988389,PPG Industries Inc.,4.998920718,2.55,1060000,1415
NFLX4901374,Netflix Inc.,4.998970991,4.875,14442000,1415
ANTM5145664,Elevance Health Inc.,4.999496021,2.55,1344000,1688
MA5552138,Mastercard Inc.,4.999599258,4.85,1697000,2413
JPM6467122,JPMorgan Chase & Co.,4.999758557,5,264000,1826
HPQ4999883,HP Inc.,4.999774497,3.4,470000,1417
GS6453022,The Goldman Sachs Group Inc.,4.999914699,5,80000,1267
SCHW5372110,The Charles Schwab Corp.,5.000011596,2.9,1414000,2042
RPHC5237916,Royalty Pharma Plc,5.000036833,2.2,1253000,1494
C6411654,Citigroup Inc.,5.000109663,4.9,18000,1781
PGR5372893,The Progressive Corp.,5.000378346,3,5853000,2054
GS4345494,The Goldman Sachs Group Inc.,5.000651709,3.5,3000,1323
WFC6272560,Wells Fargo & Co.,5.000863129,4.25,40000,1614
PEP5850913,PepsiCo Inc.,5.000925117,4.8,3420000,2908
GS4255615,The Goldman Sachs Group Inc.,5.001127525,4.1,32000,6894
EXPE4959118,Expedia Group Inc.,5.001275757,3.25,2745000,1295
US023135CH74,Amazon.com Inc.,5.00145448,3.6,10000,2083
C4363070,Citigroup Inc.,5.001824542,3.25,84000,1749
DGX4986719,Quest Diagnostics Inc.,5.002225043,2.8,1813000,1795
HUB5143225,Hubbell Inc.,5.003193213,2.3,118000,1688
JPM6177867,JPMorgan Chase & Co.,5.003749909,4.55,65000,2246
MMC5314899,Marsh & McLennan Cos. Inc.,5.003817948,2.375,2043000,1963
WFC6335441,Wells Fargo & Co.,5.003892841,4.2,345000,1685
MCD5632698,McDonalds Corp.,5.005125301,4.95,1074000,2571
GS5131391,The Goldman Sachs Group Inc.,5.005333839,2,40000,2393
AA5869657,Howmet Aerospace Inc.,5.005641588,4.85,1973000,1902
ATO6427596,Atmos Energy Corp.,5.005672533,4.75,2322000,1994
JPM5930784,JPMorgan Chase & Co.,5.006433118,5,125000,1932
SHW5868782,The Sherwin-Williams Co.,5.006562922,4.8,4776000,1858
GS4359589,The Goldman Sachs Group Inc.,5.00705518,3.5,22000,2115
BAC6372108,Bank of America Corp.,5.007534898,5,420000,1726
EXC4972599,Exelon Corp.,5.007662967,4.05,1817000,1354
JPM6345485,JPMorgan Chase & Co.,5.008079337,4.5,198000,1697
MLM4962838,Martin Marietta Materials Inc.,5.008659388,2.5,14000,1323
PRU4250109,Prudential Financial Inc.,5.008848005,4.5,750000,6863
TMO6193344,Thermo Fisher Scientific Inc.,5.009082899,4.473,2327000,2260
GOOG6224225,Alphabet Inc.,5.00913161,4.375,20335000,2299
SNPS6020493,Synopsys Inc.,5.009715864,4.85,9668000,1340
VZ5148420,Verizon Communications Inc.,5.009942433,2.55,1282000,1694
PHM6309986,PulteGroup Inc.,5.009946047,4.25,198000,1674
OTIS5938810,Otis Worldwide Corp.,5.009981066,5.125,3529000,1937
PPG6221227,PPG Industries Inc.,5.010436661,4.375,265000,1688
BAC6401102,Bank of America Corp.,5.010587649,5,300000,1755
JPM5036547,JPMorgan Chase & Co.,5.011039899,1.5,9000,1581
NI6392712,NiSource Inc.,5.011396413,4.75,1640000,1752
LLY6082063,McKesson Corp.,5.011566293,4.95,1678000,2130
T4833812,AT&T Inc.,5.011630699,7.625,50000,1719
INTC5538521,Intel Corp.,5.011760808,5.125,4033000,1290
OKE6106028,ONEOK Inc.,5.011890641,5.625,6010000,533
C5861735,Citigroup Inc.,5.01250786,5,96000,1841
WMB4987219,The Williams Cos. Inc.,5.012683513,3.5,5117000,1568
CHD5314902,Church & Dwight Co. Inc.,5.012748907,2.3,15000,1963
C4904836,Citigroup Inc.,5.013287976,3,10000,1917
AJGG5295093,Arthur J. Gallagher & Co.,5.013741708,2.4,290000,1927
PG.GW,Procter & Gamble Co.,5.013946766,5.5,2560000,2742
GEHCV6092599,GE Healthcare Technologies Inc.,5.014134482,4.8,105000,1629
C6044681,Citigroup Inc.,5.014264456,5,40000,1361
FLEX5508747,Flex Ltd.,5.014755525,6,68000,533
OMC4972272,Omnicom Group Inc.,5.01576734,4.2,256000,1401
US33938XAA37,Flex Ltd.,5.015969549,4.875,1,1050
ES5145769,Eversource Energy,5.01606196,2.55,188000,1688
US459200KJ94,International Business Machines Corp.,5.016112536,1.95,1,1384
MSFT4307004,Microsoft Corp.,5.016494347,4.2,2733000,3382
CI5002511,The Cigna Group,5.016590182,7.875,116000,288
NOW6394086,ServiceNow Inc.,5.016726969,4.7,3049000,1841
A5143230,Agilent Technologies Inc.,5.017077363,2.3,1678000,1685
D4972849,Dominion Energy Inc.,5.017462233,3.375,2387000,1340
LRCX5433551,KLA Corp.,5.017850864,4.65,6856000,2176
BRO4805638,Brown & Brown Inc.,5.01844332,4.5,410000,958
PRU6432213,Prudential Financial Inc.,5.018716022,4.85,190000,2511
CFG4981697,Citizens Financial Group Inc. (Rhode Island),5.018886092,3.25,372000,1369
MS6466479,Morgan Stanley,5.018957555,5,45000,2555
ORLY5425701,OReilly Automotive Inc.,5.019066404,4.7,9296000,2146
US871607AC15,Synopsys Inc.,5.019556271,4.85,12000,1340
T4763010,AT&T Inc.,5.019831298,8.75,60000,1933
GSGR6365813,The Goldman Sachs Group Inc.,5.020012832,5,60000,1704
APC4869092,Occidental Petroleum Corp.,5.020031452,3.5,900000,1111
GS3899387,The Goldman Sachs Group Inc.,5.020647233,4.75,159000,4064
DUK5198813,Duke Energy Corp.,5.020827259,2.55,1230000,1780
BAC6414099,Bank of America Corp.,5.021491273,4.6,275000,1768
AMP5412918,Ameriprise Financial Inc.,5.021669587,4.5,112000,2113
MPLX5029276,MPLX LP,5.021942428,2.65,2420000,1476
GSGR6377720,The Goldman Sachs Group Inc.,5.022148678,5,40000,1734
JPM5953565,JPMorgan Chase & Co.,5.022168269,5,164000,1960
VZ4875315,Verizon Communications Inc.,5.02238062,3.5,20000,8416
C5176617,Citigroup Inc.,5.02277541,2,20000,822
BLK5589446,BlackRock Inc.,5.023260008,4.75,3532000,2490
JPM6336061,JPMorgan Chase & Co.,5.02326564,4.15,138000,1686
WFC5933880,Wells Fargo & Co.,5.023270786,5,96000,1925
ARES5699899,Ares Management Corp.,5.0236441,6.375,80000,833
ETR4987734,Entergy Corp.,5.023723068,2.8,2748000,1415
JNJ4340192,Johnson & Johnson,5.024172365,3.55,1674000,3501
C6221398,Citigroup Inc.,5.024452831,4.25,68000,1571
AEE4972837,Ameren Corp.,5.024896577,3.5,2361000,1629
BAC4099717,Bank of America Corp.,5.025155629,4.4,82000,2025
BAC4161408,Bank of America Corp.,5.025538134,4.05,45000,3699
VZ.MT,Verizon Communications Inc.,5.025746402,7.75,372000,1584
TMUS5190118,T-Mobile USA Inc.,5.026584225,3.875,34837000,1354
STZ4979737,Constellation Brands Inc.,5.026623099,2.875,8173000,1370
C6326622,Citigroup Inc.,5.026760597,4.3,45000,1690
US40434LAC90,HP Inc.,5.026877923,3.4,1,1417
MAR5143254,Marriott International Inc.,5.027527456,2.85,1174000,1719
WFC6003365,Wells Fargo & Co.,5.028027579,5,80000,928
LVS6066130,Las Vegas Sands Corp.,5.02804498,5.625,4325000,685
FDX6201187,FedEx Corp.,5.028047296,2.4,392000,1749
STT5140854,State Street Corp.,5.0280825,2.2,344000,1676
T6088663,AT&T Inc.,5.028277193,4.7,14314000,1476
C4878332,Citigroup Inc.,5.028565086,3,20000,1126
WFC6355934,Wells Fargo & Co.,5.029102178,4.8,245000,1706
IR5808486,Ingersoll Rand Inc.,5.029133937,5.314,2590000,1780
FTNT5139602,Fortinet Inc.,5.029465194,2.2,554000,1688
PG.GZ,Procter & Gamble Co.,5.029842766,5.8,963000,2937
JPM6212478,JPMorgan Chase & Co.,5.029910789,4.1,160000,1553
T4833799,AT&T Inc.,5.029972414,6.625,1000,1019
EQT6034682,EQT Corp.,5.030084819,4.5,433000,899
GS3973629,The Goldman Sachs Group Inc.,5.030429138,4.25,15000,4217
WFC4973233,Wells Fargo & Co.,5.030794757,7.95,4000,1203
TRGP6093495,Targa Resources Corp.,5.031029554,4.9,5030000,1507
ES5029274,Eversource Energy,5.03179967,1.65,324000,1476
APP5945418,Applovin Corp.,5.031939224,5.125,18745000,1219
WMI5538999,Waste Management Inc.,5.032382332,4.625,554000,2391
NI5029926,NiSource Inc.,5.032385632,1.7,656000,1660
GS4194815,The Goldman Sachs Group Inc.,5.032495421,4,15000,4885
ABT6321057,Abbott Laboratories,5.034481201,4.3,13767000,2419
CVS5596386,CVS Health Corp.,5.034486302,5.25,179000,1644
GSGR5889066,The Goldman Sachs Group Inc.,5.0345182,5,20000,1141
PWR6141783,Quanta Services Inc.,5.034583105,4.5,1182000,1629
NEM4962226,Newmont Corp.,5.034881892,2.25,86000,1523
BAC6427130,Bank of America Corp.,5.035264343,5,45000,2513
GSGR6354441,The Goldman Sachs Group Inc.,5.035779599,4.75,49000,1706
ADP5886198,Automatic Data Processing Inc.,5.035908746,4.45,167000,2962
MTZ5826558,MasTec Inc.,5.036555582,5.9,3932000,1050
MAR6153466,Marriott International Inc.,5.037501166,4.5,458000,1902
WFC6028927,Wells Fargo & Co.,5.037633143,5,125000,2056
DG5472135,Dollar General Corp.,5.03784183,5,305000,2285
SYY4950401,Sysco Corp.,5.038054899,2.4,2035000,1295
TPR5955472,Tapestry Inc.,5.038498148,5.1,696000,1319
GSGR6037190,The Goldman Sachs Group Inc.,5.038661195,5,12000,1704
GS6464490,The Goldman Sachs Group Inc.,5.039043209,5.05,160000,1461
WFC6302228,Wells Fargo & Co.,5.03943862,4.35,65000,1650
ABBV6322510,AbbVie Inc.,5.03963752,4.4,5319000,2419
USB6033276,U.S. Bancorp,5.039672455,5,15000,1332
GSGR6049025,The Goldman Sachs Group Inc.,5.039785561,5.05,15000,1357
BRO6098800,Brown & Brown Inc.,5.039832711,4.9,1336000,1423
RS5022704,Reliance Inc.,5.040609337,2.15,146000,1476
GS.CS,The Goldman Sachs Group Inc.,5.040644483,5,65000,1568
CCI4793685,Crown Castle Inc.,5.041834618,4.3,683000,930
WFC6158880,Wells Fargo & Co.,5.041902322,4.25,20000,759
EXC6009292,Exelon Corp.,5.042265085,5.125,260000,1688
LHX5770995,L3Harris Technologies Inc.,5.042341637,5.25,13199000,1766
MRK6400030,Merck & Co. Inc.,5.042968308,4.95,2279000,2487
PM6217590,Philip Morris International Inc.,5.043081298,4.25,404000,2282
GS6408510,The Goldman Sachs Group Inc.,5.043613939,4.65,80000,1033
HCN5389708,Welltower Inc.,5.043905232,3.85,1762000,2146
PAYX6050668,Paychex Inc.,5.043939928,5.1,1428000,1354
GS.FT,The Goldman Sachs Group Inc.,5.043955653,5.25,32000,1019
USB6016704,U.S. Bancorp,5.04434447,5,6000,1320
AMD5426831,Advanced Micro Devices Inc.,5.044791043,3.924,7991000,2132
OKE4962770,ONEOK Inc.,5.044802151,3.1,203000,1323
MMC5930468,Marsh & McLennan Cos. Inc.,5.045356585,4.85,7106000,1933
WMT6060988,Walmart Inc.,5.045711106,4.9,2716000,3193
FB6383864,Meta Platforms Inc.,5.04641991,4.55,26845000,1749
DHR5888406,Veralto Corp.,5.04646109,5.5,476000,49
KMI5021854,Kinder Morgan Inc.,5.046746375,2,213000,1660
MU5283108,Micron Technology Inc.,5.046900439,2.703,3947000,2085
GS6453025,The Goldman Sachs Group Inc.,5.046925422,5,60000,1812
CRWD5111049,CrowdStrike Holdings Inc.,5.04711918,3,5473000,930
JPM6430084,JPMorgan Chase & Co.,5.047256574,5.05,936000,2519
AVGO5904454,Broadcom Inc.,5.047305152,4.35,25624000,1295
PRU4165630,Prudential Financial Inc.,5.04734735,4.6,40000,6621
T6299522,AT&T Inc.,5.048183963,4.4,20274000,1734
EOG6102470,EOG Resources Inc.,5.048931841,5,8848000,2176
TDY5145783,Teledyne Technologies Inc.,5.049031604,2.75,9817000,1705
GSGR6054373,The Goldman Sachs Group Inc.,5.04937403,4.8,20000,2091
RPHC6166012,Royalty Pharma Plc,5.049545586,4.45,2377000,1698
TRGP6324503,Targa Resources Corp.,5.050378899,4.35,3442000,1719
LEN6075356,Lennar Corp.,5.050530758,5.2,1659000,1460
GS4189416,The Goldman Sachs Group Inc.,5.050836548,4.15,50000,5981
AMT4996709,American Tower Corp.,5.050841213,2.1,1315000,1415
US478160BU72,Johnson & Johnson,5.05084577,3.55,1,3501
GSGR5969473,The Goldman Sachs Group Inc.,5.051085865,5,3000,1249
C6031572,Citigroup Inc.,5.051357387,5,125000,971
AMGN5364492,Amgen Inc.,5.052058116,3.35,9212000,2032
FCX5014832,Freeport-McMoRan Inc.,5.052615119,4.625,607000,1462
C6031376,Citigroup Inc.,5.053490788,5.05,30000,1335
RCL5155641,Royal Caribbean Group,5.053567683,5.5,985000,610
JPM5826574,JPMorgan Chase & Co.,5.053787822,5.15,125000,1056
CCI4867568,Crown Castle Inc.,5.054005265,3.1,533000,1203
FB5868523,Meta Platforms Inc.,5.054059627,4.55,7908000,1841
JPM6467105,JPMorgan Chase & Co.,5.054140596,5.1,425000,1826
PG6217393,Procter & Gamble Co.,5.054150842,4.35,361000,3382
D5237908,Dominion Energy Inc.,5.054331713,2.25,1406000,1841
C6065654,Citigroup Inc.,5.054991964,5.05,100000,1384
LLY5750405,Eli Lilly & Co.,5.05518818,4.7,1650000,2750
ES6206774,Eversource Energy,5.055210329,4.45,319000,1598
DG4973347,Dollar General Corp.,5.055989442,3.5,313000,1342
WMI.HA,Waste Management Inc.,5.056095132,7.75,5000000,2115
GSGR6391432,The Goldman Sachs Group Inc.,5.05659173,5,503000,1748
AZO5025899,AutoZone Inc.,5.05688505,1.65,1262000,1629
CVS5029858,CVS Health Corp.,5.05738596,1.75,532000,1482
WFC5951216,Wells Fargo & Co.,5.05753557,5,39000,1220
SHW5298764,The Sherwin-Williams Co.,5.057697091,2.2,267000,2054
USB6462290,U.S. Bancorp,5.057712184,5.05,150000,1823
V4319928,Visa Inc.,5.058098272,4.15,5070000,3423
EBAY4962298,eBay Inc.,5.058134842,2.7,4288000,1319
CVS5092074,CVS Health Corp.,5.058217432,1.875,1325025,1673
MCO5456371,Moodys Corp.,5.058462968,4.25,430000,2200
GS6433231,The Goldman Sachs Group Inc.,5.058597869,5.25,123000,2506
C5892110,Citigroup Inc.,5.059357239,4.5,16000,1887
JPM4955927,JPMorgan Chase & Co.,5.059769779,2.5,36000,1489
WFC5924197,Wells Fargo & Co.,5.059813051,5.05,20000,3011
CVS5808460,CVS Health Corp.,5.060388612,5.55,6309000,1766
GS6453018,The Goldman Sachs Group Inc.,5.060670765,4.65,8000,1064
US031162CZ14,Amgen Inc.,5.061479468,2,1,1994
GS3934981,The Goldman Sachs Group Inc.,5.061770552,4.25,20000,2299
GSGR6294130,The Goldman Sachs Group Inc.,5.061826335,4.25,386000,1095
WFC6467604,Wells Fargo & Co.,5.062412929,5,60000,1826
MET.GL,MetLife Inc.,5.062518039,6.5,1060000,2329
JPM6336070,JPMorgan Chase & Co.,5.063201344,4.4,30000,1686
CBOE5372825,Cboe Global Markets Inc.,5.063316578,3,40000,2055
LMT4212512,Lockheed Martin Corp.,5.063338191,3.6,4948000,3135
PG.HD,Procter & Gamble Co.,5.063358883,5.55,214000,3870
AMGN5235281,Amgen Inc.,5.063708357,2,168000,1994
MSI6091359,Motorola Solutions Inc.,5.063814495,4.85,647000,1476
AVGO5015229,Broadcom Inc.,5.063957718,5,2643000,1354
PRU.GS,Prudential Financial Inc.,5.064099435,5.75,180000,2541
WMI5625990,Waste Management Inc.,5.064525386,4.875,3026000,2756
SYY6006743,Sysco Corp.,5.065030699,5.1,3260000,1515
GSGR6054368,The Goldman Sachs Group Inc.,5.065501346,4.6,75000,2091
GS4048498,The Goldman Sachs Group Inc.,5.065617725,5,55000,2603
UPS5815261,United Parcel Service Inc.,5.066879691,5.15,5849000,2852
BA.IO,The Boeing Co.,5.068647455,8.75,184000,1872
GSGR6340420,The Goldman Sachs Group Inc.,5.068836633,4.4,200000,1697
ATO5483126,Atmos Energy Corp.,5.06909324,5.45,57000,2268
CMCS4729178,Comcast Corp.,5.069350228,4.25,5826600,1537
AVGO6212822,Broadcom Inc.,5.069754522,2.45,21660000,1660
GSGR6014111,The Goldman Sachs Group Inc.,5.06998594,4.55,50000,577
GS6408506,The Goldman Sachs Group Inc.,5.070212953,5.025,45000,2128
BA5072873,The Boeing Co.,5.070615022,3.625,4147000,1646
GS6433240,The Goldman Sachs Group Inc.,5.070924977,5,24000,1776
MCD6153327,McDonalds Corp.,5.071368926,5,9452000,3484
HPQ6170134,Hewlett Packard Enterprise Co.,5.071640664,4.4,1200000,1537
AZO6448215,AutoZone Inc.,5.072030865,4.95,38034000,1810
PEG6414316,Public Service Enterprise Group Inc.,5.072062491,4.8,590000,1780
STZ6386632,Constellation Brands Inc.,5.072978227,4.85,1827000,1740
LOW5384541,Lowes Companies Inc.,5.073643406,3.75,24781000,2071
AMT5050784,American Tower Corp.,5.073756255,1.875,731000,1537
AMZN6448289,Amazon.com Inc.,5.073825714,4.8,165880000,1804
KDP6064829,Keurig Dr Pepper Inc.,5.074446619,4.6,670000,1384
T4991377,AT&T Inc.,5.074600877,2.75,15694000,1766
GS6420217,The Goldman Sachs Group Inc.,5.074986497,4.95,30000,1762
MDLZ5373676,Mondelez International Inc.,5.076036369,3,10000,2056
MSI5028499,Motorola Solutions Inc.,5.076075766,2.3,361000,1568
NOC5415135,Northrop Grumman Corp.,5.076315248,7.75,200000,1660
AA6224140,Howmet Aerospace Inc.,5.076677194,4.55,4288000,2299
CMCS4905972,Comcast Corp.,5.076748367,2.65,1172000,1281
GS3928921,The Goldman Sachs Group Inc.,5.076817034,4.3,43000,2299
VICI4916169,VICI Properties Inc.,5.076998912,4.25,44000,123
FLEX4841399,Flex Ltd.,5.077698178,4.875,165000,1050
PEG5029915,Public Service Enterprise Group Inc.,5.077806843,1.6,14990000,1476
C6100140,Citigroup Inc.,5.077844599,5.05,104000,1427
CBOE5093481,Cboe Global Markets Inc.,5.077904853,1.625,1601000,1598
MS3997651,Morgan Stanley,5.078057828,3.8,10000,2467
WMT.HV,Walmart Inc.,5.078855498,5.25,4989000,3319
PCG5002760,Pacific Gas & Electric Co.,5.079233866,2.1,172000,366
C6115496,Citigroup Inc.,5.079246607,4.8,1000,1083
OKE5764177,ONEOK Inc.,5.079622115,3.25,194000,1401
NTRS5495582,Northern Trust Corp.,5.08034388,6.125,872000,2286
GS4423237,The Goldman Sachs Group Inc.,5.0818721,3,10000,472
SYY5314910,Sysco Corp.,5.081929549,2.45,1486000,1962
GS6464506,The Goldman Sachs Group Inc.,5.082650346,5,200000,1280
MSCI4954562,MSCI Inc.,5.082950651,3.625,76000,1493
BAC5258122,Bank of America Corp.,5.083144573,2.25,10000,2603
BAC6431441,Bank of America Corp.,5.083690745,5,21000,1788
IBM5999344,International Business Machines Corp.,5.08388247,5,2755000,2020
MRK3704509,Merck & Co. Inc.,5.084242906,6.5,922000,2680
GM6070275,General Motors Co.,5.084450268,5.625,5418000,1354
AVGO5106449,Broadcom Inc.,5.08450031,2.45,100000,1660
C5256292,Citigroup Inc.,5.084623226,2,100000,1324
BAC4147363,Bank of America Corp.,5.084730993,4,15000,2541
EIX4609143,Edison International,5.085177856,4.125,125000,593
USB6018649,U.S. Bancorp,5.085738134,5.25,46000,2236
GSGR6216688,The Goldman Sachs Group Inc.,5.085865023,4.2,11000,1537
CVS5237148,CVS Health Corp.,5.086018741,2.125,4498000,1872
HBAN4943706,Huntington Bancshares Inc.,5.086037774,2.55,1166000,1284
MA5808459,Mastercard Inc.,5.086222469,4.875,1930000,2839
GS4056358,The Goldman Sachs Group Inc.,5.086259109,4.75,21000,2633
JPM6070171,JPMorgan Chase & Co.,5.086384047,5,20000,2664
GILD5648658,Gilead Sciences Inc.,5.087619528,5.25,11893000,2633
GSGR6049030,The Goldman Sachs Group Inc.,5.087742559,5,45000,1725
FDX4593524,FedEx Corp.,5.087865008,3.4,394000,564
TMO6308858,Thermo Fisher Scientific Inc.,5.088336928,4.55,4590000,2511
JPM4968976,JPMorgan Chase & Co.,5.088709868,2,8000,1333
GS4169543,The Goldman Sachs Group Inc.,5.089475648,4,12000,3363
GOOG6308911,Alphabet Inc.,5.089866775,4.4,12496000,2391
GSGR5906978,The Goldman Sachs Group Inc.,5.090783587,4.5,20000,2985
RPHC5222527,Royalty Pharma Plc,5.091000639,2.15,314000,1859
OKE5633312,ONEOK Inc.,5.091006036,5.8,256000,1554
LLY.HW,Eli Lilly & Co.,5.091183146,5.95,230000,4125
USB6075345,U.S. Bancorp,5.091313775,5.1,60000,1384
PWR5256496,Quanta Services Inc.,5.091795061,2.35,366000,1994
MRK.GV,Merck & Co. Inc.,5.092277335,5.75,146000,3760
UNP.KM,Union Pacific Corp.,5.092326561,5.375,130000,2497
AVGO6118452,Broadcom Inc.,5.092494593,4.6,12065000,1445
GSGR6377732,The Goldman Sachs Group Inc.,5.093594608,4.75,30000,2467
FCX4867588,Freeport-McMoRan Inc.,5.093742168,5.25,150000,1128
GS4091898,The Goldman Sachs Group Inc.,5.093911475,4.5,20000,3821
DAL6094663,Delta Air Lines Inc.,5.093915032,5.25,4881000,1440
JPM5744911,JPMorgan Chase & Co.,5.093947753,5,21000,2208
F.GW,Ford Motor Co.,5.09399308,6.625,100000,793
WFC6110875,Wells Fargo & Co.,5.093994853,5,30000,1795
IFF5240653,International Flavors & Fragrances Inc.,5.094093547,2.3,210000,1554
WMT6380084,Walmart Inc.,5.094429543,4.75,2339000,3561
USB6086982,U.S. Bancorp,5.094600494,5.1,50000,1404
ETE5667026,Energy Transfer LP,5.094638223,6.4,5628000,1584
LLY5871807,Eli Lilly & Co.,5.094980037,4.6,3441000,2936
GS6458185,The Goldman Sachs Group Inc.,5.09540473,4.8,420000,2547
BAC5316705,Bank of America Corp.,5.095571134,2,30000,326
GS6433251,The Goldman Sachs Group Inc.,5.095770017,4.9,75000,2525
AVGO5014742,Broadcom Inc.,5.095808154,4.3,7154000,2299
AMT5155353,American Tower Corp.,5.095932215,2.7,11000000,1719
VLO5306500,Valero Energy Corp.,5.096099183,2.8,135000,1949
ORCL4563254,Oracle Corp.,5.096190554,3.25,6429000,472
C6427628,Citigroup Inc.,5.096454207,5.1,400000,2526
GS6464501,The Goldman Sachs Group Inc.,5.096980687,5.05,200000,2555
HSY6010278,The Hershey Co.,5.097305378,5.1,2312000,3130
TTWO5394667,Take-Two Interactive Software Inc.,5.098318709,4,740000,2084
KDP5141413,Keurig Dr Pepper Inc.,5.098613724,2.25,1309000,1688
BAC4243676,Bank of America Corp.,5.098650116,4,66000,5402
GS5190263,The Goldman Sachs Group Inc.,5.098807758,2.75,40000,2493
WFC6087238,Wells Fargo & Co.,5.098847106,4.55,60000,669
KDP4974643,Keurig Dr Pepper Inc.,5.099054818,3.2,387000,1370
ROP5032325,Roper Technologies Inc.,5.09939354,1.75,2775000,1660
GSGR6026192,The Goldman Sachs Group Inc.,5.099666473,4.75,10000,2053
GSGR6204725,The Goldman Sachs Group Inc.,5.099736097,4.4,100000,1540
WFC5856226,Wells Fargo & Co.,5.099773198,5.1,200000,726
BAC4163637,Bank of America Corp.,5.099909627,4.125,40000,4064
NSC5533168,Norfolk Southern Corp.,5.099946944,4.45,622000,2405
UTX5547419,RTX Corp.,5.100105154,5.15,7427000,2403
RSG5715868,Republic Services Inc.,5.100111115,5,504000,2694
GSGR6340136,The Goldman Sachs Group Inc.,5.100166127,4.3,75000,1326
JPM5853844,JPMorgan Chase & Co.,5.100281521,5.15,150000,1826
GS.QA,The Goldman Sachs Group Inc.,5.100295874,6.125,805050,2391
CFG4946486,Citizens Financial Group Inc. (Rhode Island),5.100612059,2.5,185000,1286
GS3976616,The Goldman Sachs Group Inc.,5.10072083,4.2,200000,4245
ETR5142419,Entergy Corp.,5.101558754,2.4,1340000,1780
GS.AAC,The Goldman Sachs Group Inc.,5.101627772,5.5,24000,1660
LLY5600584,McKesson Corp.,5.101851343,5.1,6229000,2541
DLTR5313373,Dollar Tree Inc.,5.101934778,2.65,37000,1949
A3KNN0,T-Mobile USA Inc.,5.10204802,3.5,2000,1719
AVGO6276536,Broadcom Inc.,5.102085163,4.3,3013000,1629
WFC5876206,Wells Fargo & Co.,5.102175694,5.1,15000,1848
GS4177207,The Goldman Sachs Group Inc.,5.102258641,3.75,30000,2633
SYY4972643,Sysco Corp.,5.102268606,5.95,7934000,1340
GPN6228099,Global Payments Inc.,5.102827987,4.5,1400000,838
PM5503240,Philip Morris International Inc.,5.103533137,5.75,8077000,2301
JPM5253873,JPMorgan Chase & Co.,5.104367361,2,50000,2049
WFC6335442,Wells Fargo & Co.,5.104812572,4.05,300000,1320
C5908077,Citigroup Inc.,5.10517399,4.15,40000,1175
VZ5258973,Verizon Communications Inc.,5.105398503,2.2,60000,2603
ETE6281449,Energy Transfer LP,5.105402018,4.55,85000,1629
TYC5472079,Johnson Controls International Plc,5.105483578,4.9,3209000,2315
CRM5214231,Salesforce Inc.,5.105508474,1.95,29944000,1810
BAC4260084,Bank of America Corp.,5.106537011,4.3,90000,5433
IBM5354861,International Business Machines Corp.,5.10676224,2.72,200000,2019
GS.JBV,The Goldman Sachs Group Inc.,5.107690733,5.5,30000,3121
BX5313723,Cheniere Energy Partners LP,5.108103801,4,8134000,1674
PGR5591543,The Progressive Corp.,5.108453935,4.95,582000,2511
THC4996980,Tenet Healthcare Corp.,5.108742043,4.625,3611000,685
GS4182575,The Goldman Sachs Group Inc.,5.110450372,4,4000,4490
VZ4985612,Verizon Communications Inc.,5.110680665,1.9,45000,1384
PRU4196176,Prudential Financial Inc.,5.110953578,4.3,21000,6712
TMUS5192327,T-Mobile USA Inc.,5.110977983,2.55,11120000,1660
CMCS4970499,Comcast Corp.,5.111663388,3.4,3148000,1340
TPR5303776,Tapestry Inc.,5.1119282,3.05,313000,2054
GS4159959,The Goldman Sachs Group Inc.,5.112550091,4,44000,4064
VLO.HA,Valero Energy Corp.,5.112697782,8.75,399000,1415
BAC4096196,Bank of America Corp.,5.112861538,4.45,30000,2756
AVGO6183130,Broadcom Inc.,5.113112608,4.2,3266000,1537
INTC4969553,Intel Corp.,5.113341544,3.9,487000,1333
US126650DR85,CVS Health Corp.,5.113439883,2.125,1,1872
EXC5508235,Exelon Corp.,5.114147291,3.35,330000,2054
GS4050895,The Goldman Sachs Group Inc.,5.114248098,5,4000,4429
C6089162,Citigroup Inc.,5.114802028,5.1,150000,1417
PRU6318154,Prudential Financial Inc.,5.114858721,4.65,20000,3486
TMUS5150681,T-Mobile USA Inc.,5.114943008,3.5,2485000,1719
GS5403515,The Goldman Sachs Group Inc.,5.115730063,4.75,30000,2099
V6303668,Visa Inc.,5.116772933,4.7,3323000,3483
GSGR6080998,The Goldman Sachs Group Inc.,5.116803088,4.85,35000,2123
MS3958045,Morgan Stanley,5.117132483,4.15,15000,549
USB6033261,U.S. Bancorp,5.117412721,5.1,102000,1332
HUM4969905,Humana Inc.,5.117503145,4.875,514000,1340
PRU6424496,Prudential Financial Inc.,5.117609875,5.1,40000,3607
US00206RJY99,AT&T Inc.,5.117848681,2.75,1,1766
GS4276410,The Goldman Sachs Group Inc.,5.11802465,4.1,138000,5129
AJGG5959039,Arthur J. Gallagher & Co.,5.118134434,5,5792000,2025
DHR6410395,Veralto Corp.,5.11815357,4.85,1741000,1994
JNJ4462074,Johnson & Johnson,5.118296283,3.625,4729000,3868
GS4303851,The Goldman Sachs Group Inc.,5.118419248,4.25,24000,7016
MSI5182865,Motorola Solutions Inc.,5.118424001,2.75,5951000,1758
MAR6013891,Marriott International Inc.,5.118472437,5.1,82000,2085
VZ5252609,Verizon Communications Inc.,5.118972511,2.355,20523000,2054
GS6453021,The Goldman Sachs Group Inc.,5.119183435,5.1,130000,1812
JPM5745328,JPMorgan Chase & Co.,5.119204704,5.15,30000,2012
QCOM5500472,QUALCOMM Inc.,5.119228923,5.4,638000,2485
PEG5297058,Public Service Enterprise Group Inc.,5.120245428,2.45,1128000,1933
FDX4973962,FedEx Corp.,5.120753104,4.25,315000,1384
NOC5537479,Northrop Grumman Corp.,5.120883861,4.7,1432000,2419
WFC6070184,Wells Fargo & Co.,5.120990459,5.05,3000,1377
OMC6288624,Omnicom Group Inc.,5.121084026,4.75,615000,1338
LYV5785950,Live Nation Entertainment Inc.,5.121185455,3.75,1000000,533
MET5615830,MetLife Inc.,5.122171678,5.375,11878000,2541
BAC4207574,Bank of America Corp.,5.122465027,3.6,15000,4947
MS6010368,Morgan Stanley,5.122818889,5,60000,2581
KNVU5670790,Kenvue Inc.,5.123266384,4.9,3980000,2426
MRVL6107489,Marvell Technology Inc.,5.123529811,4.75,816000,1445
AVGO5846651,Broadcom Inc.,5.123914214,5.15,13470000,1933
ANTM5405194,Elevance Health Inc.,5.124581011,4.1,1027000,2115
BA5949322,The Boeing Co.,5.124627556,6.388,2914000,1735
O5094552,Realty Income Corp.,5.124805912,1.8,225000,2419
US87264ABW45,T-Mobile USA Inc.,5.124935909,3.5,12000,1719
BAC6458967,Bank of America Corp.,5.125001073,5,270000,1817
MMC5494059,Marsh & McLennan Cos. Inc.,5.125349786,5.75,914000,2285
SPGI5648521,S&P Global Inc.,5.125693261,5.25,178000,2603
WMT4647240,Walmart Inc.,5.125696886,3.95,6873000,4350
EFX4979269,Equifax Inc.,5.125780559,3.1,517000,1384
LYV5099205,Live Nation Entertainment Inc.,5.125823044,3.75,28000,533
OMC6289552,Omnicom Group Inc.,5.125844855,2.4,1590000,1674
US023135AP19,Amazon.com Inc.,5.126128179,4.8,2000,3049
C5415225,Citigroup Inc.,5.126379261,5,33000,2131
TMUS5109957,T-Mobile USA Inc.,5.126662851,2.875,526000,1660
JPM5922258,JPMorgan Chase & Co.,5.126678253,5,20000,2464
BDX5459700,Becton Dickinson & Co.,5.127180522,4.298,332000,2214
AVGO5014743,Broadcom Inc.,5.127388281,4.15,16217000,1568
BLK5767242,BlackRock Inc.,5.127834004,5,6003000,2783
APH6217657,Amphenol Corp.,5.128553053,4.4,5896000,2391
MTZ5018325,MasTec Inc.,5.129273134,4.5,80000,746
GS6408503,The Goldman Sachs Group Inc.,5.129442306,5,28000,1308
GSGR6308624,The Goldman Sachs Group Inc.,5.12977781,4.625,33000,2374
UNH5494736,UnitedHealth Group Inc.,5.129811827,5.35,5464000,2391
EBAY5178907,eBay Inc.,5.129869683,2.6,704000,1744
GS4290537,The Goldman Sachs Group Inc.,5.130347264,4,27000,4429
WFC6148559,Wells Fargo & Co.,5.130886135,4.55,70000,1476
BMY5754768,Bristol Myers Squibb Co.,5.131734586,5.2,3505000,2763
A2R99N,MSCI Inc.,5.132495645,4,2000,1203
BABA4309521,Alibaba Group Holding Ltd.,5.133526369,4.5,1160000,3042
C6127769,Citigroup Inc.,5.135552281,4.9,60000,1460
US345370BY59,Ford Motor Co.,5.135765603,6.625,1,793
O5485453,Realty Income Corp.,5.135943097,5.625,2979000,2266
CSX5647294,CSX Corp.,5.135963547,5.2,549000,2664
MSCI4908223,MSCI Inc.,5.136013959,4,650000,1203
WFC5752819,Wells Fargo & Co.,5.137606754,5.1,30000,930
US780153AW20,Royal Caribbean Group,5.138801688,3.7,24000,593
CAT.GNE,Caterpillar Inc.,5.138855627,5.3,266000,3333
MSFT4451228,Microsoft Corp.,5.139052472,4.1,3432000,3843
ILMN5150650,Illumina Inc.,5.139465322,2.55,135000,1696
PYPL6394286,PayPal Holdings Inc.,5.140416724,4.95,3180000,1766
THC4871475,Tenet Healthcare Corp.,5.140699436,5.125,5068000,458
US478160CF96,Johnson & Johnson,5.140756541,3.625,1,3868
MPLX6145298,MPLX LP,5.140800412,4.8,4924000,1660
LLY6003092,Eli Lilly & Co.,5.140880832,5.1,1175000,3118
C5039326,Citigroup Inc.,5.14119637,2,20000,2404
AMZN6237348,Amazon.com Inc.,5.141249351,4.35,3532000,2424
PM5541031,Philip Morris International Inc.,5.141265955,5.375,1956000,2391
TXN5748233,Texas Instruments Incorporated,5.141417602,4.85,390000,2749
HON6336493,Honeywell Aerospace Inc.,5.141643368,4.6,2000,2420
LUV4947535,Southwest Airlines Co.,5.141801059,2.625,414000,1290
HON5587552,Honeywell International Inc.,5.141903759,4.5,6714000,2725
AVB5508017,AvalonBay Communities Inc.,5.141990773,5,584000,2391
ANTM5923072,Elevance Health Inc.,5.141996761,4.95,566000,1919
XEL5293181,Xcel Energy Inc.,5.142124394,2.35,80000,1933
US87264ABW4,T-Mobile USA Inc.,5.142307763,3.5,20000,1719
STZ5225735,Constellation Brands Inc.,5.14240123,2.25,4952000,1827
WFC6382587,Wells Fargo & Co.,5.143020129,4.5,20000,1738
TMO5630927,Thermo Fisher Scientific Inc.,5.143111496,5.086,1035000,2567
DUK5459838,Duke Energy Corp.,5.143224987,4.5,1409000,2207
US87264ABW45,T-Mobile USA Inc.,5.143748954,3.5,1,1719
USB5921937,U.S. Bancorp,5.144427775,5,50000,3013
VRSK6320663,Verisk Analytics Inc.,5.144489379,4.45,434000,1688
APC4876397,Occidental Petroleum Corp.,5.144727381,7.95,15000,989
MS4087584,Morgan Stanley,5.144797657,4.625,80000,2726
IBM.JB,International Business Machines Corp.,5.144812018,5.875,541000,2313
T4763007,AT&T Inc.,5.144815459,8.75,33000,1674
C6147395,Citigroup Inc.,5.145513926,4.55,311000,1488
EQT6034679,EQT Corp.,5.14552597,4.75,3764000,1629
HD5834012,The Home Depot Inc.,5.1460177,4.95,2329000,2886
5593,Alibaba Group Holding Ltd.,5.146204091,4.5,10000,3042
GS6464488,The Goldman Sachs Group Inc.,5.146254869,5.225,85000,1826
WMB5140287,The Williams Cos. Inc.,5.147006531,2.6,6799000,1688
GS3923608,The Goldman Sachs Group Inc.,5.147064673,4.4,10000,2299
EQIX4999475,Equinix Inc.,5.147112559,2.15,2660000,1445
MLM5207441,Martin Marietta Materials Inc.,5.147299106,2.4,23295000,1810
JPM5966592,JPMorgan Chase & Co.,5.147408063,5.1,75000,2519
WFC5001975,Wells Fargo & Co.,5.147609387,2,16000,687
PSA5623257,Public Storage,5.147830077,5.1,4071000,2558
JPM6420071,JPMorgan Chase & Co.,5.147970955,5.15,95000,2873
LMT5741196,Lockheed Martin Corp.,5.148690356,4.8,6552000,2937
LMT5592156,Lockheed Martin Corp.,5.148724354,4.75,3197000,2756
XEL5409077,Xcel Energy Inc.,5.148782807,4.6,460000,2132
ES5793766,Eversource Energy,5.148987336,5.85,530000,1719
HUM5231759,Humana Inc.,5.149059737,2.15,1788000,2013
PYPL5415327,PayPal Holdings Inc.,5.149260657,4.4,3081000,2132
GS4288141,The Goldman Sachs Group Inc.,5.149453371,4.25,30000,6986
AMZN6336476,Amazon.com Inc.,5.149788134,4.55,6803000,2417
VLO.HR,Valero Energy Corp.,5.149860068,7.5,3237000,2085
O5300362,Realty Income Corp.,5.150290541,2.85,1548000,2329
BAC6138841,Bank of America Corp.,5.151409874,5.05,18000,2196
MCD5812107,McDonalds Corp.,5.151569331,5.2,163000,2847
BAC6407861,Bank of America Corp.,5.152161173,5,230000,1762
JPM5092926,JPMorgan Chase & Co.,5.152492145,1.55,75000,1594
PRU4247165,Prudential Financial Inc.,5.152759129,4.55,21000,6863
MO5123990,Altria Group Inc.,5.15366945,2.45,2040000,2014
WFC5882510,Wells Fargo & Co.,5.154792244,4.92,20000,2952
PFE5500985,Zoetis Inc.,5.155359104,5.6,2667000,2300
GWW5887189,W.W. Grainger Inc.,5.155704783,4.45,20000,2968
GS3931592,The Goldman Sachs Group Inc.,5.155989796,4.25,22000,2299
AZO5448855,AutoZone Inc.,5.156197551,4.75,240000,2193
CMCS5497646,Comcast Corp.,5.156200101,5.5,3585000,2299
PCG5011978,Pacific Gas & Electric Co.,5.156346772,4.55,11662000,1431
HPQ5892416,Hewlett Packard Enterprise Co.,5.156937919,4.85,6111000,1902
ROP4999462,Roper Technologies Inc.,5.156993029,2,141000,1430
ECL6401406,Ecolab Inc.,5.157469979,5.15,5470000,2511
JNJ4563814,Johnson & Johnson,5.15848691,3.4,2227000,4186
GSGR5829256,The Goldman Sachs Group Inc.,5.159154732,5,10000,318
AMP5552140,Ameriprise Financial Inc.,5.15942521,5.15,869000,2480
SBUX6071258,Starbucks Corp.,5.159597752,5.4,10000,3210
C5956314,Citigroup Inc.,5.160626346,4.75,12000,1242
BMY5678158,Bristol Myers Squibb Co.,5.160702543,5.9,2562000,2664
GSGR5797896,The Goldman Sachs Group Inc.,5.160886249,5.35,35000,2100
DIS4908062,The Walt Disney Co.,5.161424995,6.2,848000,3059
UNP6003095,Union Pacific Corp.,5.161510482,5.1,5054000,3126
CMCS5029284,Comcast Corp.,5.161606832,1.5,3733000,1660
PEP5999640,PepsiCo Inc.,5.161775718,5,1431000,3113
OMC5176817,Omnicom Group Inc.,5.16230139,2.6,707000,1827
TEAM5809122,Atlassian Corp.,5.162385868,5.25,747000,1019
ANTM6170018,Elevance Health Inc.,5.162587845,4.6,3546000,2238
GSGR6096673,The Goldman Sachs Group Inc.,5.162751557,5.1,45000,1413
GS6408505,The Goldman Sachs Group Inc.,5.162859877,5.05,68000,1763
CMI5754415,Cummins Inc.,5.164025627,5.15,6314000,2761
GS6464477,The Goldman Sachs Group Inc.,5.164162601,5.05,250000,1806
JPM6433084,JPMorgan Chase & Co.,5.164327449,5.1,507000,3066
NTAP5003665,NetApp Inc.,5.164400968,2.7,659000,1422
CAT.GVB,Caterpillar Inc.,5.164674288,6.05,97000,3668
CNC5210804,Centene Corp.,5.16516951,2.45,5338000,715
O5735721,Realty Income Corp.,5.16523349,2.7,35000,2025
APD5749373,Air Products & Chemicals Inc.,5.165324035,4.85,443000,2749
AMZN4190411,Amazon.com Inc.,5.165343789,4.8,5007000,3049
GOOG6065581,Alphabet Inc.,5.165414938,4.5,6250000,3210
CMCS4990812,Comcast Corp.,5.165580014,1.95,626000,1629
WMB.HX,The Williams Cos. Inc.,5.166413106,7.75,75000,1780
INTC6380120,Intel Corp.,5.166488117,4.65,15365000,1766
VRSN5191102,VeriSign Inc.,5.16664403,2.7,997000,1780
TMUS5194659,T-Mobile USA Inc.,5.166765514,2.25,16831000,1933
RCL5334490,Royal Caribbean Group,5.167051839,5.375,3000000,349
AMT5265404,American Tower Corp.,5.167325689,2.3,4093000,1872
MSFT4389879,Microsoft Corp.,5.167426,3.45,18426000,3661
MA5885400,Mastercard Inc.,5.16744274,4.55,3118000,3090
INTU6420602,Intuit Inc.,5.167594844,4.95,6161000,1780
GSGR5871780,The Goldman Sachs Group Inc.,5.167714105,5,4000,2938
CVS6147525,CVS Health Corp.,5.168023048,5,1911000,2238
C5384530,Citigroup Inc.,5.168089268,4,39000,2070
ABBV5759203,AbbVie Inc.,5.168260452,5.05,15310000,2784
STZ5408630,Constellation Brands Inc.,5.168562636,4.75,1382000,2109
WFC5573785,Wells Fargo & Co.,5.169364134,5.15,200000,637
TMO5710956,Thermo Fisher Scientific Inc.,5.169960262,5.2,5442000,2741
AVB5713314,AvalonBay Communities Inc.,5.170626155,5.3,620000,2686
WFC6098910,Wells Fargo & Co.,5.171056845,5.2,50000,2147
JPM5876496,JPMorgan Chase & Co.,5.171459001,5.05,15000,2404
SBUX5538332,Starbucks Corp.,5.17148087,4.8,5816000,2391
CNP4729745,CenterPoint Energy Inc.,5.17167288,4.25,10000,824
GS4237284,The Goldman Sachs Group Inc.,5.172399597,3.6,9000,5007
WMT.IJ,Walmart Inc.,5.172434939,5.625,3784000,4993
GE5591353,GE Healthcare Technologies Inc.,5.17264098,5.905,4210000,2306
VRSN6432101,VeriSign Inc.,5.172859192,5.1,16169000,1810
GSGR6068973,The Goldman Sachs Group Inc.,5.173192284,5,63000,1020
JPM5735588,JPMorgan Chase & Co.,5.173662896,5.1,30000,2741
GS4122918,The Goldman Sachs Group Inc.,5.173887356,4.25,70000,2845
GS4260091,The Goldman Sachs Group Inc.,5.174072343,4.35,4000,6894
GS3885134,The Goldman Sachs Group Inc.,5.174114995,4.75,135000,2572
KDP5766462,Keurig Dr Pepper Inc.,5.174958941,5.2,415000,1688
PEP6129859,PepsiCo Inc.,5.175459697,5,9389000,3279
AMGN5463176,Amgen Inc.,5.175957474,4.2,2389000,2405
US29444UBH86,Equinix Inc.,5.176627216,2.15,1,1445
GS3851430,The Goldman Sachs Group Inc.,5.177031246,5.5,20000,3941
GSGR5871796,The Goldman Sachs Group Inc.,5.177129186,5.2,24000,2208
UNP.KX,Union Pacific Corp.,5.177272663,6.15,6000,3927
HON.GY,Honeywell International Inc.,5.177763599,5.7,40000,3880
CAT6075085,Caterpillar Inc.,5.177900491,5.2,6099000,3210
BAC6388726,Bank of America Corp.,5.178218718,5,180000,2838
JPM5876500,JPMorgan Chase & Co.,5.179144134,5,196000,2952
GS4132828,The Goldman Sachs Group Inc.,5.17933567,4.2,37000,4702
WFC5960201,Wells Fargo & Co.,5.179691328,5,15000,1964
MS4125793,Morgan Stanley,5.180857297,4.3,30000,2852
EXPE5205507,Expedia Group Inc.,5.180888911,2.95,2308000,1688
JPM5871663,JPMorgan Chase & Co.,5.181073528,5,60000,2392
WMI4214123,Waste Management Inc.,5.181493786,3.9,210000,3135
AEP5497572,American Electric Power Co. Inc.,5.181775434,5.95,64000,2285
BAC4276404,Bank of America Corp.,5.181976103,4,55000,4033
CCL5226138,Carnival Corp. Ltd.,5.182806541,4,16000,732
USB6326224,U.S. Bancorp,5.183064414,5,16000,3868
WFC6344294,Wells Fargo & Co.,5.183596736,4.7,30000,2427
GSGR6014115,The Goldman Sachs Group Inc.,5.183749507,5.2,60000,3134
GSGR5889054,The Goldman Sachs Group Inc.,5.183850704,4.45,150000,1874
SYY6310065,Sysco Corp.,5.183872196,4.4,18702000,1820
FDX6201997,FedEx Corp.,5.184085167,4.9,50000,2725
INTU5651456,Intuit Inc.,5.184197708,5.25,2980000,46
NSC5706993,Norfolk Southern Corp.,5.184762721,5.55,1418000,2784
US57636QBC78,Mastercard Inc.,5.184857982,4.55,1,3090
ALL5564982,The Allstate Corp.,5.185021873,5.25,2152000,2434
JPM6467107,JPMorgan Chase & Co.,5.185459017,5.2,8000,2555
USB6395537,U.S. Bancorp,5.18601601,5,75000,2119
US031162DJ62,Amgen Inc.,5.18610727,4.2,1,2405
GS4043015,The Goldman Sachs Group Inc.,5.18652809,5,8000,2572
AMGN5542390,Amgen Inc.,5.187777435,5.25,16713000,2406
C6055647,Citigroup Inc.,5.188762996,5.15,3000,1369
ENTG4979812,Entegris Inc.,5.188782318,4.375,90000,624
CNP5183480,CenterPoint Energy Inc.,5.189471762,2.65,21000,1766
CCI4972847,Crown Castle Inc.,5.190002157,3.3,2280000,1431
DE5980395,Deere & Co.,5.190621977,5.45,9938000,3091
RSG5558775,Republic Services Inc.,5.191246716,5,562000,2801
C6193255,Citigroup Inc.,5.191853629,5,26000,3365
BAC4159954,Bank of America Corp.,5.191928643,4.05,38000,3699
EIX5586094,Edison International,5.191971916,5.25,644000,838
JPM5744993,JPMorgan Chase & Co.,5.192084212,5.2,10000,2208
JPM6433085,JPMorgan Chase & Co.,5.192425392,5.225,75000,2884
JPM5599602,JPMorgan Chase & Co.,5.19296268,5.5,40000,1960
GS6419282,The Goldman Sachs Group Inc.,5.19301683,5.25,1887000,4333
US458140BU38,Intel Corp.,5.193021332,2,1,1838
PCG5002761,Pacific Gas & Electric Co.,5.193554146,2.5,1987000,1646
GSGR6230767,The Goldman Sachs Group Inc.,5.19424843,5.05,130000,4123
FIS5138427,Fidelity National Information Services Inc.,5.194259941,2.25,29000,1674
EBAY5500361,eBay Inc.,5.194345393,6.3,80000,2306
ALL.GR,The Allstate Corp.,5.194530781,6.125,76000,2329
AMT5389714,American Tower Corp.,5.194620438,4.05,1250000,2054
CCL6193409,Carnival Corp. Ltd.,5.194872528,5.125,220000,1005
GILD6397431,Gilead Sciences Inc.,5.194993853,4.9,344000,2850
GSGR6057824,The Goldman Sachs Group Inc.,5.195127148,5.25,18000,1369
SPGI6249909,S&P Global Inc.,5.195821552,4.8,121000,3413
GS4258255,The Goldman Sachs Group Inc.,5.195884485,4.25,100000,5798
GS4280875,The Goldman Sachs Group Inc.,5.195928071,4.1,24000,5129
GS4217844,The Goldman Sachs Group Inc.,5.196033705,3.75,60000,6437
WFC6420557,Wells Fargo & Co.,5.196085634,5,8000,1959
UNH5559764,UnitedHealth Group Inc.,5.196564814,4.5,1251000,2450
JBL4934570,Jabil Inc.,5.196670656,3.6,289000,1264
ADI5784580,Analog Devices Inc.,5.196845662,5.05,646000,2801
WFC6231355,Wells Fargo & Co.,5.197121973,4.5,90000,2298
GSGR6245364,The Goldman Sachs Group Inc.,5.197320038,4.55,75000,2296
GS4103214,The Goldman Sachs Group Inc.,5.19765908,4.5,160000,4610
JPM6430083,JPMorgan Chase & Co.,5.197819039,5.25,416000,2519
BAC4224383,Bank of America Corp.,5.197827147,3.75,26000,4610
PRU6073296,Prudential Financial Inc.,5.197831356,5.1,60000,3210
GSGR6037186,The Goldman Sachs Group Inc.,5.19835093,5.2,180000,1337
WFC5406614,Wells Fargo & Co.,5.199021785,4,45000,638
GS4163646,The Goldman Sachs Group Inc.,5.199322489,4,66000,3699
APH5785366,Amphenol Corp.,5.199767599,5.25,325000,2805
XYLE6401375,Xylem Inc.,5.199822873,5.2,2423000,2497
BABA6202211,Alibaba Group Holding Ltd.,5.199951851,5.25,800000,3221
FDX6296779,FedEx Freight Holding Co. Inc.,5.200010759,4.65,400000,1688
CMCS6070051,Comcast Corp.,5.200190798,4.95,950000,2115
UNP5278371,Union Pacific Corp.,5.20019557,2.891,9784000,3537
LLY6153403,Eli Lilly & Co.,5.20048297,4.9,5325000,3363
ANTM5495608,Elevance Health Inc.,5.201147415,5.5,2796000,2268
GSGR6123595,The Goldman Sachs Group Inc.,5.201252008,5,20000,4009
CSCO5757946,Cisco Systems Inc.,5.201387524,5.05,4397000,2767
BAM6234135,Brookfield Asset Management Ltd.,5.202210985,4.653,6113000,1568
INTC5238073,Intel Corp.,5.202271417,2,1480000,1838
UTX5698937,RTX Corp.,5.202732314,6.1,6165000,2784
C6100141,Citigroup Inc.,5.202865027,5,75000,1792
GS4286398,The Goldman Sachs Group Inc.,5.202890832,4.25,4000,6986
GS.JEV,The Goldman Sachs Group Inc.,5.203286046,5,16000,380
ATO5665217,Atmos Energy Corp.,5.203339884,5.9,2650000,2664
GD6065458,General Dynamics Corp.,5.203555173,4.95,366000,3302
WMT.IC,Walmart Inc.,5.203717102,6.5,70000,4033
LMT6131703,Lockheed Martin Corp.,5.203951723,5,1499000,3302
GSGR5900312,The Goldman Sachs Group Inc.,5.20511562,4.4,30000,2983
JPM6133423,JPMorgan Chase & Co.,5.205923906,5.05,11000,2191
UPS6075096,United Parcel Service Inc.,5.205936747,5.25,2578000,3209
GSGR6354439,The Goldman Sachs Group Inc.,5.205964618,5,50000,1706
EIX5840098,Edison International,5.206023507,5.45,200000,1050
MSCI5233693,MSCI Inc.,5.206118844,3.25,85000,2572
JPM5738088,JPMorgan Chase & Co.,5.206403017,5.2,40000,2005
MS6000358,Morgan Stanley,5.206423936,5.05,200000,3115
PFG5552130,Principal Financial Group Inc.,5.206761706,5.375,50000,2419
NFLX5862367,Netflix Inc.,5.207356407,4.9,2658000,2937
GSGR6365798,The Goldman Sachs Group Inc.,5.207454823,5.125,60000,2435
JPM5046516,JPMorgan Chase & Co.,5.207477043,2,95000,3340
APC5856280,Occidental Petroleum Corp.,5.207909793,5.375,1807000,1980
BLK5852549,BlackRock Inc.,5.208027482,4.9,690000,3083
GSGR6042732,The Goldman Sachs Group Inc.,5.208440253,5.25,15000,2436
GPN4869987,Global Payments Inc.,5.20845053,3.2,5011000,1111
ABC6310084,Cencora Inc.,5.208604501,4.6,4930000,2389
C6221397,Citigroup Inc.,5.209019178,4.5,75000,2301
GSGR5861475,The Goldman Sachs Group Inc.,5.20924811,4.7,15000,367
ES5367086,Eversource Energy,5.210179648,3.375,82000,2040
USB6088238,U.S. Bancorp,5.210497613,5.25,10000,1404
KMI5532987,Kinder Morgan Inc.,5.210761706,5.2,658000,2497
LVS4865814,Las Vegas Sands Corp.,5.21108142,3.9,3060000,1104
MS4133978,Morgan Stanley,5.211193112,4.2,40000,2880
DVN.GN,Devon Energy Corp.,5.211207403,7.95,50000,2085
GS6399877,The Goldman Sachs Group Inc.,5.211452161,5,25000,1579
MO.GP,Altria Group Inc.,5.211618137,7.75,35000,168
CCI5128067,Crown Castle Inc.,5.212108159,2.1,8783000,1705
MCHP5960317,Microchip Technology Inc.,5.212203228,5.05,2634000,1295
GS6433241,The Goldman Sachs Group Inc.,5.212611053,5.25,30000,1795
C6235815,Citigroup Inc.,5.213769557,4.55,5000,2310
JPM6143643,JPMorgan Chase & Co.,5.213863032,4.6,15000,2205
MDT4284341,Medtronic Inc.,5.214902507,4.375,918000,3149
EIX4848278,Edison International,5.214921127,5.75,580000,319
GSGR6391437,The Goldman Sachs Group Inc.,5.215085261,5,250000,2114
JPM5744972,JPMorgan Chase & Co.,5.215110182,5.15,140000,2756
GSGR5889071,The Goldman Sachs Group Inc.,5.215149607,5,40000,2055
JNJ.GR,Johnson & Johnson,5.2168206,5.85,563000,4367
MMM.GP,3M Co.,5.216957152,5.7,1549000,3880
RSG6032510,Republic Services Inc.,5.217475319,5.15,1320000,3149
JPM6177864,JPMorgan Chase & Co.,5.21753371,5,45000,3339
TGT5885569,Target Corp.,5.217596227,4.5,1706000,2968
FISV4986756,Fiserv Inc.,5.217624616,2.65,128000,1401
SNPS6020494,Synopsys Inc.,5.217651323,5,8521000,2071
OKE4984103,ONEOK Inc.,5.217674805,6.35,5270000,1629
JPM5953542,JPMorgan Chase & Co.,5.218403015,5.15,20000,3057
GSGR6308609,The Goldman Sachs Group Inc.,5.218478945,4.5,15000,2390
MS6122609,Morgan Stanley,5.218552568,4.85,300000,3276
MMC5647796,Marsh & McLennan Cos. Inc.,5.218559402,5.4,729000,2603
FIS6330949,Fidelity National Information Services Inc.,5.219233636,4.8,4003000,1683
FISV5864320,Fiserv Inc.,5.219338853,4.75,5797000,1323
JPM6467106,JPMorgan Chase & Co.,5.21939361,5.225,985000,3091
US172967BL44,Citigroup Inc.,5.219970239,6.625,2,2146
T5022058,AT&T Inc.,5.220187603,2.25,4608000,2011
ILMN6231083,Illumina Inc.,5.220241234,4.75,130000,1595
APC5093900,Occidental Petroleum Corp.,5.220245456,6.125,155000,1615
MRVL5260819,Marvell Technology Inc.,5.220314516,2.95,1769000,1719
PRU.OJ,Prudential Financial Inc.,5.220389715,5.4,90000,3239
JPM6025243,JPMorgan Chase & Co.,5.220534539,5,8000,2051
VZ4891518,Verizon Communications Inc.,5.220628586,3.55,4000,8477
AEP5548720,American Electric Power Co. Inc.,5.221005624,5.625,663000,2405
GSGR6204718,The Goldman Sachs Group Inc.,5.221054686,4.95,20000,4099
JPM5757821,JPMorgan Chase & Co.,5.221155804,5.25,110000,2223
WFC6003366,Wells Fargo & Co.,5.221847134,5.25,20000,2023
VZ4622412,Verizon Communications Inc.,5.22221692,7.875,210000,2162
NVDA6427660,NVIDIA Corp.,5.222401836,4.75,44360000,2511
APC4878217,Occidental Petroleum Corp.,5.223080415,7.5,1331000,1735
ROK.GF,Rockwell Automation Inc.,5.223230351,6.25,200000,4141
US871607AD97,Synopsys Inc.,5.223356105,5,12000,2071
PM5647210,Philip Morris International Inc.,5.22356219,5.625,2653000,2595
OKE5890654,ONEOK Inc.,5.224420514,4.75,3078000,1902
TMUS5314840,T-Mobile USA Inc.,5.224666842,2.7,434000,2054
LOW5472119,Lowes Companies Inc.,5.22477054,5,7180000,2450
GS.ASG,The Goldman Sachs Group Inc.,5.22520096,5.35,24000,1933
TMUS6037449,T-Mobile USA Inc.,5.22554313,5.125,800000,2115
ADSK5275354,Autodesk Inc.,5.225601721,2.4,2874000,1963
IBM5449457,International Business Machines Corp.,5.226961455,4.4,1587000,2188
C4920070,Citigroup Inc.,5.227958155,3,3000,1971
ICE5414185,Intercontinental Exchange Inc.,5.228350308,4.6,347000,2419
JPM5099155,JPMorgan Chase & Co.,5.228429769,1.85,20000,2519
GSGR6245474,The Goldman Sachs Group Inc.,5.228752527,4.25,15000,1565
US337738BC18,Fiserv Inc.,5.229512958,2.65,1,1401
BAM6367722,Brookfield Asset Management Ltd.,5.230178963,4.832,2203000,1719
BAC5229361,Bank of America Corp.,5.230468124,2.54,60000,3651
GILD5939389,Gilead Sciences Inc.,5.231314533,5.1,1468000,3241
GSGR5969472,The Goldman Sachs Group Inc.,5.231640292,5.25,30000,2345
FB6221367,Meta Platforms Inc.,5.231861811,4.6,9174000,2299
USB5937457,U.S. Bancorp,5.232217768,5.15,30000,3038
GSGR6230769,The Goldman Sachs Group Inc.,5.232425152,4.4,340000,1566
NSC6064886,Norfolk Southern Corp.,5.232990444,5.1,2432000,3196
IBM5534364,International Business Machines Corp.,5.233505473,4.75,1300000,2382
DVN5328970,Devon Energy Corp.,5.233525772,5.25,465000,441
MAR5029913,Marriott International Inc.,5.235025309,3.5,2412000,2268
WFC5745630,Wells Fargo & Co.,5.235057525,5.25,680000,920
C4818625,Citigroup Inc.,5.23582578,3.5,9000,252
US023135AP19,Amazon.com Inc.,5.236590919,4.8,1,3049
MAR5255554,Marriott International Inc.,5.236899794,2.75,354000,2633
BAC4091894,Bank of America Corp.,5.237384816,4.35,9000,899
O6356092,Realty Income Corp.,5.237635127,4.75,618000,2450
GS4126834,The Goldman Sachs Group Inc.,5.237712054,4.3,10000,3576
JPM5930173,JPMorgan Chase & Co.,5.237793877,5.2,90000,2296
LMT4311608,Lockheed Martin Corp.,5.238297871,4.5,602000,3576
GS.GEW,The Goldman Sachs Group Inc.,5.239309899,5.5,40000,2511
EQT4937552,EQT Corp.,5.239623175,7,386000,1281
GSGR6183267,The Goldman Sachs Group Inc.,5.23987581,4.5,40000,2253
DIS4908617,The Walt Disney Co.,5.239934891,8.45,105000,2923
NOC5744482,Northrop Grumman Corp.,5.239950493,4.9,2038000,2862
WFC6091308,Wells Fargo & Co.,5.240488983,5.3,15000,2136
FB5522168,Meta Platforms Inc.,5.240525726,3.85,10492900,2207
GSGR6049026,The Goldman Sachs Group Inc.,5.240556732,5.25,50000,2456
PAYX6050669,Paychex Inc.,5.241203114,5.35,23919000,2085
EFX5239129,Equifax Inc.,5.241310969,2.35,337000,1872
NEM5766136,Newmont Corp.,5.241440897,5.35,2325000,2784
WFC5881074,Wells Fargo & Co.,5.241907928,5.15,270000,2951
GS6464482,The Goldman Sachs Group Inc.,5.241922842,5.25,10000,3653
PCG5145841,Pacific Gas & Electric Co.,5.242073702,3.25,3780000,1766
JPM6102526,JPMorgan Chase & Co.,5.242723498,5.2,60000,2154
WFC6061158,Wells Fargo & Co.,5.243837321,5.25,6000,1367
VICI4916170,VICI Properties Inc.,5.244147476,4.625,27000,1219
PH4186044,Parker-Hannifin Corp.,5.244376257,4.2,1286000,3035
GS6433232,The Goldman Sachs Group Inc.,5.244831246,5.15,30000,2161
GSGR6320791,The Goldman Sachs Group Inc.,5.244913156,4.8,30000,2387
GS6420219,The Goldman Sachs Group Inc.,5.244933775,5.1,255000,2146
GS6453014,The Goldman Sachs Group Inc.,5.244934295,5.05,150000,2181
C6455191,Citigroup Inc.,5.244945414,5.25,20000,2555
ORCL5153810,Oracle Corp.,5.245015932,2.3,4950000,603
GE4809127,Synchrony Financial,5.245424486,5.15,5706000,962
AVGO5974998,Broadcom Inc.,5.245435664,5.2,1420000,2085
BAC6082936,Bank of America Corp.,5.245681535,5.25,15000,2307
BAC6210853,Bank of America Corp.,5.246452906,4.25,165000,1544
ALL.GS,The Allstate Corp.,5.246816258,5.35,10000,2497
CSCO6010283,Cisco Systems Inc.,5.246827613,5.1,3449000,3130
WFC5888194,Wells Fargo & Co.,5.246913847,5,45000,2964
MSFT.GC,Microsoft Corp.,5.247219905,5.2,4749000,4688
GSGR6003300,The Goldman Sachs Group Inc.,5.247336602,5.25,40000,1294
SBUX5748270,Starbucks Corp.,5.247663347,5,5104000,2756
GS6453028,The Goldman Sachs Group Inc.,5.24773981,5.125,4741000,1816
GSGR5900375,The Goldman Sachs Group Inc.,5.247934885,4.95,40000,2982
MMC.GG,Marsh & McLennan Cos. Inc.,5.247963874,5.875,1535000,2558
GS.GEM,The Goldman Sachs Group Inc.,5.247969829,5.5,15000,3241
GS5540889,The Goldman Sachs Group Inc.,5.248277791,4.9,24000,2393
JPM6336064,JPMorgan Chase & Co.,5.248411783,4.55,60000,2415
JPM5998370,JPMorgan Chase & Co.,5.248492377,5.15,40000,2023
GSGR6003281,The Goldman Sachs Group Inc.,5.248518398,5.1,60000,3120
JPM6231622,JPMorgan Chase & Co.,5.248762734,4.6,120000,2296
LOW5563996,Lowes Companies Inc.,5.248917831,5.15,8306000,2527
NRG4836974,NRG Energy Inc.,5.249253062,4.45,200000,1050
WMI5930356,Waste Management Inc.,5.249401279,4.95,8141000,3149
MSFT.GH,Microsoft Corp.,5.25009035,4.5,10000,5176
JPM5883410,JPMorgan Chase & Co.,5.250436926,5,50000,2597
PHM.GJ,PulteGroup Inc.,5.250460002,7.875,45000,2146
GSGR5958123,The Goldman Sachs Group Inc.,5.250736991,5.25,33000,2331
BAM3703016,Brookfield Corp.,5.250745641,7.375,4000,2405
JPM5816371,JPMorgan Chase & Co.,5.250930536,5.25,105000,1764
WMB.IQ,The Williams Cos. Inc.,5.251137035,8.75,548000,2054
BX5428352,Cheniere Energy Partners LP,5.25154069,3.25,6778000,2010
PEP4857595,PepsiCo Inc.,5.251547602,5.5,650000,3210
AIG5559726,American International Group Inc.,5.251727352,5.125,1519000,2431
GSGR6365799,The Goldman Sachs Group Inc.,5.251801189,5,50000,1266
WFC6091298,Wells Fargo & Co.,5.25191473,5.05,80000,1405
ABBV6009165,AbbVie Inc.,5.252396688,5.2,1625000,3149
MU6062156,Micron Technology Inc.,5.252769014,5.65,200000,2285
BSX.GE,Boston Scientific Corp.,5.25279406,6.25,200000,3394
CI5549057,The Cigna Group,5.252943605,5.4,877000,2419
GS3941534,The Goldman Sachs Group Inc.,5.253299379,4.3,20000,4155
EQT5182946,EQT Corp.,5.253780334,3.625,159000,1749
JPM5866244,JPMorgan Chase & Co.,5.254202778,5.25,20000,2938
TGT6035418,Target Corp.,5.254539643,5,2181000,3180
LLY6388966,Eli Lilly & Co.,5.254616636,4.85,9624000,3581
APC4878221,Occidental Petroleum Corp.,5.255038962,7.875,473000,1872
EMR6016290,Emerson Electric Co.,5.255254708,5,952000,3149
SYK5886355,Stryker Corp.,5.256025542,4.625,252000,2964
C5272540,Citigroup Inc.,5.25612894,1.45,160000,80
RSG5834200,Republic Services Inc.,5.256584586,5.2,98000,3029
GS3989324,The Goldman Sachs Group Inc.,5.256884325,4.25,24000,2450
US11135FCC3,Broadcom Inc.,5.256999722,4.55,8000,2025
US00206RKH48,AT&T Inc.,5.258422106,2.25,1,2011
GS4011094,The Goldman Sachs Group Inc.,5.258454325,4.15,8000,4306
EQIX5178903,Equinix Inc.,5.258704247,2.5,12799000,1749
D5503840,Dominion Energy Inc.,5.258991311,5.375,4545000,2299
GS3888529,The Goldman Sachs Group Inc.,5.259197614,4.75,140000,2572
WMT.IE,Walmart Inc.,5.259597088,6.2,256000,4276
JPM6177872,JPMorgan Chase & Co.,5.259611989,4.65,20000,2792
UNH5776241,UnitedHealth Group Inc.,5.259802187,5,4404000,2815
VZ5205720,Verizon Communications Inc.,5.259834191,2.2,30000,1780
VZ4922272,Verizon Communications Inc.,5.260069077,3.45,2000,8538
HD6170008,The Home Depot Inc.,5.260088046,4.65,10864000,3333
GILD4287892,Gilead Sciences Inc.,5.261057544,4.6,3674000,3319
GSGR5985928,The Goldman Sachs Group Inc.,5.261757243,5.05,60000,3099
GS6420214,The Goldman Sachs Group Inc.,5.26209277,4.5,32000,685
GSGR6369813,The Goldman Sachs Group Inc.,5.262157653,5,40000,2449
C4385719,Citigroup Inc.,5.262668413,3.4,58000,3637
MS6263570,Morgan Stanley,5.262785786,4.5,90000,3427
PM5751981,Philip Morris International Inc.,5.262869813,5.25,1338000,2754
O6188541,Realty Income Corp.,5.263668099,4.5,6000,2377
C5447437,Citigroup Inc.,5.263770776,5.25,186000,2190
HPQ5343666,HP Inc.,5.263925958,2.65,1661000,1782
GS6453013,The Goldman Sachs Group Inc.,5.264040118,5.3,40000,3622
CCI5204225,Crown Castle Inc.,5.264247933,2.5,26630000,1810
C6165853,Citigroup Inc.,5.264283986,5,10000,2607
VZ4926218,Verizon Communications Inc.,5.264543792,3.4,10000,8538
JPM5956419,JPMorgan Chase & Co.,5.264572065,5.25,8000,2961
C6411656,Citigroup Inc.,5.264660117,5.35,400000,3608
UNH5856554,UnitedHealth Group Inc.,5.264715942,5.15,7564000,2906
PM5929960,Philip Morris International Inc.,5.264926003,4.9,5317000,3015
JNJ.GX,Johnson & Johnson,5.265736535,4.85,202000,5402
AMT6250765,American Tower Corp.,5.265903165,4.7,3860000,2329
JPM6336073,JPMorgan Chase & Co.,5.266570385,4.75,69000,2415
HUM5770999,Humana Inc.,5.266573226,5.375,13464000,1719
NI5596311,NiSource Inc.,5.2665857,5.4,501000,2526
JPM5794261,JPMorgan Chase & Co.,5.266812806,5.4,100000,2282
BAC4212110,Bank of America Corp.,5.267398392,3.5,60000,4217
C6147589,Citigroup Inc.,5.267510354,5,81000,2586
GSGR6037185,The Goldman Sachs Group Inc.,5.267762129,5.45,100000,2435
GS3967068,The Goldman Sachs Group Inc.,5.268269887,4.3,40000,4217
ABBV4362395,AbbVie Inc.,5.268698329,4.3,1052000,3575
JPM5852849,JPMorgan Chase & Co.,5.269820988,5.3,100000,2183
C5031006,Citigroup Inc.,5.270046492,2,20000,2210
USB5921940,U.S. Bancorp,5.270196919,4.5,24000,1187
C.GMA,Citigroup Inc.,5.270914883,6.625,7214000,2146
KDP5394675,Keurig Dr Pepper Inc.,5.271252532,4.05,2032000,2085
GS4002618,The Goldman Sachs Group Inc.,5.271518396,4,65000,2480
APC5029933,Occidental Petroleum Corp.,5.271613003,6.625,1277000,1493
BAC4165620,Bank of America Corp.,5.271643751,4.3,16000,4794
WMT.IQ,Walmart Inc.,5.271709505,5,1222000,5200
MDLZ5878983,Mondelez International Inc.,5.272322049,4.75,5000,2950
C5441305,Citigroup Inc.,5.272551634,5.25,14000,2181
AMZN6448290,Amazon.com Inc.,5.272747861,5.1,154409000,2535
GS4306787,The Goldman Sachs Group Inc.,5.273237889,4,50000,5221
BAC4303848,Bank of America Corp.,5.273490644,4.125,69000,5190
GS6453020,The Goldman Sachs Group Inc.,5.273554273,4.9,282000,1795
GSGR6123608,The Goldman Sachs Group Inc.,5.273721362,4.9,20000,1452
MPLX5459651,MPLX LP,5.275142419,4.95,1530000,2224
GSGR6069074,The Goldman Sachs Group Inc.,5.275461777,5.1,15000,1385
ECL6153459,Ecolab Inc.,5.276385224,5,4593000,3319
JPM6379112,JPMorgan Chase & Co.,5.276569147,5,75000,2464
LLY.GW,Eli Lilly & Co.,5.276617893,5.55,1595000,3880
GS4041035,The Goldman Sachs Group Inc.,5.276713189,4.75,20000,3302
AVB5808296,AvalonBay Communities Inc.,5.276993337,5.35,405000,2862
GS.EF,The Goldman Sachs Group Inc.,5.276998004,5.75,20000,4217
BAC4128605,Bank of America Corp.,5.277457932,4.25,16000,3941
BAC4280868,Bank of America Corp.,5.278499133,4.1,47000,5129
GS3867279,The Goldman Sachs Group Inc.,5.278608541,5.25,22000,2511
PCG6414363,Pacific Gas & Electric Co.,5.278995206,5.05,4830000,1933
UNP4206229,Union Pacific Corp.,5.279187369,3.375,1090000,3107
HON5761178,Honeywell International Inc.,5.279373324,5,10805000,3135
CDNS5886161,Cadence Design Systems Inc.,5.27967268,4.7,5370000,2963
BAC4271539,Bank of America Corp.,5.279810454,4.25,30000,4732
UNH4270155,UnitedHealth Group Inc.,5.279866695,4.625,228000,3271
GS4105242,The Goldman Sachs Group Inc.,5.280654654,4.25,63000,3515
AZO5530618,AutoZone Inc.,5.281127285,4.75,1535000,2377
GS4064248,The Goldman Sachs Group Inc.,5.281571229,4.6,66000,2633
KMI5451255,Kinder Morgan Inc.,5.282312466,4.8,1796000,2377
LRCX5744991,KLA Corp.,5.282620477,4.7,2000,2742
JNJ.GT,Johnson & Johnson,5.282624103,4.5,628000,5146
OKE6144080,ONEOK Inc.,5.282780359,4.95,464000,2268
JPM6012608,JPMorgan Chase & Co.,5.284064782,4.9,110000,1306
C6165852,Citigroup Inc.,5.284397543,5.15,20000,3336
GSGR6308681,The Goldman Sachs Group Inc.,5.284599953,5,40000,2940
ELVH5534358,Elevance Health Inc.,5.285135057,4.75,2269000,2391
GS6453012,The Goldman Sachs Group Inc.,5.285647661,5.1,6000,2525
GS3939242,The Goldman Sachs Group Inc.,5.286629235,4.3,75000,2329
C4432866,Citigroup Inc.,5.286797822,3.65,45000,3790
ADI4432506,Analog Devices Inc.,5.287122484,4.5,420000,3780
JBL5011989,Jabil Inc.,5.288227778,3,6944000,1629
MCD4317448,McDonalds Corp.,5.288473355,4.7,13934000,3418
KMB.GU,Kimberly-Clark Corp.,5.289753981,6.625,385000,4019
GSGR5980350,The Goldman Sachs Group Inc.,5.290121569,5.375,40000,1271
GS3973627,The Goldman Sachs Group Inc.,5.290433453,4,16000,1660
USB5955206,U.S. Bancorp,5.29048692,5.05,32000,3063
GS4278929,The Goldman Sachs Group Inc.,5.290597583,4.25,40000,6955
PRU4194038,Prudential Financial Inc.,5.291148426,4.5,301000,6712
WFC5937622,Wells Fargo & Co.,5.291488655,5.2,115000,3759
HON6336491,Honeywell Aerospace Inc.,5.291891696,4.95,900000,3516
HUB6415580,Hubbell Inc.,5.292003798,4.9,6473000,2511
GSGR6320865,The Goldman Sachs Group Inc.,5.292289953,5,40000,3137
WFC6137940,Wells Fargo & Co.,5.292329103,5,30000,2196
AVGO5904416,Broadcom Inc.,5.292603904,4.55,7033000,2025
DIS6310053,The Walt Disney Co.,5.292839785,4.625,1888000,3514
BAC4109448,Bank of America Corp.,5.292917473,4.5,30000,4610
GS4344299,The Goldman Sachs Group Inc.,5.293128945,4,171000,3515
GS6420213,The Goldman Sachs Group Inc.,5.293183232,5.2,176000,2492
AJGG5548693,Arthur J. Gallagher & Co.,5.293520175,5.5,432000,2406
GS4074731,The Goldman Sachs Group Inc.,5.293779,4.5,6000,1933
MRK6400029,Merck & Co. Inc.,5.293968491,5.2,30321000,3583
CSX6023551,CSX Corp.,5.294228116,5.05,2222000,3241
CVS5540966,CVS Health Corp.,5.294490885,5.25,4564000,2397
US594918AD6,Microsoft Corp.,5.294567479,5.2,10000,4688
PRU6432207,Prudential Financial Inc.,5.295117274,5.05,200000,3607
GM5454321,General Motors Co.,5.295160483,5.6,4495000,2268
GS6426227,The Goldman Sachs Group Inc.,5.295345869,5.25,75000,3610
DIS4911247,The Walt Disney Co.,5.295415931,6.4,2297000,3424
BAC4306765,Bank of America Corp.,5.295741119,4,96000,4855
AVGO6118460,Broadcom Inc.,5.295759036,4.9,6547000,2176
T6180943,AT&T Inc.,5.295801438,4.55,1249000,2285
JPM6407614,JPMorgan Chase & Co.,5.295939347,5.15,80000,2492
JPM6033250,JPMorgan Chase & Co.,5.296039347,5.2,352000,3156
MRK6249693,Merck & Co. Inc.,5.296039438,4.75,2430000,3413
ABBV4241923,AbbVie Inc.,5.296039632,4.5,1899000,3209
DGX5678099,Quest Diagnostics Inc.,5.296214047,6.4,233000,2679
USB5929082,U.S. Bancorp,5.296225022,5.25,20000,3021
ABT6321056,Abbott Laboratories,5.296410592,4.65,10935000,3515
MSI5415986,Motorola Solutions Inc.,5.296614561,5.6,429000,2132
XS3114872131,Citigroup Inc.,5.296634492,4.15,1,1221
LVS5808482,Las Vegas Sands Corp.,5.296753877,6,3102000,1111
GSGR5883385,The Goldman Sachs Group Inc.,5.296808632,5.25,10000,1854
GSGR6340422,The Goldman Sachs Group Inc.,5.296913122,4.625,46000,2428
OKE6127308,ONEOK Inc.,5.297329028,6.5,232000,1493
GS4066784,The Goldman Sachs Group Inc.,5.297944278,4.5,30000,2664
EXC5543122,Exelon Corp.,5.298218072,5.3,501000,2419
GS6464489,The Goldman Sachs Group Inc.,5.298857258,5.3,450000,1826
VRSN6021523,VeriSign Inc.,5.299078542,5.25,2648000,2132
GSGR6158837,The Goldman Sachs Group Inc.,5.299719571,5.05,15000,3316
GSGR6069025,The Goldman Sachs Group Inc.,5.30005262,5,60000,2481
JPM5853841,JPMorgan Chase & Co.,5.300258789,5.25,200000,2922
NUE6020648,Nucor Corp.,5.300334978,5.1,153000,3227
PFE6238673,Pfizer Inc.,5.300383525,4.875,5018000,3394
VZ6231066,Verizon Communications Inc.,5.30040483,4.75,3298000,2360
SYK5995066,Stryker Corp.,5.30052082,5.2,2749000,3116
C6356701,Citigroup Inc.,5.300649543,5,40000,2090
MCD6017955,McDonalds Corp.,5.300671172,4.95,20409000,3137
LLY6081912,McKesson Corp.,5.300856237,5.25,4690000,3225
NOW6394085,ServiceNow Inc.,5.301032997,5.05,18588000,2480
C6031377,Citigroup Inc.,5.301494514,5.3,100000,2253
GS3944354,The Goldman Sachs Group Inc.,5.301990928,4.25,20000,4155
FDX4087157,FedEx Corp.,5.30285031,4.9,200000,2725
GS4025124,The Goldman Sachs Group Inc.,5.302974492,5.15,142000,4367
GS5710044,The Goldman Sachs Group Inc.,5.303229489,5.6,200000,2684
MRK6166086,Merck & Co. Inc.,5.303745343,4.95,13167000,3333
UNP.KR,Union Pacific Corp.,5.303996201,6.25,51000,2831
TGT6094660,Target Corp.,5.304003551,5.25,12770000,3486
BA.IQ,The Boeing Co.,5.304497107,8.625,3000,1933
EXC3670497,Exelon Corp.,5.304501857,7.6,48000,2071
NOC6087241,Northrop Grumman Corp.,5.304824933,5.25,1075000,3271
WFC6335439,Wells Fargo & Co.,5.304983324,4.8,50000,3512
LHX5625702,L3Harris Technologies Inc.,5.305594277,5.4,6488000,2557
JPM6025249,JPMorgan Chase & Co.,5.305846767,5.25,200000,2602
MA6417972,Mastercard Inc.,5.306266112,5,10976000,3600
MET5824706,MetLife Inc.,5.306466509,5.3,1090000,3059
ABT4427940,Abbott Laboratories,5.306554328,4.75,8498000,3775
WFC6026616,Wells Fargo & Co.,5.306640789,5.25,84000,3147
UNH6103289,UnitedHealth Group Inc.,5.307978661,5.3,5729000,3241
US458140AN04,Intel Corp.,5.308179314,4,1,2329
GILD4404926,Gilead Sciences Inc.,5.308437167,4,4023000,3685
HON.GW,Honeywell International Inc.,5.309315798,5.7,115000,3515
KMB.AA,Kimberly-Clark Corp.,5.309727642,5.3,250000,5327
MSCI5178054,MSCI Inc.,5.311316553,3.625,8000,1919
AMAT4291223,Applied Materials Inc.,5.311335333,5.1,1492000,3349
A0T924,Microsoft Corp.,5.311953375,5.2,4000,4688
C6100134,Citigroup Inc.,5.311955649,5.3,20000,2344
ADBE5784629,Adobe Inc.,5.312126155,4.95,2181000,2804
ABBV5082874,AbbVie Inc.,5.312856545,4.55,3705000,3149
ATO6102067,Atmos Energy Corp.,5.313042978,5.2,3037000,3302
MS6233819,Morgan Stanley,5.313277836,4.5,90000,3395
BAC6210854,Bank of America Corp.,5.314051893,5,30000,3553
GS4187173,The Goldman Sachs Group Inc.,5.314458934,4.15,20000,5951
EQIX5390681,Equinix Inc.,5.314482959,3.9,7530000,2085
ABBV6323043,AbbVie Inc.,5.31456278,4.75,34310000,3515
INTC5755325,Intel Corp.,5.314670143,5.15,8043000,2762
FISV6141587,Fiserv Inc.,5.314680903,4.55,884000,1660
MSI6091360,Motorola Solutions Inc.,5.314793329,5.2,1183000,2207
GS4134860,The Goldman Sachs Group Inc.,5.314799636,4.25,20000,5433
PRU6238730,Prudential Financial Inc.,5.315403718,4.65,60000,3394
FDX6203971,FedEx Corp.,5.315489389,3.9,180000,3107
ORCL5995190,Oracle Corp.,5.316070539,4.8,7805000,734
FDX5170485,FedEx Corp.,5.316738478,2.4,39000,1749
GS4007851,The Goldman Sachs Group Inc.,5.316906512,4.15,50000,5402
MET.GZ,MetLife Inc.,5.316986959,6.375,626000,2876
IR5632040,Ingersoll Rand Inc.,5.317264462,5.7,1239000,2571
JPM6070175,JPMorgan Chase & Co.,5.317331335,5.25,45000,3210
GS5173685,The Goldman Sachs Group Inc.,5.317851901,2,500000,637
LMT.HH,Lockheed Martin Corp.,5.318273049,6.15,88000,3685
C5409300,Citigroup Inc.,5.318330612,5,128000,2118
EQT6034680,EQT Corp.,5.318384954,7.5,373000,1401
US002824BU37,Abbott Laboratories,5.31913788,4.65,20000,3515
GS4016792,The Goldman Sachs Group Inc.,5.319227399,4.5,119000,5798
QCOM4246683,QUALCOMM Inc.,5.319463904,4.65,236000,3215
JPM5953539,JPMorgan Chase & Co.,5.319762738,5.25,75000,3057
BDX5748118,Becton Dickinson & Co.,5.320153133,5.11,338000,2749
GSGR6308610,The Goldman Sachs Group Inc.,5.320193066,4.3,58000,1658
C6356700,Citigroup Inc.,5.320623564,4.75,10000,1539
WFC6180628,Wells Fargo & Co.,5.320665,5,10000,4071
GS4153439,The Goldman Sachs Group Inc.,5.320680958,4.35,50000,6224
O5568342,Realty Income Corp.,5.321906885,4.9,729000,2541
PFE4426177,Pfizer Inc.,5.322302428,4,2076000,3790
DUK5647267,Duke Energy Corp.,5.322618467,5.75,294000,2603
PG4969927,Procter & Gamble Co.,5.322656514,3.55,2004000,4986
AZO5619731,AutoZone Inc.,5.322779291,5.2,1130000,2558
LRCX4180394,KLA Corp.,5.323286286,5.65,300000,3015
PRU4169519,Prudential Financial Inc.,5.323485061,4.6,20000,6651
GS4013865,The Goldman Sachs Group Inc.,5.323693098,4.3,48000,5068
GSGR5871778,The Goldman Sachs Group Inc.,5.323845145,4.8,40000,2938
NEM4878219,Newmont Corp.,5.32385657,5.875,100000,3166
GS6464476,The Goldman Sachs Group Inc.,5.324562688,5.25,440000,2537
DOV.GF,Dover Corp.,5.324643853,5.375,655000,3363
ABC5748091,Cencora Inc.,5.325071732,5.125,580000,2756
A5886204,Agilent Technologies Inc.,5.325122583,4.75,122000,2962
MMM6021412,3M Co.,5.325127619,5.15,1425000,3149
MMC5754705,Marsh & McLennan Cos. Inc.,5.32514923,5.15,3482000,2784
NTAP6028709,NetApp Inc.,5.325213072,5.5,7164000,2056
BRO5047921,Brown & Brown Inc.,5.325490275,2.375,50000,1688
TMUS5475162,T-Mobile USA Inc.,5.325705651,5.2,891000,2360
GS3982332,The Goldman Sachs Group Inc.,5.325791976,4.3,135000,4245
MU5980483,Micron Technology Inc.,5.326101411,5.8,260000,3090
WFC6169936,Wells Fargo & Co.,5.32711261,5,100000,3329
JPM6345476,JPMorgan Chase & Co.,5.327168458,5.1,14000,3524
CCL.GE,Carnival Corp. Ltd.,5.327211169,6.65,2191000,533
PH.GL,Parker-Hannifin Corp.,5.327637576,6.25,60000,4306
BAC4177188,Bank of America Corp.,5.328066405,4,200000,4459
PFE5282056,Viatris Inc.,5.328721518,2.7,4138000,1422
GSGR6320784,The Goldman Sachs Group Inc.,5.328753249,5,300000,2768
TMO6193345,Thermo Fisher Scientific Inc.,5.328904944,4.794,6617000,3355
WFC5000161,Wells Fargo & Co.,5.3292936,3,300000,3238
JPM5867052,JPMorgan Chase & Co.,5.33020121,5,10000,2938
AVGO6461742,Broadcom Inc.,5.330493829,4.15,8901000,2085
BAC4182544,Bank of America Corp.,5.330532793,4.05,15000,4855
TWLO5144192,Twilio Inc.,5.330612834,3.625,1695000,958
JPM6239790,JPMorgan Chase & Co.,5.330644986,5,10000,4137
KO4969566,The Coca-Cola Co.,5.330663471,4.125,20000,4986
MCO5861597,Moodys Corp.,5.330835243,5,691000,2927
JPM6164273,JPMorgan Chase & Co.,5.330960287,5,550000,3325
UTX5742151,Carrier Global Corp.,5.331118516,5.9,1554000,2784
BA.ZK,The Boeing Co.,5.331414311,6.125,1928000,2391
AVB6114106,AvalonBay Communities Inc.,5.331501477,5,3904000,3288
PRU6105857,Prudential Financial Inc.,5.332269872,5.2,25000,3241
FIS5442203,Fidelity National Information Services Inc.,5.332594588,5.1,1230000,2176
WFC4972780,Wells Fargo & Co.,5.332915591,4.25,20000,3167
CMI6071099,Cummins Inc.,5.333038447,5.3,9416000,3204
AVGO5393110,Broadcom Inc.,5.333046372,4.926,230000,3941
MAR6316862,Marriott International Inc.,5.33314111,4.5,413000,2466
C6235825,Citigroup Inc.,5.333178531,4.9,600000,3407
BAC4290533,Bank of America Corp.,5.333911683,4.15,70000,6255
PRU5956482,Prudential Financial Inc.,5.334220419,4.45,25000,137
C4389189,Citigroup Inc.,5.334444582,3.35,75000,3668
BA4214071,The Boeing Co.,5.334540333,3.3,40000,3135
GOOG6308907,Alphabet Inc.,5.335254311,4.8,119664000,3486
INTU5651458,Intuit Inc.,5.335588222,5.2,7664000,2603
JPM6059177,JPMorgan Chase & Co.,5.335673061,5.35,140000,2100
WFC.GCE,Wells Fargo & Co.,5.335740914,5.375,44000,3113
WDAY5390291,Workday Inc.,5.335826177,3.8,11284000,2071
GS4100365,The Goldman Sachs Group Inc.,5.336400292,4.35,42000,2756
ADP6386646,Automatic Data Processing Inc.,5.336457951,5,1958000,3568
DHR5878548,Veralto Corp.,5.337045275,5.45,514000,2606
MSCI4989499,MSCI Inc.,5.337134078,3.875,756000,1660
GS4120614,The Goldman Sachs Group Inc.,5.337150088,4.25,90000,3210
ROST4973626,Ross Stores Inc.,5.337387311,4.8,71000,1354
APP5945419,Applovin Corp.,5.337483521,5.375,4195000,1949
GS4131127,The Goldman Sachs Group Inc.,5.337704675,4.2,30000,4337
TMO6308857,Thermo Fisher Scientific Inc.,5.337868132,4.902,8159000,3483
ABBV5084339,AbbVie Inc.,5.338241525,2.95,7887666,113
PHM.GL,PulteGroup Inc.,5.338265288,6.375,313000,2480
MO5678105,Altria Group Inc.,5.338328544,6.875,564000,2650
US615369BA23,Moodys Corp.,5.338652586,5,1,2927
WFC6014188,Wells Fargo & Co.,5.339095068,5.35,90000,2037
DGX5874569,Quest Diagnostics Inc.,5.339254537,5,30169000,3059
TXN6082329,Texas Instruments Incorporated,5.339484247,5.1,4674000,3218
GSGR6057902,The Goldman Sachs Group Inc.,5.339556928,5,12000,1369
C6128762,Citigroup Inc.,5.339918711,5.35,13000,3286
WFC6392971,Wells Fargo & Co.,5.340103738,5,24000,2479
JPM5888054,JPMorgan Chase & Co.,5.340331733,5.25,196000,3694
GSGR6096680,The Goldman Sachs Group Inc.,5.340531766,4.25,42000,681
GSGR6288395,The Goldman Sachs Group Inc.,5.340689157,4.5,30000,2348
PRU4223953,Prudential Financial Inc.,5.340780135,4.3,22000,6802
APH5927370,Amphenol Corp.,5.341102213,5,18000,3090
CVS5596385,CVS Health Corp.,5.341553575,5.3,8956000,2497
JPM6467114,JPMorgan Chase & Co.,5.341566113,5.35,410000,2922
GSGR6347706,The Goldman Sachs Group Inc.,5.342394477,5.35,75000,3517
WFC5592163,Wells Fargo & Co.,5.342559568,5.35,20000,1399
O5731052,Realty Income Corp.,5.343188958,5.125,1475000,2756
JPM6292563,JPMorgan Chase & Co.,5.343222913,4.6,150000,2919
DIS4911252,The Walt Disney Co.,5.343816313,6.15,564000,3866
HPQ5425717,HP Inc.,5.344153889,5.5,1984000,2360
WFC6430662,Wells Fargo & Co.,5.344799889,5.35,10000,3615
C6442862,Citigroup Inc.,5.345046794,5.35,10000,3639
ES5584851,Eversource Energy,5.345175878,5.125,83000,2480
WFC6455302,Wells Fargo & Co.,5.345382614,5.35,80000,4372
PRU4227373,Prudential Financial Inc.,5.346695372,4.2,22000,6802
PM6217609,Philip Morris International Inc.,5.347155948,4.625,1072000,3377
CI5748291,The Cigna Group,5.347285322,5.25,21785000,2756
JPM5744909,JPMorgan Chase & Co.,5.347580185,5.35,40000,2756
BAC6344118,Bank of America Corp.,5.347741797,4.5,20000,1693
JPM6336067,JPMorgan Chase & Co.,5.348122748,5,400000,4427
GSGR6216664,The Goldman Sachs Group Inc.,5.348377903,4.5,125000,3379
HD.GK,The Home Depot Inc.,5.348827172,5.875,6749000,3791
LOW.HD,Lowes Companies Inc.,5.34888207,5.8,15000,3729
WMT.AB,Walmart Inc.,5.349887058,5.625,2804000,5372
GSGR6003278,The Goldman Sachs Group Inc.,5.350366912,5.25,45000,3120
FANG5491206,Diamondback Energy Inc.,5.350475716,6.25,1090000,2419
JPM5894296,JPMorgan Chase & Co.,5.351269746,5,20000,2973
ORCL5536129,Oracle Corp.,5.351548908,4.65,11293000,1375
NDAQ5607191,Nasdaq Inc.,5.352248612,5.55,2519000,2756
GSGR6230759,The Goldman Sachs Group Inc.,5.35296594,4.3,12000,2302
SRE5605637,Sempra,5.353703236,5.5,1166000,2558
KMI5744397,Kinder Morgan Inc.,5.354768353,5.4,2204000,2742
NI5771016,NiSource Inc.,5.355241533,5.35,559000,2801
UNH.GR,UnitedHealth Group Inc.,5.355521837,5.8,1549000,3515
BAC4258247,Bank of America Corp.,5.355526446,4.25,40000,5068
GSGR6377719,The Goldman Sachs Group Inc.,5.355876786,4.75,20000,1720
WFC6192023,Wells Fargo & Co.,5.356371805,4.8,200000,3350
IBM6299792,International Business Machines Corp.,5.356379169,4.6,1576000,2379
GS4161413,The Goldman Sachs Group Inc.,5.356384338,4,45000,4794
GS4263539,The Goldman Sachs Group Inc.,5.356727006,4.4,70000,6924
GS4271541,The Goldman Sachs Group Inc.,5.356727006,4.4,70000,6924
SNX5431247,TD SYNNEX Corp.,5.356884561,2.65,9000,1835
HEI5620573,HEICO Corp.,5.357219861,5.35,974000,2558
STZ5579807,Constellation Brands Inc.,5.357264558,4.9,1232000,2466
GSGR6086809,The Goldman Sachs Group Inc.,5.357493626,5.35,84000,2492
PRU4219426,Prudential Financial Inc.,5.357878915,4.25,10000,6802
CSX.PL,CSX Corp.,5.358308974,6,332000,3715
RSG6433345,Republic Services Inc.,5.358406674,5,15035000,3637
C5317529,Citigroup Inc.,5.358506921,2.4,3000,1970
US91324PCQ37,UnitedHealth Group Inc.,5.358613602,4.625,1,3271
FLEX4986203,Flex Ltd.,5.358818931,4.875,3922000,1381
GS4019266,The Goldman Sachs Group Inc.,5.359187236,4.65,21000,5798
NRG6367680,NRG Energy Inc.,5.359748137,4.955,58000,1734
JPM6407594,JPMorgan Chase & Co.,5.359872848,5.1,75000,3590
C5454348,Citigroup Inc.,5.360068586,4.85,21000,2208
JPM6033246,JPMorgan Chase & Co.,5.360463238,5.1,5000,2614
UNP4541209,Union Pacific Corp.,5.360684665,3.6,1701000,4064
CSX.PN,CSX Corp.,5.361299568,6.15,40000,3927
GS3893091,The Goldman Sachs Group Inc.,5.361542013,5,20000,5859
C6088658,Citigroup Inc.,5.36185631,5.35,3000,2330
JPM6420060,JPMorgan Chase & Co.,5.362040712,5.025,10000,3055
JPM6093238,JPMorgan Chase & Co.,5.362111708,5.3,6000,2692
AMT5549086,American Tower Corp.,5.362478528,5.65,1536000,2419
TMUS6197958,T-Mobile USA Inc.,5.362714566,4.625,81000,2360
PSX4184006,Phillips 66,5.362869533,4.65,722000,3029
C.HED,Citigroup Inc.,5.363618642,5.85,328000,3055
USB5954971,U.S. Bancorp,5.364464695,5.2,4000,3063
LMT.HJ,Lockheed Martin Corp.,5.364731229,5.5,100000,4855
ECL6401407,Ecolab Inc.,5.365004424,5.35,72349000,3607
MDLZ6067981,Mondelez International Inc.,5.36518042,5.125,150000,3201
JPM5883408,JPMorgan Chase & Co.,5.365320789,5,1000000,2961
GS4039238,The Goldman Sachs Group Inc.,5.366376199,4.75,10000,2572
EMR.GW,Emerson Electric Co.,5.36638376,6.125,25000,4641
GS.AAI,The Goldman Sachs Group Inc.,5.366539014,5.5,25000,2784
JPM5582652,JPMorgan Chase & Co.,5.366545037,5.3,30000,2478
BAC5940306,Bank of America Corp.,5.366911929,5.15,225000,1936
PM6064954,Philip Morris International Inc.,5.367071866,4.875,1900000,3195
GS6426226,The Goldman Sachs Group Inc.,5.36784123,5.1,45000,3610
ETE5510725,Energy Transfer LP,5.368032564,5.75,717000,2391
ADBE5981558,Adobe Inc.,5.3685832,5.3,2767000,3092
GSGR6288398,The Goldman Sachs Group Inc.,5.368904098,5.05,192000,4193
C6249759,Citigroup Inc.,5.369022196,4.75,70000,3427
GS.JDA,The Goldman Sachs Group Inc.,5.369327621,5.5,10000,2146
TRV6129557,The Travelers Cos. Inc.,5.369622354,5.05,480000,3280
GS3976615,The Goldman Sachs Group Inc.,5.369794919,4.05,10000,2054
HON.HH,Honeywell International Inc.,5.370654383,5.375,300000,5327
PRU6094562,Prudential Financial Inc.,5.371259298,5.2,50000,3241
JPM6252927,JPMorgan Chase & Co.,5.371419557,4.1,50000,1595
GS4094732,The Goldman Sachs Group Inc.,5.371445365,4.65,10000,4582
WFC6127455,Wells Fargo & Co.,5.37153323,5,30000,2183
JPM6131403,JPMorgan Chase & Co.,5.371547504,5.15,24000,3287
GSGR6335115,The Goldman Sachs Group Inc.,5.37217639,4.5,30000,2421
LHX5770975,L3Harris Technologies Inc.,5.372911715,5.35,474000,2862
JPM5022914,JPMorgan Chase & Co.,5.373056868,2,152000,2557
GS4151083,The Goldman Sachs Group Inc.,5.37320196,4.25,100000,6590
PKG5710261,Packaging Corporation of America,5.373349877,5.7,367000,2680
GSGR6288394,The Goldman Sachs Group Inc.,5.373536323,4.4,3000,1636
JPM5895472,JPMorgan Chase & Co.,5.373661419,5,10000,3682
INTC3940209,Intel Corp.,5.374138297,4,1150000,2329
ACGL.GA,Arch Capital Group Ltd.,5.374798648,7.35,5000,2831
USB6158637,U.S. Bancorp,5.375358992,5.3,30000,3322
TYC4440539,Johnson Controls International Plc,5.375458746,5.25,125000,5602
T4763019,AT&T Inc.,5.375820653,7.125,14000,1963
A3LD6R,Intel Corp.,5.376196281,5.2,2000,2386
TMO6193346,Thermo Fisher Scientific Inc.,5.376978354,4.894,3633000,4086
JNJ5033708,Johnson & Johnson,5.377031935,2.1,1614000,5146
IR5808489,Ingersoll Rand Inc.,5.37714725,5.45,8207000,2876
MRK3675698,Merck & Co. Inc.,5.378335105,5.85,700000,4717
GS4191241,The Goldman Sachs Group Inc.,5.378527582,4,68000,5251
GS3959958,The Goldman Sachs Group Inc.,5.378667114,4.2,4000,4186
WMB5548791,The Williams Cos. Inc.,5.379006333,5.65,602000,2419
EMR.HA,Emerson Electric Co.,5.381082156,5.25,90000,4855
GS4036343,The Goldman Sachs Group Inc.,5.381680188,4.7,20000,4763
JPM6430076,JPMorgan Chase & Co.,5.38174472,5.25,15000,3615
BA5949323,The Boeing Co.,5.383407484,6.528,2182000,2831
US458140CG35,Intel Corp.,5.383487627,5.2,22000,2386
GS4184476,The Goldman Sachs Group Inc.,5.383827378,4.1,40000,5951
BAC4120611,Bank of America Corp.,5.384217482,4.25,26000,2845
JPM6081600,JPMorgan Chase & Co.,5.384218005,5.4,33000,2679
WFC6302225,Wells Fargo & Co.,5.384415328,5,40000,3476
AIG4201967,American International Group Inc.,5.385377284,3.875,1149000,3090
MPLX6145299,MPLX LP,5.385569546,5,72000,2360
D.IS,Dominion Energy Inc.,5.385648516,6.75,20000,2329
BAC5900239,Bank of America Corp.,5.385729289,5,4000,3709
OKE5503145,ONEOK Inc.,5.385732758,6.1,1325000,2299
DOV.GH,Dover Corp.,5.386481295,6.6,30000,4245
GS6408507,The Goldman Sachs Group Inc.,5.387245942,5.125,30000,2478
BAC4154913,Bank of America Corp.,5.387942302,4.2,10000,4033
VZ4526725,Verizon Communications Inc.,5.388969515,4.5,1182000,2567
GS4006072,The Goldman Sachs Group Inc.,5.389040997,4,80000,2480
JPM6308265,JPMorgan Chase & Co.,5.389555282,5,150000,3484
BMY.GL,Bristol Myers Squibb Co.,5.38981387,5.875,191000,3760
AA6315585,Howmet Aerospace Inc.,5.38985848,4.75,6107000,3546
DUK5826341,Duke Energy Corp.,5.391434184,5.45,7484000,2876
GSGR5990540,The Goldman Sachs Group Inc.,5.391443996,5.4,50000,1280
JPM6155714,JPMorgan Chase & Co.,5.391792,5,150000,3316
ABT.GW,Abbott Laboratories,5.391885097,6.15,1636000,4140
C6273655,Citigroup Inc.,5.39212743,4.6,40000,2365
JPM5735587,JPMorgan Chase & Co.,5.392381259,5.3,40000,2741
WFC5992019,Wells Fargo & Co.,5.39275578,5.4,40000,2010
PRU4187201,Prudential Financial Inc.,5.392846015,4.05,17000,3029
PRU6027255,Prudential Financial Inc.,5.392862002,5.2,20124000,3148
BX5745210,Cheniere Energy Partners LP,5.393077464,5.95,2215000,2526
MU5568332,Micron Technology Inc.,5.393150928,5.875,3000,2603
WFC5942814,Wells Fargo & Co.,5.393824694,5.2,75000,3035
GSGR6392737,The Goldman Sachs Group Inc.,5.394014253,5.15,600000,3576
AFL6392997,Aflac Inc.,5.394242321,5.15,661000,3575
JNJ5811527,Johnson & Johnson,5.394310455,5.25,491000,10167
QCOM6081110,QUALCOMM Inc.,5.394525277,5,3598000,3215
GS6464491,The Goldman Sachs Group Inc.,5.394562122,5.25,430000,2191
USB6410271,U.S. Bancorp,5.394599074,5.4,38000,3594
C5559277,Citigroup Inc.,5.396156485,5.35,20000,2435
AMGN6315002,Amgen Inc.,5.396203003,4.85,17797000,3490
GS.JFM,The Goldman Sachs Group Inc.,5.396222629,5.5,68000,3699
GSGR5949579,The Goldman Sachs Group Inc.,5.396717645,5.2,30000,2313
AMAT6177155,Applied Materials Inc.,5.396743879,4.6,3321000,3455
VMC5942784,Vulcan Materials Co.,5.398489369,5.35,923000,3045
JPM5953537,JPMorgan Chase & Co.,5.399023959,5.3,8000,3787
GSGR5917005,The Goldman Sachs Group Inc.,5.399810202,5,100000,2271
HPQ5389716,HP Inc.,5.400945331,4.2,8557000,2085
C5566730,Citigroup Inc.,5.401321488,5.4,20000,2455
JPM6081591,JPMorgan Chase & Co.,5.401842081,5.4,15000,2128
JPM5963080,JPMorgan Chase & Co.,5.402132949,5.35,10000,2971
C4406944,Citigroup Inc.,5.402302805,3.3,9000,3699
WFC5896104,Wells Fargo & Co.,5.402346497,4.85,40000,2973
PGR6347897,The Progressive Corp.,5.402541024,5.15,6430000,3526
ADM.GP,Archer-Daniels-Midland Co.,5.402783384,5.375,180000,3333
JPM5746628,JPMorgan Chase & Co.,5.403126248,5.25,98000,2756
GSGR6391438,The Goldman Sachs Group Inc.,5.403448123,5.2,100000,2844
GS4283954,The Goldman Sachs Group Inc.,5.405830189,4.2,33000,6986
C5874307,Citigroup Inc.,5.406278874,5,26000,1854
JPM6379115,JPMorgan Chase & Co.,5.406478156,5,15000,3013
LOW.HB,Lowes Companies Inc.,5.406596683,5.5,128000,3363
AVGO5275559,Broadcom Inc.,5.407241003,3.137,120000,3394
GS6420218,The Goldman Sachs Group Inc.,5.407613773,5.2,6000,1781
MPLX5535819,MPLX LP,5.407735962,5,3268000,2405
D.JA,Dominion Energy Inc.,5.40780542,5.25,441000,2558
JPM6433078,JPMorgan Chase & Co.,5.407992871,5.35,150000,3615
USB6035371,U.S. Bancorp,5.408523242,5.4,3000,2063
JPM6392634,JPMorgan Chase & Co.,5.408783025,5,40000,3029
BAC4105207,Bank of America Corp.,5.408868044,4.4,22000,4610
WFC5740104,Wells Fargo & Co.,5.40926826,5.4,14000,2736
PRU6156147,Prudential Financial Inc.,5.410695627,5,6000,3302
MU6062157,Micron Technology Inc.,5.410849225,6.05,12000,3380
SHW6137105,The Sherwin-Williams Co.,5.41087928,5.15,450000,3302
BAC4274947,Bank of America Corp.,5.411066261,4.25,6000,5129
KEYS5909004,Keysight Technologies Inc.,5.411406386,4.95,468000,2998
ABC5953320,Cencora Inc.,5.411412581,5.15,46000,3121
STLD5841327,Steel Dynamics Inc.,5.413285993,5.375,946000,2937
ANTM5815521,Elevance Health Inc.,5.413528935,5.375,1464000,2876
MMC5930469,Marsh & McLennan Cos. Inc.,5.414082824,5,3204000,3149
WFC5007793,Wells Fargo & Co.,5.414144882,2.5,42000,2526
MET.HL,MetLife Inc.,5.414506348,5.7,2210000,3241
JPM6345486,JPMorgan Chase & Co.,5.414980781,4.6,187000,2428
JPM6177862,JPMorgan Chase & Co.,5.415481385,5.1,50000,4072
VRSK5550494,Verisk Analytics Inc.,5.415528867,5.75,358000,2436
JPM5877279,JPMorgan Chase & Co.,5.415693488,5.1,30000,2944
PFE6147337,Zoetis Inc.,5.415899905,5,3050000,3304
EOG4222118,EOG Resources Inc.,5.41598803,3.9,157000,3166
PWR5868813,Quanta Services Inc.,5.416383216,5.25,1802000,2931
NFLX6459411,Netflix Inc.,5.416707815,5.25,39024000,3668
USB6328155,U.S. Bancorp,5.417426081,4.6,3208000,3506
DIS5478298,The Walt Disney Co.,5.417759915,6.75,5000,4180
FB6383865,Meta Platforms Inc.,5.417786416,4.875,23657000,2480
GS4253571,The Goldman Sachs Group Inc.,5.417861596,4,10000,5068
GS6458247,The Goldman Sachs Group Inc.,5.419011543,5.25,150000,4375
BAC4180321,Bank of America Corp.,5.419116011,4,6000,4855
PRU4221595,Prudential Financial Inc.,5.419500561,4.4,25000,6802
BABA4572065,Alibaba Group Holding Ltd.,5.419724659,4,418000,4146
AMZN6237343,Amazon.com Inc.,5.420142182,4.65,23388000,3399
PCG6192940,Pacific Gas & Electric Co.,5.42144954,5.05,2819000,2268
WMT.IM,Walmart Inc.,5.421649749,4.875,100000,5091
TRV3668413,The Travelers Cos. Inc.,5.42224928,6.75,745000,3612
BA4829130,The Boeing Co.,5.422573487,3.6,1283000,2831
APH6217658,Amphenol Corp.,5.423128757,4.625,7493000,3486
WRB.AF,W.R. Berkley Corp.,5.423280472,6.25,5000,3852
BIIB6071069,Biogen Inc.,5.424248571,5.75,344000,3210
GS4221628,The Goldman Sachs Group Inc.,5.424251424,3.85,15000,5706
ABT6321055,Abbott Laboratories,5.424630997,4.75,11046000,4245
GS4154917,The Goldman Sachs Group Inc.,5.424689999,4,48000,2937
A1GMCR,Microsoft Corp.,5.425821447,5.3,16000,5306
ALL.HX,The Allstate Corp.,5.426044302,5.55,560000,3204
JPM5921315,JPMorgan Chase & Co.,5.426577127,5.1,20000,3006
GEV6302294,GE Vernova Inc.,5.426625095,4.875,7493000,3475
BRO5379426,Brown & Brown Inc.,5.426787061,4.2,532000,2056
ANTM3707029,Elevance Health Inc.,5.42702364,5.95,320000,3059
PCG5425725,Pacific Gas & Electric Co.,5.427278804,5.9,39000,2146
CMCS3953016,Comcast Corp.,5.427355312,4.25,4083000,2360
C4374613,Citigroup Inc.,5.427396218,3,9000,319
CRM6337560,Salesforce Inc.,5.427407602,5.2,20662000,2419
BA4866208,The Boeing Co.,5.427493135,3.25,3319000,3107
CAH5754692,Cardinal Health Inc.,5.427523664,5.45,284000,2756
JPM5894290,JPMorgan Chase & Co.,5.427742637,4.25,2000,1147
TMUS5537477,T-Mobile USA Inc.,5.427933208,5.05,16209000,2541
MAR5757395,Marriott International Inc.,5.428351947,5.3,6815000,2845
AZO5837989,AutoZone Inc.,5.42840363,5.4,488000,2906
VZ4106368,Verizon Communications Inc.,5.429006736,5.05,28000,2784
TRGP5522064,Targa Resources Corp.,5.429051717,6.125,3260000,2419
XEL5626855,Xcel Energy Inc.,5.42935053,5.45,945000,2572
PRU4184486,Prudential Financial Inc.,5.429497344,4.05,15000,3029
JPM6293928,JPMorgan Chase & Co.,5.429584036,4.65,20000,2373
ANTM5923070,Elevance Health Inc.,5.429671859,5.2,2189000,3121
FDX6203825,FedEx Corp.,5.430018875,3.25,700000,5402
JPM5898068,JPMorgan Chase & Co.,5.430184585,5,30000,2973
LVS6066157,Las Vegas Sands Corp.,5.430308545,6,207000,1414
MSFT.GK,Microsoft Corp.,5.430525774,5.3,8902000,5306
EXC5759253,Exelon Corp.,5.43059474,5.45,1570000,2784
AZO5671868,AutoZone Inc.,5.431576574,6.55,504000,2650
TYC4440898,Johnson Controls International Plc,5.432065772,6,151000,3455
GOOG6224226,Alphabet Inc.,5.432105409,4.7,17281000,3394
GPN4985639,Global Payments Inc.,5.432675963,2.9,1691000,1384
EOG4326916,EOG Resources Inc.,5.432866241,5.1,50000,3455
OTIS6165875,Otis Worldwide Corp.,5.433690488,5.131,710000,3322
T4833789,AT&T Inc.,5.434128896,7.7,5010000,2101
GSGR5880297,The Goldman Sachs Group Inc.,5.434325201,5.3,4000,2952
GS4180342,The Goldman Sachs Group Inc.,5.434595512,4,75000,5221
PEG5662774,Public Service Enterprise Group Inc.,5.434672721,6.125,620000,2633
O.GE,Realty Income Corp.,5.43508033,5.875,135000,3149
ABT.GX,Abbott Laboratories,5.435141838,6,601000,4627
AMT5591554,American Tower Corp.,5.435371055,5.55,6835000,2541
GSGR6107247,The Goldman Sachs Group Inc.,5.435471437,5.3,60000,2520
AMT5651474,American Tower Corp.,5.437128834,5.9,15619000,2664
FCX4183632,Freeport-McMoRan Inc.,5.43729139,5.4,475000,3028
GS4107655,The Goldman Sachs Group Inc.,5.437331033,4.5,14000,4610
GS4021280,The Goldman Sachs Group Inc.,5.437474205,4.65,16000,5798
WFC5955256,Wells Fargo & Co.,5.438416268,5.5,48000,4879
UBRT5886385,Uber Technologies Inc.,5.438670222,4.8,2989000,2968
WFC6402792,Wells Fargo & Co.,5.439130399,5.25,10000,3590
GS4071678,The Goldman Sachs Group Inc.,5.439250462,4.85,30000,3394
GS6453023,The Goldman Sachs Group Inc.,5.439371162,5.45,500000,4372
TRGP5385363,Targa Resources Corp.,5.439532003,4.2,181000,2377
PRU6145125,Prudential Financial Inc.,5.4395561,5,5000,3302
GSGR6272522,The Goldman Sachs Group Inc.,5.439557294,5.05,80000,3440
T4763021,AT&T Inc.,5.439670484,6.55,60000,2876
PYPL5815518,PayPal Holdings Inc.,5.439686647,5.15,5867000,2862
PRU4253637,Prudential Financial Inc.,5.439990614,4.5,2000,6894
DG5598911,Dollar General Corp.,5.440671743,5.45,470000,2531
LMT.HM,Lockheed Martin Corp.,5.442221919,5.72,20000,5054
C6249763,Citigroup Inc.,5.44245205,4.45,50000,2331
GS3829312,The Goldman Sachs Group Inc.,5.442837452,5.5,300000,4610
ETE5666806,Energy Transfer LP,5.443078471,6.55,6768000,2680
CAH5939495,Cardinal Health Inc.,5.444371193,5.35,1626000,3029
T6299521,AT&T Inc.,5.445144732,4.75,6629000,2465
GSGR6057901,The Goldman Sachs Group Inc.,5.445575021,5.5,10000,2464
GSGR6026187,The Goldman Sachs Group Inc.,5.445774084,5.35,50000,2421
GS6420212,The Goldman Sachs Group Inc.,5.446209958,5.4,40000,3588
XS2792108164,Citigroup Inc.,5.446565615,5.16,1,1740
CMCS.GN,Comcast Corp.,5.446613618,7.05,3599000,2419
O6044781,Realty Income Corp.,5.44685184,5.125,892000,3180
TSN5763635,Tyson Foods Inc.,5.447358548,5.7,595000,2784
DUK3942992,Duke Energy Corp.,5.447659464,3.1,30000,137
EOG6102471,EOG Resources Inc.,5.447670738,5.35,4741000,3455
KR5877314,The Kroger Co.,5.447704737,5,20726000,2968
XYLE6400944,Xylem Inc.,5.448064667,5.45,1133000,3593
PFG.LU,Principal Financial Group Inc.,5.448195249,6.05,324000,3729
WFC5933881,Wells Fargo & Co.,5.448627495,5.15,30000,3021
PEG5780112,Public Service Enterprise Group Inc.,5.44869859,5.45,9000,2801
JPM6407582,JPMorgan Chase & Co.,5.449129739,5.25,120000,4319
GSGR6365893,The Goldman Sachs Group Inc.,5.449162062,5.35,75000,3186
US594918AM6,Microsoft Corp.,5.449178535,5.3,40000,5306
AMP6016608,Ameriprise Financial Inc.,5.449252829,5.2,649000,3180
KDP5766360,Keurig Dr Pepper Inc.,5.449278513,5.3,2920000,2784
MMC6311184,Marsh & McLennan Cos. Inc.,5.449421969,4.95,481000,3515
KO5177107,The Coca-Cola Co.,5.44975467,2.875,66000,5392
GSGR6347709,The Goldman Sachs Group Inc.,5.44993669,4.8,10000,1690
JPM6296331,JPMorgan Chase & Co.,5.449992433,5.1,80000,3470
WFC5717266,Wells Fargo & Co.,5.450003161,5.55,6000,1596
FB5868811,Meta Platforms Inc.,5.451507536,4.75,3177000,2937
FANG5789669,Diamondback Energy Inc.,5.451635233,5.4,841000,2818
BAC5916447,Bank of America Corp.,5.451673933,5.2,100000,3736
ORLY5871711,OReilly Automotive Inc.,5.452057227,5,325000,2941
US87264ACY9,T-Mobile USA Inc.,5.452167063,5.05,10000,2541
AJGG5752562,Arthur J. Gallagher & Co.,5.452711687,5.45,241000,2906
THC5187521,Tenet Healthcare Corp.,5.453286049,4.25,6716000,1036
PFE4685494,Pfizer Inc.,5.453423767,4.1,2204000,4429
PEG6023590,Public Service Enterprise Group Inc.,5.453452108,5.4,60000,3149
DTE5803380,DTE Energy Co.,5.453534292,5.85,1033000,2862
JPM5998223,JPMorgan Chase & Co.,5.454063846,5.45,12000,2569
JPM5922264,JPMorgan Chase & Co.,5.454169528,5,22000,3014
BAC4153423,Bank of America Corp.,5.454293461,4.15,25000,3668
US172967BU43,Citigroup Inc.,5.454371743,5.875,1,2398
AMT5766471,American Tower Corp.,5.454457927,5.45,4814000,2756
HUB6221229,Hubbell Inc.,5.454894954,4.8,2014000,3394
FISV5761678,Fiserv Inc.,5.455391888,5.35,4268000,1688
CMCS5581325,Comcast Corp.,5.455401934,4.8,2136000,2480
GS.AMB,The Goldman Sachs Group Inc.,5.455469855,5.5,40000,4125
AVGO6276421,Broadcom Inc.,5.456184773,4.6,13616000,2360
AVGO6212798,Broadcom Inc.,5.456896938,2.6,15725000,2391
CMCS5538062,Comcast Corp.,5.456946697,4.65,557000,2391
DVN5876439,Devon Energy Corp.,5.457038007,5.2,2132000,2968
A1A1PW,Microsoft Corp.,5.457155776,4.5,10000,5176
GS4147767,The Goldman Sachs Group Inc.,5.45729704,4.15,2000,4732
ES5735020,Eversource Energy,5.458296954,5.5,38000,2711
D.IY,Dominion Energy Inc.,5.458867246,6.3,16000,2419
DRI5664374,Darden Restaurants Inc.,5.459511163,6.3,864000,2628
C6273656,Citigroup Inc.,5.459841802,5.05,100000,4191
MLM5931374,Martin Marietta Materials Inc.,5.460227177,5.15,466000,3045
APC4422780,Occidental Petroleum Corp.,5.461568576,3,35000,199
C6427629,Citigroup Inc.,5.4620086,5.35,30000,3622
PM6379604,Philip Morris International Inc.,5.462096774,4.875,895000,3560
L3707251,Loews Corp.,5.462632502,6,580000,3107
GS.GEX,The Goldman Sachs Group Inc.,5.463036313,5.75,240000,5433
UPS.QD,United Parcel Service Inc.,5.463235941,6.2,2097000,4186
LOW6184394,Lowes Companies Inc.,5.463429586,4.85,9816000,3363
GS4083066,The Goldman Sachs Group Inc.,5.463507943,4.65,10000,2694
HPQ6342159,Hewlett Packard Enterprise Co.,5.463601999,5.25,2578000,2436
YUM4880750,Yum! Brands Inc.,5.463618423,4.75,20000,1264
GS4069098,The Goldman Sachs Group Inc.,5.464140184,4.6,12000,2664
GSGR6183356,The Goldman Sachs Group Inc.,5.464258126,5,45000,3346
GSGR6377724,The Goldman Sachs Group Inc.,5.465060855,5,75000,3561
INTC5538522,Intel Corp.,5.465121257,5.2,6458000,2386
JPM5826449,JPMorgan Chase & Co.,5.465219926,5.5,40000,2875
ABC6310083,Cencora Inc.,5.465687376,4.9,661000,3484
GS4000759,The Goldman Sachs Group Inc.,5.465987091,4,8000,2480
TRV.GD,The Travelers Cos. Inc.,5.466209976,6.25,1920000,3972
WAB5761631,Westinghouse Air Brake Technologies Corp.,5.466408985,5.611,460000,2780
PHM6309987,PulteGroup Inc.,5.466886057,4.9,2235000,3501
WMB5727855,The Williams Cos. Inc.,5.467648425,5.15,1651000,2784
JPM5720794,JPMorgan Chase & Co.,5.467743542,5.25,20000,3430
US03027XCF50,American Tower Corp.,5.468517273,5.9,1,2664
GS.CX,The Goldman Sachs Group Inc.,5.469109468,5.25,16000,2329
WMT5255646,Walmart Inc.,5.469410436,2.5,3626000,5532
FANG6023471,Diamondback Energy Inc.,5.470340423,5.55,4074000,3166
PCG5363490,Pacific Gas & Electric Co.,5.470582394,4.4,524000,2040
JPM6081601,JPMorgan Chase & Co.,5.470987484,5.25,4000,2679
AIG6070279,American International Group Inc.,5.471748679,5.45,163000,3202
BAC6372982,Bank of America Corp.,5.472534439,5.5,19000,4284
VZ4176697,Verizon Communications Inc.,5.472863329,4.4,2632000,3015
TTWO5829522,Take-Two Interactive Software Inc.,5.473353602,5.6,300000,2873
C6055646,Citigroup Inc.,5.473382758,5.375,6000,2100
JPM6070172,JPMorgan Chase & Co.,5.473475072,5.1,1000,2664
GS3985461,The Goldman Sachs Group Inc.,5.474295794,4.25,55000,2419
F.GX,Ford Motor Co.,5.47457092,6.375,587000,916
GSGR6123607,The Goldman Sachs Group Inc.,5.475002266,5.05,25000,2548
GS4209305,The Goldman Sachs Group Inc.,5.475033622,3.25,25000,2391
VZ4839073,Verizon Communications Inc.,5.475249108,4.05,60000,8324
V4972835,Visa Inc.,5.475465415,2.7,8812000,5007
ALL.IF,The Allstate Corp.,5.47550586,5.95,226000,3532
WFC4997547,Wells Fargo & Co.,5.47555855,3,57000,2501
JPM5761261,JPMorgan Chase & Co.,5.475705188,5.35,20000,2783
DHI5868664,D.R. Horton Inc.,5.476124556,5,2507000,2998
UNP4641664,Union Pacific Corp.,5.476389662,4.375,630000,4424
PKG6147214,Packaging Corporation of America,5.476478934,5.2,3345000,3302
AMZN4531864,Amazon.com Inc.,5.47662114,3.875,6969000,4040
GS.JER,The Goldman Sachs Group Inc.,5.477159725,5.75,60000,5494
PPG.GL,PPG Industries Inc.,5.477270978,7.7,40000,4245
INTC6380121,Intel Corp.,5.47762867,5,4518000,2572
VZ4835511,Verizon Communications Inc.,5.477696477,4,20000,4671
C5054860,Citigroup Inc.,5.477719038,2,100000,2069
AMZN6336477,Amazon.com Inc.,5.477740444,4.875,69421000,3513
SYY5698727,Sysco Corp.,5.478022163,6,539000,2727
T5242097,AT&T Inc.,5.478152859,2.55,5236000,2680
GS3882932,The Goldman Sachs Group Inc.,5.478355523,5,15000,4033
BAC4136862,Bank of America Corp.,5.479311668,4.25,2000,4702
JPM3903661,JPMorgan Chase & Co.,5.479546195,4,21000,4070
JPM6133420,JPMorgan Chase & Co.,5.479644252,4.65,12000,1461
AIG4266447,American International Group Inc.,5.48036326,4.7,90000,3266
TMUS5731958,T-Mobile USA Inc.,5.480889213,5.15,2161000,2815
C5994867,Citigroup Inc.,5.480942282,5.35,2000,2029
US172967CC36,Citigroup Inc.,5.481038386,6,1,2649
JPM4955936,JPMorgan Chase & Co.,5.481080728,2.8,30000,3134
GS5717245,The Goldman Sachs Group Inc.,5.481929769,5.8,40000,2694
COP.GR,ConocoPhillips,5.482279618,6.5,2622000,4568
T5596421,AT&T Inc.,5.483002211,5.4,21862000,2756
C5573688,Citigroup Inc.,5.483522941,5.4,10000,2463
FB5581329,Meta Platforms Inc.,5.483586626,4.95,12309000,2480
US594918AJ3,Microsoft Corp.,5.483900995,4.5,6000,5176
APC5856281,Occidental Petroleum Corp.,5.483941935,5.55,2872000,2984
TMUS6143761,T-Mobile USA Inc.,5.485268693,6.7,1030000,2694
UNP.LI,Union Pacific Corp.,5.485345559,5.78,60000,5098
TGT.ID,Target Corp.,5.485476914,6.5,636000,4094
C.HCV,Citigroup Inc.,5.485534738,6,511000,2649
JPM6308266,JPMorgan Chase & Co.,5.485786723,4.8,100000,3484
JPM5965489,JPMorgan Chase & Co.,5.486078311,5,100000,3066
JPM6467109,JPMorgan Chase & Co.,5.486489639,5.3,50000,3653
CAT.AC,Caterpillar Inc.,5.486637163,5.2,5830000,5414
AXP.LQ,American Express Co.,5.486657756,8.15,105000,4249
COP.GO,ConocoPhillips,5.487335378,5.9,5135000,4306
STLD6026368,Steel Dynamics Inc.,5.487399822,5.25,4467000,3210
JNJ4077469,Johnson & Johnson,5.487516337,4.5,425000,6336
BX5906694,Cheniere Energy Inc.,5.487679265,5.65,2306000,2815
JPM5985762,JPMorgan Chase & Co.,5.487957783,5.5,440000,2376
IRM4539229,Iron Mountain Inc.,5.489192836,4.875,270000,411
C.ZZH,Citigroup Inc.,5.489850572,5.875,306000,2398
GS.JGT,The Goldman Sachs Group Inc.,5.490100974,6,10000,2694
MAR5869636,Marriott International Inc.,5.490342284,5.35,957000,3149
BMY5007348,Bristol Myers Squibb Co.,5.490869656,5.7,234000,5190
TRV.GG,The Travelers Cos. Inc.,5.491635399,5.35,1292000,5207
JPM6059172,JPMorgan Chase & Co.,5.492009196,5.5,10000,3926
KR.SX,The Kroger Co.,5.49208408,6.9,30000,4276
USB6379761,U.S. Bancorp,5.492478363,5.1,70000,3926
DGX6380050,Quest Diagnostics Inc.,5.49269485,5,1784000,3622
CI6166006,The Cigna Group,5.493376751,5.25,37950000,3455
JPM6131405,JPMorgan Chase & Co.,5.493942115,5.4,30000,3287
XOM4968081,Exxonmobil Corp.,5.494400456,4.227,2971000,4980
CAH6149983,Cardinal Health Inc.,5.494512814,5.15,3790000,3333
JPM6433077,JPMorgan Chase & Co.,5.494553981,5.5,300000,4345
JPM5998225,JPMorgan Chase & Co.,5.494603038,5.5,90000,3120
DIS4935873,The Walt Disney Co.,5.494627185,6.9,30000,4763
GS.JEW,The Goldman Sachs Group Inc.,5.494808352,5.5,36000,5129
WFC6455301,Wells Fargo & Co.,5.494985774,5.5,100000,5468
BAC5747986,Bank of America Corp.,5.495045477,5.45,60000,3478
USB6421659,U.S. Bancorp,5.495233859,5.5,6000,3610
PWR6141582,Quanta Services Inc.,5.495377357,5.1,1156000,3296
GSGR6308665,The Goldman Sachs Group Inc.,5.495387513,5,20000,3855
CSX.PR,CSX Corp.,5.495428123,7.45,100000,4262
GS.ACE,The Goldman Sachs Group Inc.,5.496605205,6,20000,5525
BAC6173811,Bank of America Corp.,5.496781799,5.25,60000,4064
AA.HO,Howmet Aerospace Inc.,5.497184202,5.95,609000,3838
GSGR6340355,The Goldman Sachs Group Inc.,5.497221794,5,80000,2420
JPM6308274,JPMorgan Chase & Co.,5.497537284,5.1,26000,3484
JPM6102536,JPMorgan Chase & Co.,5.498043391,5.1,38000,2702
CVX4985690,Chevron Corp.,5.498160964,2.978,30000,5033
THC.GU,Tenet Healthcare Corp.,5.498175671,6.875,2187000,1933
WMT4117478,Walmart Inc.,5.498179987,4.3,45000,6475
GS.FU,The Goldman Sachs Group Inc.,5.498209365,5.7,108000,5402
RPHC5824521,Royalty Pharma Plc,5.498574703,5.4,181000,2955
JPM5862364,JPMorgan Chase & Co.,5.498803288,5.5,100000,2938
JPM6025251,JPMorgan Chase & Co.,5.499696855,5.4,90000,3148
ALL.GD,The Allstate Corp.,5.499699766,6.9,100000,4306
JPM6158993,JPMorgan Chase & Co.,5.499704895,5.2,120000,3316
JPM5966585,JPMorgan Chase & Co.,5.499794637,5.5,75000,3066
TSN4152376,Tyson Foods Inc.,5.499833276,4.875,211000,2937
WAB6080784,Westinghouse Air Brake Technologies Corp.,5.500056448,5.5,495000,3224
JPM6407590,JPMorgan Chase & Co.,5.500422408,5.4,30000,3590
C4995175,Citigroup Inc.,5.500526458,3,30000,3224
WFC6205633,Wells Fargo & Co.,5.500964283,4.55,4000,2270
UBRT6170119,Uber Technologies Inc.,5.500971723,4.8,8130000,3333
KMI6060064,Kinder Morgan Inc.,5.501321791,5.85,323000,3227
JPM6430077,JPMorgan Chase & Co.,5.50155453,5.25,75000,3615
JBL6283831,Jabil Inc.,5.501646879,4.75,1405000,2377
JPM6036104,JPMorgan Chase & Co.,5.502379144,5.4,236000,3156
BRO6098801,Brown & Brown Inc.,5.502944366,5.25,499000,2154
GSGR5933639,The Goldman Sachs Group Inc.,5.50299245,5.375,47000,3027
WFC5866353,Wells Fargo & Co.,5.50307062,5.5,30000,3661
WFC6246911,Wells Fargo & Co.,5.503385046,5,99000,4141
TMUS5650473,T-Mobile USA Inc.,5.503499886,5.75,7339000,2725
GS6410043,The Goldman Sachs Group Inc.,5.50351594,5.25,21000,4319
JPM5884250,JPMorgan Chase & Co.,5.505074834,5.15,10000,2961
WFC6061156,Wells Fargo & Co.,5.505418473,5.4,4000,2098
PEP.LB,PepsiCo Inc.,5.505461245,5.5,142000,4916
USB6420093,U.S. Bancorp,5.505593816,5.41,3000,3577
GS.AAQ,The Goldman Sachs Group Inc.,5.505860103,6,9000,5341
TWLO5144193,Twilio Inc.,5.506123082,3.875,1370000,1688
KO4982889,The Coca-Cola Co.,5.506163796,2.5,5217000,5054
MRVL5650452,Marvell Technology Inc.,5.506199535,5.95,913000,2603
USB5930486,U.S. Bancorp,5.506654835,5.4,8000,4854
GSGR5980349,The Goldman Sachs Group Inc.,5.506988021,5.5,20000,2366
PHM.GP,PulteGroup Inc.,5.507226545,6,34000,3121
NVDA6427659,NVIDIA Corp.,5.507931059,4.95,162745000,3607
GSGR6003299,The Goldman Sachs Group Inc.,5.508292753,5.55,20000,2390
MS5987561,Morgan Stanley,5.508300594,5,10000,3833
YUM5043696,Yum! Brands Inc.,5.50838924,3.625,3473000,1688
JPM5070339,JPMorgan Chase & Co.,5.508412425,2,184000,3013
JPM6183204,JPMorgan Chase & Co.,5.509138555,5.15,20000,4072
GSGR6365794,The Goldman Sachs Group Inc.,5.509209176,5.5,150000,3548
UNH.HK,UnitedHealth Group Inc.,5.509235969,6.625,157000,4125
CVS5808364,CVS Health Corp.,5.509412055,5.7,210000,2862
AAXN6022669,Axon Enterprise Inc.,5.509774582,6.125,9000,1323
MO5998541,Altria Group Inc.,5.509970732,5.625,1446000,3112
USB5921943,U.S. Bancorp,5.511220374,4.9,16000,1180
UNP4866169,Union Pacific Corp.,5.511272801,3.55,200000,4763
JPM6467115,JPMorgan Chase & Co.,5.511404972,5.45,50000,3653
PEP4968013,PepsiCo Inc.,5.51144585,3.5,39000,4980
WFC5007794,Wells Fargo & Co.,5.511517939,2.75,21000,3805
JPM5943039,JPMorgan Chase & Co.,5.511642316,5.25,20000,3043
USB6145017,U.S. Bancorp,5.512022039,5.25,2000,4032
AMZN6448291,Amazon.com Inc.,5.512640973,5.3,237798000,3631
HEI6452625,HEICO Corp.,5.513290373,5.4,15125000,3654
JPM5876499,JPMorgan Chase & Co.,5.513597872,5.25,45000,2952
GS.DD,The Goldman Sachs Group Inc.,5.514055294,5.5,50000,4155
HUB6415581,Hubbell Inc.,5.514111681,5.15,13138000,3607
WFC6180630,Wells Fargo & Co.,5.514355363,4.5,26000,2245
GS.DW,The Goldman Sachs Group Inc.,5.514749542,5.75,90000,3852
AJGG5959040,Arthur J. Gallagher & Co.,5.515583995,5.15,3095000,3121
ANTM6170124,Elevance Health Inc.,5.515653865,5,7557000,3455
DHI6010604,D.R. Horton Inc.,5.516134046,5.5,4118000,3363
DUK6170063,Duke Energy Corp.,5.516932706,4.95,7017000,3333
NUE.GE,Nucor Corp.,5.517324352,6.4,495000,4141
MCD.HF,McDonalds Corp.,5.517631917,6.3,4058000,4094
AVGO6212011,Broadcom Inc.,5.51804714,3.419,18023000,2450
US013817AK77,Howmet Aerospace Inc.,5.518738511,5.95,5000,3838
AMT5942872,American Tower Corp.,5.519091113,5.4,12000,3106
JPM5897291,JPMorgan Chase & Co.,5.519335545,5.1,40000,4779
US013817AK77,Howmet Aerospace Inc.,5.519358788,5.95,1,3838
RJF6171329,Raymond James Financial Inc.,5.520072715,4.9,5009000,3329
GSGR5933637,The Goldman Sachs Group Inc.,5.520176917,5.3,6000,2296
BAC6141541,Bank of America Corp.,5.520238588,5.4,50000,3293
XOM4871939,Exxonmobil Corp.,5.520873686,2.995,1642000,4764
MSI5770977,Motorola Solutions Inc.,5.520885593,5.4,1269000,2815
WFC.MH,Wells Fargo & Co.,5.521753679,6.55,140000,3363
GSGR6042731,The Goldman Sachs Group Inc.,5.522460626,5.4,197000,3167
IIVI5908124,Coherent Corp.,5.523295378,5,1085000,1233
HAL4309125,Halliburton Co.,5.52332742,4.85,6688000,3394
BAC5959091,Bank of America Corp.,5.523534661,5.3,234000,3787
GS6464511,The Goldman Sachs Group Inc.,5.524411012,5.5,120000,2922
ABT.HB,Abbott Laboratories,5.52487414,5.3,210000,5049
OKE5633313,ONEOK Inc.,5.525237006,6.05,771000,2589
PEP.LE,PepsiCo Inc.,5.525454526,4.875,45000,5207
APO5700540,Apollo Global Management Inc.,5.525541126,6.375,2790000,2664
BAC3710325,Bank of America Corp.,5.525578789,6.05,172000,4217
MRO6000697,Marathon Petroleum Corp.,5.525716875,5.7,682000,3135
FDX6296777,FedEx Freight Holding Co. Inc.,5.526056086,4.95,50000,2419
NI6107501,NiSource Inc.,5.526642623,5.35,882000,3271
US023135EE26,Amazon.com Inc.,5.526779805,5.3,6000,3631
RCL6312786,Royal Caribbean Group,5.527032813,4.75,3064000,2480
C5874360,Citigroup Inc.,5.527545025,5.25,20000,2952
TGT.IJ,Target Corp.,5.527869862,7,1002000,4186
MRK4806293,Merck & Co. Inc.,5.527946875,3.9,232000,4602
JPM5832028,JPMorgan Chase & Co.,5.528456112,5.5,20000,2882
NRG5080919,NRG Energy Inc.,5.529439293,3.625,20000,1660
MAR6153467,Marriott International Inc.,5.529525133,5.25,1879000,3363
JPM6231038,JPMorgan Chase & Co.,5.530264174,5,60000,4123
MCD.HI,McDonalds Corp.,5.530417467,6.3,2452000,4231
WFC5770840,Wells Fargo & Co.,5.530987387,5.5,75000,1687
JPM5137853,JPMorgan Chase & Co.,5.531264458,2.35,50000,3497
ETE5827600,Energy Transfer LP,5.53147571,5.6,2156000,2954
GSGR6335085,The Goldman Sachs Group Inc.,5.531587399,5.1,76000,3517
ETE5732752,Energy Transfer LP,5.531734524,5.55,11329000,2845
GS5317176,The Goldman Sachs Group Inc.,5.531889798,2,80000,136
GEHCV6092600,GE Healthcare Technologies Inc.,5.531908545,5.5,933000,3241
GEHCV6249896,GE Healthcare Technologies Inc.,5.532909772,4.95,2544000,3424
USB6132652,U.S. Bancorp,5.533238369,5.45,60000,3286
DIS4921075,The Walt Disney Co.,5.534546588,6.65,7170000,4125
JPM.AZM,JPMorgan Chase & Co.,5.534969395,5.6,6313000,5463
ARHPF6415635,Arch Capital Group Ltd.,5.535127055,5.25,1617000,3607
AEE6018456,Ameren Corp.,5.535371947,5.375,1820000,3149
C6171866,Citigroup Inc.,5.53544039,5,140000,3344
GSGR6054375,The Goldman Sachs Group Inc.,5.536474664,5.25,100000,3188
ES5793767,Eversource Energy,5.537836543,5.95,141000,2906
L6309988,Loews Corp.,5.538093406,4.94,294000,3532
WFC5811422,Wells Fargo & Co.,5.538274348,5.55,60000,1750
C6066021,Citigroup Inc.,5.538404146,5.35,20000,2481
BAC6428371,Bank of America Corp.,5.539422392,5.5,60000,7262
GS4341658,The Goldman Sachs Group Inc.,5.539685228,4,12000,3515
C4374616,Citigroup Inc.,5.540450449,3.55,21000,3607
USB5950264,U.S. Bancorp,5.540607304,5.35,80000,3063
AJGG5677781,Arthur J. Gallagher & Co.,5.540891433,6.5,190000,2756
C5045786,Citigroup Inc.,5.540933554,2,1000,1873
PRU.VQ,Prudential Financial Inc.,5.541358973,5.9,250000,3517
BABA5126326,Alibaba Group Holding Ltd.,5.542116146,2.7,660000,5307
GS4140664,The Goldman Sachs Group Inc.,5.542541099,4.1,46000,2906
DIS5711889,The Walt Disney Co.,5.542791348,7.85,60000,4596
XEL5761671,Xcel Energy Inc.,5.542887392,5.5,717000,2784
WFC5745632,Wells Fargo & Co.,5.543922033,5.5,50000,2746
EIX6027135,Edison International,5.543973423,6.25,2840000,1323
GS6433230,The Goldman Sachs Group Inc.,5.544655189,5.45,90000,3603
JPM6430079,JPMorgan Chase & Co.,5.545016506,5.4,42000,3615
JPM6420068,JPMorgan Chase & Co.,5.54501763,5.25,490000,3603
CFG5053448,Citizens Financial Group Inc. (Rhode Island),5.545081223,2.638,2288000,2253
C6128761,Citigroup Inc.,5.545083857,5.45,24000,4017
JPM6407597,JPMorgan Chase & Co.,5.545676717,5,36000,3590
GSGR5958117,The Goldman Sachs Group Inc.,5.545825524,5.5,30000,3059
PCG5522621,Pacific Gas & Electric Co.,5.545871092,6.15,5420000,2360
CSCO.GD,Cisco Systems Inc.,5.546138182,5.9,5923000,4582
GS3947305,The Goldman Sachs Group Inc.,5.546372994,4.25,30000,3059
GS4337037,The Goldman Sachs Group Inc.,5.546770059,4.25,10000,3486
OKE.GO,ONEOK Inc.,5.547087383,6,269000,3241
GPN6228100,Global Payments Inc.,5.547544572,4.875,4174000,1568
WFC6311189,Wells Fargo & Co.,5.547889449,4.9,2000,3488
CCL6009652,Carnival Corp. Ltd.,5.54870883,5.75,1400000,1323
UNH.HJ,UnitedHealth Group Inc.,5.548862769,6.5,789000,3972
BSX4801033,Boston Scientific Corp.,5.54921962,4.55,1004000,4596
GS3963862,The Goldman Sachs Group Inc.,5.550047664,4.25,1000,4217
C6147586,Citigroup Inc.,5.550369207,5.15,10000,3315
US00206RMM15,AT&T Inc.,5.550406019,2.55,1,2680
WFC6081029,Wells Fargo & Co.,5.550986155,5,26000,1391
JPM5943125,JPMorgan Chase & Co.,5.551082989,5.5,10000,4869
BX6332460,Cheniere Energy Inc.,5.551371116,5.2,200000,3652
HPQ4431606,Hewlett Packard Enterprise Co.,5.551390874,6.2,232000,3363
APC5009750,Occidental Petroleum Corp.,5.552339436,8.875,5706000,1445
UNH.HC,UnitedHealth Group Inc.,5.552624814,6.875,220000,4217
JPM6295734,JPMorgan Chase & Co.,5.553042043,5,220000,3470
JPM.KRR,JPMorgan Chase & Co.,5.553088948,6.4,4733000,4306
WFC6158878,Wells Fargo & Co.,5.553272664,5.3,2000,5142
ORLY6332178,OReilly Automotive Inc.,5.553357347,5.1,2524000,3512
GS5190264,The Goldman Sachs Group Inc.,5.553446523,3,15000,3589
JPM6251461,JPMorgan Chase & Co.,5.553589019,5,15000,4333
MAR4437598,Marriott International Inc.,5.553595822,4.5,80000,2984
KDP6064702,Keurig Dr Pepper Inc.,5.554165974,5.15,1152000,3210
DVN6437138,Devon Energy Corp.,5.554383357,5.6,651000,2784
DIS4907438,The Walt Disney Co.,5.554509859,7.9,48000,25325
VZ6037395,Verizon Communications Inc.,5.554713717,5.25,3284000,3167
JPM6308267,JPMorgan Chase & Co.,5.55480081,5.05,20000,4396
GS.ALC,The Goldman Sachs Group Inc.,5.55487828,5.25,10000,2664
C6193247,Citigroup Inc.,5.555268112,4.625,20000,2273
AMT6027259,American Tower Corp.,5.555659955,5.35,1001000,3149
WFC5888196,Wells Fargo & Co.,5.555748608,5,10000,4790
VZ5499247,Verizon Communications Inc.,5.556323819,5.55,20000,1203
JPM5808974,JPMorgan Chase & Co.,5.556571032,5.5,80000,2847
JPM6081603,JPMorgan Chase & Co.,5.556945608,5.45,30000,3225
GSGR6230763,The Goldman Sachs Group Inc.,5.55702299,4.55,100000,3392
GD4969902,General Dynamics Corp.,5.557641313,4.25,1618000,4993
C6044679,Citigroup Inc.,5.558127329,5.45,3000,3188
EXC4307362,Exelon Corp.,5.558149023,4.95,1327000,3241
GSGR5829281,The Goldman Sachs Group Inc.,5.558747463,5.55,84000,2875
FDX6211146,FedEx Corp.,5.559369948,4.1,25000,6102
HUM5500539,Humana Inc.,5.559908712,5.875,2017000,2405
MO6141778,Altria Group Inc.,5.5600433,5.25,877000,3293
PYPL6020599,PayPal Holdings Inc.,5.560080365,5.1,421000,3166
PRU.YX,Prudential Financial Inc.,5.56047733,5.7,955000,3789
IP4247256,International Paper Co.,5.56062191,5,1860000,3333
MCD.HK,McDonalds Corp.,5.560970895,5.7,1620000,4568
BMY5007343,Bristol Myers Squibb Co.,5.561207643,4.125,2015000,4702
GSGR5958122,The Goldman Sachs Group Inc.,5.562064964,5.25,20000,3059
BAC3742545,Bank of America Corp.,5.563441997,6.975,41000,3872
SNPS6020495,Synopsys Inc.,5.564279074,5.15,7918000,3166
D.JP,Dominion Energy Inc.,5.564359554,5.95,146000,3241
CNC4976670,Centene Corp.,5.564392851,4.625,4492000,1233
RSG.GR,Republic Services Inc.,5.564474724,5.7,100000,5402
UAL6303447,United Airlines Holdings Inc.,5.564519458,4.875,3909000,944
GS6464492,The Goldman Sachs Group Inc.,5.565527049,5.6,74000,3638
AEE6325756,Ameren Corp.,5.56569,5,1161000,3576
RCL5894476,Royal Caribbean Group,5.565797953,5.625,2550000,1887
VZ5864188,Verizon Communications Inc.,5.566272005,5.05,30000,3668
BAC6250604,Bank of America Corp.,5.566615524,5.05,200000,4144
EIX5500480,Edison International,5.566969591,6.95,513000,1203
TRGP5698894,Targa Resources Corp.,5.567024136,6.5,739000,2799
RSG.GM,Republic Services Inc.,5.567039626,6.2,15000,4962
BAC6101973,Bank of America Corp.,5.567085634,5.55,10000,3244
MRK5002692,Merck & Co. Inc.,5.567174788,2.35,1264000,5077
BX5980101,Cheniere Energy Partners LP,5.567340824,5.75,1122000,2937
RPHC6166014,Royalty Pharma Plc,5.567355491,5.2,3280000,3343
PEG5254395,Public Service Enterprise Group Inc.,5.568920838,8.625,60000,1719
BKNG6387689,Booking Holdings Inc.,5.569219879,5.375,8559000,3568
A0TVVR,JPMorgan Chase & Co.,5.569331446,6.4,1000,4306
JPM5720799,JPMorgan Chase & Co.,5.56935454,5.2,4000,2700
TXN4805020,Texas Instruments Incorporated,5.569409442,3.875,1595000,4610
SQ5449300,Block Inc.,5.569444139,3.5,1336000,1766
GS5584786,The Goldman Sachs Group Inc.,5.56957658,5.5,10000,2481
GSGR6365858,The Goldman Sachs Group Inc.,5.569941246,5.65,85000,5362
AAPL5123997,Apple Inc.,5.569997664,2.375,3128000,5306
MPLX5812954,MPLX LP,5.57001004,5.5,12114000,2862
USB5923664,U.S. Bancorp,5.570346868,5.5,30000,3012
IRM4576666,Iron Mountain Inc.,5.570548401,5.25,95000,593
GSGR6049027,The Goldman Sachs Group Inc.,5.570959782,5.45,115000,3185
IRM5003232,Iron Mountain Inc.,5.571050674,5,2000,715
GSGR6054376,The Goldman Sachs Group Inc.,5.571603068,5,180000,3182
JPM6231677,JPMorgan Chase & Co.,5.571928372,5.35,15000,5220
EFX6461565,Equifax Inc.,5.572699632,5.65,34599000,2572
GSGR5927650,The Goldman Sachs Group Inc.,5.572761197,5.25,60000,6667
GSGR6392738,The Goldman Sachs Group Inc.,5.573218703,5.25,27000,4305
GSGR5969470,The Goldman Sachs Group Inc.,5.573459026,5.25,200000,3073
WFC6098909,Wells Fargo & Co.,5.573583487,5.4,25000,3242
ANTM3667634,Elevance Health Inc.,5.573803714,5.85,333000,3455
JPM5853849,JPMorgan Chase & Co.,5.5745668,5.5,270000,2922
CMCS5815382,Comcast Corp.,5.574605308,5.3,3052000,2862
PG4556767,Procter & Gamble Co.,5.574658893,3.5,506000,7756
US46625HHF01,JPMorgan Chase & Co.,5.574971066,6.4,1,4306
US037833EE62,Apple Inc.,5.575187161,2.375,1,5306
C6442861,Citigroup Inc.,5.575270784,5.5,1676000,5465
HIG.GO,The Hartford Insurance Group Inc.,5.576807859,5.95,542000,3729
WFC6137938,Wells Fargo & Co.,5.577147601,5.5,60000,5118
PM3673419,Philip Morris International Inc.,5.577493155,6.375,1609000,4307
GS6399878,The Goldman Sachs Group Inc.,5.57820093,5.55,125000,3587
JPM6231811,JPMorgan Chase & Co.,5.57895308,4.85,95000,4123
IBM5999345,International Business Machines Corp.,5.578991005,5.2,2856000,3116
ABNB6339015,Airbnb Inc.,5.579264215,5.25,1109000,3516
OMC6324632,Omnicom Group Inc.,5.57963771,5,4407000,2498
BAC6417547,Bank of America Corp.,5.57977788,5.55,30000,4330
PCG5597770,Pacific Gas & Electric Co.,5.58014915,6.4,3044000,2511
GS4293153,The Goldman Sachs Group Inc.,5.580237043,4.25,1000,7016
VZ5868861,Verizon Communications Inc.,5.58068687,4.78,2485000,3121
CVS6147341,CVS Health Corp.,5.581285059,5.45,18805000,3333
VRSK5815979,Verisk Analytics Inc.,5.581526021,5.25,1026000,2866
C6115507,Citigroup Inc.,5.581896757,5.35,32000,3274
JPM5965488,JPMorgan Chase & Co.,5.581938767,5.15,60000,3798
ETE6009234,Energy Transfer LP,5.582033174,5.7,1524000,3166
ADSK6092595,Autodesk Inc.,5.582041313,5.3,607000,3241
C4375949,Citigroup Inc.,5.582136878,3.3,2000,1792
WFC5826884,Wells Fargo & Co.,5.582226805,5.7,16000,2871
C6076261,Citigroup Inc.,5.582967814,5.6,152000,3225
GS.JCI,The Goldman Sachs Group Inc.,5.583749379,5.5,1000,3941
JPM6379103,JPMorgan Chase & Co.,5.584263462,5.25,475000,3561
GSGR6069073,The Goldman Sachs Group Inc.,5.584698498,5,30000,1750
MS6148610,Morgan Stanley,5.585346137,5,20000,4032
GSGR5900372,The Goldman Sachs Group Inc.,5.585843847,5.125,75000,2982
GS5793711,The Goldman Sachs Group Inc.,5.586303134,5.6,32000,2819
PG4969928,Procter & Gamble Co.,5.586927733,3.6,5764000,8638
JPM6102531,JPMorgan Chase & Co.,5.587161751,5.5,45000,3980
LUV.GG,Southwest Airlines Co.,5.587213713,7.375,107000,213
JPM5881846,JPMorgan Chase & Co.,5.587259059,5.25,20000,4788
TMUS6037450,T-Mobile USA Inc.,5.587508422,5.3,2088000,3210
UPS4969031,United Parcel Service Inc.,5.587663552,5.2,110000,4993
BAC6233653,Bank of America Corp.,5.587894271,5,61000,4127
C5784599,Citigroup Inc.,5.587959617,5.6,15000,4644
US172967EP21,Citigroup Inc.,5.587972691,6.875,1,4235
WMB5974950,The Williams Cos. Inc.,5.588341234,5.6,230000,3149
MSFT4077804,Microsoft Corp.,5.588478865,4.875,6000,6346
PFE4805669,Pfizer Inc.,5.588671107,3.9,626000,4610
LLY4800405,Eli Lilly & Co.,5.589336263,3.875,50000,4610
BAC6265821,Bank of America Corp.,5.589450741,5,50000,4162
JPM5129853,JPMorgan Chase & Co.,5.589629004,2,50000,2939
GS.ICU,The Goldman Sachs Group Inc.,5.591024369,6,16000,5341
GSGR6255499,The Goldman Sachs Group Inc.,5.591034225,5.05,147000,4156
MSI6091176,Motorola Solutions Inc.,5.591779218,5.55,665000,3302
JPM6259586,JPMorgan Chase & Co.,5.592851889,5.1,30000,3430
AMGN.GU,Amgen Inc.,5.592863578,6.9,160000,4323
BMY.GN,Bristol Myers Squibb Co.,5.593488838,6.125,30000,4292
C4400248,Citigroup Inc.,5.593730828,3.15,90000,3699
MDLZ3672261,Mondelez International Inc.,5.594329504,6.875,30000,4203
GSGR5949577,The Goldman Sachs Group Inc.,5.594773951,5.2,30000,3043
GSGR6216682,The Goldman Sachs Group Inc.,5.595280282,4.85,50000,3364
GS.GBX,The Goldman Sachs Group Inc.,5.595367508,5.85,16000,5433
BAC6056472,Bank of America Corp.,5.595868572,5.5,39000,3917
GSGR6069072,The Goldman Sachs Group Inc.,5.596256149,5.25,1000,2481
KMI4188478,Kinder Morgan Inc.,5.59627304,5.3,5290000,3045
STZ6206636,Constellation Brands Inc.,5.596517606,4.95,906000,3380
GS5770881,The Goldman Sachs Group Inc.,5.596716439,5.6,100000,2784
JPM5757825,JPMorgan Chase & Co.,5.5968027,5.6,36000,4595
WFC6110874,Wells Fargo & Co.,5.596861472,5.35,150000,3256
JPM5815997,JPMorgan Chase & Co.,5.597170252,5.6,60000,2861
C5727891,Citigroup Inc.,5.597251498,5.45,20000,4555
USB6155856,U.S. Bancorp,5.597369015,5.2,15000,3313
NI6392711,NiSource Inc.,5.597374837,5.3,6356000,3579
USB6329629,U.S. Bancorp,5.597407395,5.3,12000,4601
JPM6392623,JPMorgan Chase & Co.,5.597948831,5.25,37000,4305
GLW3820932,Corning Inc.,5.59802485,4.7,230000,3880
JPM6430080,JPMorgan Chase & Co.,5.598496662,5.4,30000,4345
OKE6103698,ONEOK Inc.,5.598501173,5.65,3235000,2954
GSGR6216684,The Goldman Sachs Group Inc.,5.598542135,5,100000,3379
GSGR6245363,The Goldman Sachs Group Inc.,5.598874443,5.125,28000,4137
GS5598707,The Goldman Sachs Group Inc.,5.599194506,5.6,90000,2509
DTE6171198,DTE Energy Co.,5.599653646,5.05,1484000,3349
WMI5176907,Waste Management Inc.,5.60098025,2.95,5780000,5419
MELI6253328,MercadoLibre Inc.,5.60098726,4.9,5360000,2360
BX6325625,Cheniere Energy Partners LP,5.601641672,5.55,3311000,3378
ORCL6302374,Oracle Corp.,5.602138044,4.55,10784000,919
JPM5985764,JPMorgan Chase & Co.,5.602412913,5.6,24000,3836
TSN6309686,Tyson Foods Inc.,5.602573891,4.95,5711000,3491
GS3849726,The Goldman Sachs Group Inc.,5.602677365,5.75,21000,3576
AMGN.GR,Amgen Inc.,5.602797575,6.375,174000,3958
NEM.GL,Newmont Corp.,5.603004275,5.875,150000,3166
CCI5576414,Crown Castle Inc.,5.60325418,5.1,16144000,2466
CSCO.GG,Cisco Systems Inc.,5.603608402,5.5,2992000,4916
GS.DK,The Goldman Sachs Group Inc.,5.603874179,5.5,2000,5251
CL4275867,Colgate-Palmolive Co.,5.603896697,4,230000,6955
NRG4831718,NRG Energy Inc.,5.604797105,5.25,400000,1050
JPM6081587,JPMorgan Chase & Co.,5.604955332,5.6,10000,3225
BMY5077469,Bristol Myers Squibb Co.,5.605328158,2.35,1255000,5219
BSX.GJ,Boston Scientific Corp.,5.605408914,7.375,129000,4916
JPM5897355,JPMorgan Chase & Co.,5.605762256,5.1,10000,3703
ABBV5068386,AbbVie Inc.,5.605767203,4.05,10561000,4861
GS.ACB,The Goldman Sachs Group Inc.,5.606089079,5.75,21000,5525
US717081EU35,Pfizer Inc.,5.606104762,3.9,1,4610
WFC5722706,Wells Fargo & Co.,5.606233495,5.55,165000,2701
RBLX5290313,Roblox Corp.,5.606712861,3.875,200000,1370
EQT5735917,EQT Corp.,5.606740351,5.75,142000,2742
VZ5832156,Verizon Communications Inc.,5.607009266,5.15,20000,2876
BAC5777891,Bank of America Corp.,5.607021335,5.5,135000,4620
JPM6093244,JPMorgan Chase & Co.,5.607355033,5.5,60000,3239
PFE.GM,Pfizer Inc.,5.60756934,7.2,6961000,4610
GSGR6255501,The Goldman Sachs Group Inc.,5.609107244,5,50000,3423
JPM5988856,JPMorgan Chase & Co.,5.610001416,5.6,3000,3013
C5833021,Citigroup Inc.,5.610366873,5.55,30000,2887
CVS4268487,CVS Health Corp.,5.610370816,4.875,1042000,3276
JPM5898304,JPMorgan Chase & Co.,5.610665311,5,3000,3703
JPM6155712,JPMorgan Chase & Co.,5.610751615,5.15,21000,4046
JPM6392633,JPMorgan Chase & Co.,5.61101548,5.1,100000,2845
BAC5883684,Bank of America Corp.,5.61131135,5.1,40000,3687
FDX4200155,FedEx Corp.,5.611404503,3.9,25000,3107
FLEX5876375,Flex Ltd.,5.611418599,5.25,1601000,1994
MO.HH,Altria Group Inc.,5.611419968,10.2,20000,4573
JPM6059180,JPMorgan Chase & Co.,5.611519113,5.6,7000,3195
VRSK6023458,Verisk Analytics Inc.,5.61203113,5.25,3093000,3149
GSGR5871791,The Goldman Sachs Group Inc.,5.612676728,5.35,54000,2938
NSC.GO,Norfolk Southern Corp.,5.613075523,7.05,40000,3927
USB6145016,U.S. Bancorp,5.613188427,5.15,40000,3301
GSGR5980348,The Goldman Sachs Group Inc.,5.613317648,5.55,90000,3097
WFC5770833,Wells Fargo & Co.,5.614060638,5.6,20000,2783
JPM6420066,JPMorgan Chase & Co.,5.614633022,5.15,39000,3603
TMUS5900486,T-Mobile USA Inc.,5.61463707,4.7,1767000,3090
GS.JDB,The Goldman Sachs Group Inc.,5.615310179,5.75,39000,5068
JPM5808074,JPMorgan Chase & Co.,5.615653471,5.6,360000,2306
US84265VAA35,Southern Copper Corp.,5.615722972,7.5,1,3283
VLO6332445,Valero Energy Corp.,5.616274431,5.15,194000,3510
WFC6467603,Wells Fargo & Co.,5.616459724,5.5,150000,4383
FOXR5665327,Fox Corp.,5.616502252,6.5,7925000,2631
BAC6037016,Bank of America Corp.,5.616666614,5.5,30000,3160
MMC4786489,Marsh & McLennan Cos. Inc.,5.617228276,4.75,489000,4610
EXC.JL,Exelon Corp.,5.617439922,5.625,813000,3241
GMBX3667617,Southern Copper Corp.,5.617525363,7.5,1598000,3283
C6115511,Citigroup Inc.,5.617679684,5.5,20000,4008
GS3969879,The Goldman Sachs Group Inc.,5.618327509,4.25,1000,4217
GSGR5861522,The Goldman Sachs Group Inc.,5.618542866,5.6,75000,2922
C5996641,Citigroup Inc.,5.618934588,5.6,30000,3126
SYY6006774,Sysco Corp.,5.619342704,5.4,258000,3157
TRGP5867483,Targa Resources Corp.,5.619509439,5.5,5620000,3121
US87264ADT97,T-Mobile USA Inc.,5.619803784,5.3,1,3210
AMP6417885,Ameriprise Financial Inc.,5.620144763,5.35,2624000,3607
JPM6005469,JPMorgan Chase & Co.,5.621216909,5.5,280000,3134
LVS6386531,Las Vegas Sands Corp.,5.621467981,5.3,4968000,1749
HD4971788,The Home Depot Inc.,5.621620751,3.3,8247000,5007
VTVI6320678,Vertiv Holdings Co.,5.624249306,4.85,3535000,3515
GSGR6391433,The Goldman Sachs Group Inc.,5.625002718,5.075,2000,2464
JPM6261945,JPMorgan Chase & Co.,5.625470722,5.1,240000,4163
OMC6288960,Omnicom Group Inc.,5.625627745,5.375,4360000,2511
GILD5050848,Gilead Sciences Inc.,5.627260455,2.6,2238000,5176
GS.ANN,The Goldman Sachs Group Inc.,5.627555526,5.75,40000,5402
GSGR6272521,The Goldman Sachs Group Inc.,5.627773103,5.1,40000,4171
GE5287994,Synchrony Financial,5.628071415,2.875,1705000,1915
AVGO6183496,Broadcom Inc.,5.628139582,4.9,4708000,4217
JPM6005467,JPMorgan Chase & Co.,5.628232027,5.6,4000,3864
JPM6177863,JPMorgan Chase & Co.,5.628593269,5,78000,4072
BAC6454939,Bank of America Corp.,5.628696658,5.5,123000,7291
DIS4969021,The Walt Disney Co.,5.628927612,4.625,296000,4984
US92343VGY4,Verizon Communications Inc.,5.629752309,4.78,18000,3121
NTAP6028708,NetApp Inc.,5.630239701,5.7,4151000,3151
GSGR5820409,The Goldman Sachs Group Inc.,5.630287044,5.5,12000,2861
HD.GM,The Home Depot Inc.,5.630589916,5.4,14244000,5160
WFC6061142,Wells Fargo & Co.,5.631314557,5.65,53000,3193
JPM6147162,JPMorgan Chase & Co.,5.631429314,5.1,34000,4038
EQT6034681,EQT Corp.,5.631623753,6.375,18000,975
JPM5998371,JPMorgan Chase & Co.,5.632183948,5.55,75000,3850
GSGR5900311,The Goldman Sachs Group Inc.,5.632850118,4.25,80000,2983
PFE4297191,Pfizer Inc.,5.633609552,5.6,63000,5160
HUM5680231,Humana Inc.,5.633627218,5.95,5795000,2784
ETE6281448,Energy Transfer LP,5.633638355,5.35,3021000,3455
PEP3826676,PepsiCo Inc.,5.633818857,4,300000,5696
JPM6033247,JPMorgan Chase & Co.,5.63383497,5.5,20000,3889
GOOG5025303,Alphabet Inc.,5.633969154,1.9,1753000,5129
GS5761516,The Goldman Sachs Group Inc.,5.634265851,5.625,22000,2769
D6023455,Dominion Energy Inc.,5.634273277,5.45,1959000,3149
C5894413,Citigroup Inc.,5.635277936,4.75,80000,2980
PCG5761172,Pacific Gas & Electric Co.,5.63558628,5.8,2137000,2845
UTX5088068,RTX Corp.,5.636317311,4.875,4123000,5190
XEL6033619,Xcel Energy Inc.,5.636544747,5.6,3161000,3180
WFC6335438,Wells Fargo & Co.,5.636603684,4.95,50000,4242
CQP6407906,Cheniere Energy Partners LP,5.636896854,5.35,200000,3775
CMCS6070122,Comcast Corp.,5.637060021,5.3,2640000,3210
WMB6112212,The Williams Cos. Inc.,5.637279783,5.3,3225000,3348
YUM5386721,Yum! Brands Inc.,5.637476256,5.375,4219000,2071
USB5937464,U.S. Bancorp,5.637571756,5.5,36000,3034
WFC5752820,Wells Fargo & Co.,5.637699161,5.25,10000,2756
TPR5955173,Tapestry Inc.,5.638434289,5.5,1245000,3145
JPM5922265,JPMorgan Chase & Co.,5.638642149,5.15,20000,3014
OKE5890655,ONEOK Inc.,5.639146186,5.05,1289000,3015
LOW.HG,Lowes Companies Inc.,5.639292521,6.65,10000,4064
JPM3964695,JPMorgan Chase & Co.,5.639400487,4,6000,4210
DIS4986751,The Walt Disney Co.,5.639805826,3.5,1152000,5035
SQ6150161,Block Inc.,5.639839679,5.625,450000,1476
BAC6288290,Bank of America Corp.,5.640003753,5,50000,4193
VLO.ID,Valero Energy Corp.,5.640421925,6.625,2999000,3972
BAC6312494,Bank of America Corp.,5.640503497,4.6,3000,2393
JPM5826274,JPMorgan Chase & Co.,5.640611911,5.65,128000,2328
WFC5834124,Wells Fargo & Co.,5.641169116,5.65,32000,2882
JPM5958222,JPMorgan Chase & Co.,5.641359924,5.5,30000,3057
US46625HHV50,JPMorgan Chase & Co.,5.641376726,5.5,1,5190
MSFT3926369,Microsoft Corp.,5.641542832,3.5,415000,5951
CMCS4152323,Comcast Corp.,5.642480763,4.2,3043000,2937
GSGR6013933,The Goldman Sachs Group Inc.,5.6429747,5.65,30000,2404
GS.ET,The Goldman Sachs Group Inc.,5.643049156,6,50000,5341
C6008105,Citigroup Inc.,5.643073108,5.5,27000,3134
BAC6220849,Bank of America Corp.,5.643127144,5,94000,4113
BAC6183129,Bank of America Corp.,5.643610558,5.1,30000,4073
WFC5757947,Wells Fargo & Co.,5.643664269,5.65,45000,2767
JPM6379105,JPMorgan Chase & Co.,5.643842119,5.5,66000,7213
GS.JAX,The Goldman Sachs Group Inc.,5.643847517,5.25,4000,2329
NRG4572326,NRG Energy Inc.,5.643912518,5.75,3828000,533
JPM6420063,JPMorgan Chase & Co.,5.644891992,5.3,224000,3603
EXC6316847,Exelon Corp.,5.645113292,4.95,104000,3515
GSGR6308637,The Goldman Sachs Group Inc.,5.645170201,5.125,30000,4214
JPM6430081,JPMorgan Chase & Co.,5.6454129,5.55,15000,5439
GSGR6158838,The Goldman Sachs Group Inc.,5.645466821,5,30000,2769
C4944684,Citigroup Inc.,5.645866332,3.2,106000,4932
RS3670476,Reliance Inc.,5.646166242,6.85,72000,3760
BAC6397205,Bank of America Corp.,5.646250503,5.45,150000,4309
SPGI4378998,S&P Global Inc.,5.646648563,6.55,34000,4125
ECL.GF,Ecolab Inc.,5.646667465,5.5,6000,5609
JPM5772650,JPMorgan Chase & Co.,5.647516228,5.5,20000,2790
GSGR5927652,The Goldman Sachs Group Inc.,5.64879166,5.05,23000,3014
JPM5894292,JPMorgan Chase & Co.,5.649953876,5,90000,3703
APD4981664,Air Products & Chemicals Inc.,5.651302922,2.7,301000,5037
JPM6261944,JPMorgan Chase & Co.,5.651716874,5,15000,4163
PAYX6050670,Paychex Inc.,5.652140556,5.6,2985000,3180
NEM3827990,Newmont Corp.,5.652599807,4.875,4000,5706
MDLZ3671416,Mondelez International Inc.,5.653242001,7,40000,4029
NOC4969026,Northrop Grumman Corp.,5.653679749,5.15,955000,5023
GSGR6123605,The Goldman Sachs Group Inc.,5.653874336,5.35,20000,3276
C.HEW,Citigroup Inc.,5.654684969,6.125,6460000,3678
PEP4968015,PepsiCo Inc.,5.654794029,3.875,1386000,12285
GS5371572,The Goldman Sachs Group Inc.,5.65490911,3,20000,126
GS5810916,The Goldman Sachs Group Inc.,5.655285152,5.3,50300,2819
GS4214522,The Goldman Sachs Group Inc.,5.655441091,3.25,6000,564
C4971100,Citigroup Inc.,5.655782401,3,10000,3161
TRGP6093388,Targa Resources Corp.,5.655828369,5.65,4674000,3486
JPM5928877,JPMorgan Chase & Co.,5.655956464,5.15,22000,3028
WMT4553033,Walmart Inc.,5.656103586,3.625,26000,7807
HPQ5892341,Hewlett Packard Enterprise Co.,5.656661271,5,2428000,2998
PRU.GEQ,Prudential Financial Inc.,5.656932368,6.625,120000,4141
JPM5922255,JPMorgan Chase & Co.,5.657134661,5,10000,3745
GS6410044,The Goldman Sachs Group Inc.,5.657209276,5.5,50000,7242
JPM.HNO,JPMorgan Chase & Co.,5.657533714,5.5,5835000,5190
FISV5548631,Fiserv Inc.,5.658609509,5.6,740000,2406
JPM5679516,JPMorgan Chase & Co.,5.659180465,6.15,180000,2664
JPM6379106,JPMorgan Chase & Co.,5.659272487,5,635000,3561
NRG6186231,NRG Energy Inc.,5.659862359,5.407,20000,3363
WFC6081102,Wells Fargo & Co.,5.659911104,5.5,60000,3948
ROP5876441,Roper Technologies Inc.,5.661709384,4.9,1266000,2998
JPM5943035,JPMorgan Chase & Co.,5.662118819,5.25,30000,3773
GD5178868,General Dynamics Corp.,5.662371967,2.85,4675000,5419
JPM6345472,JPMorgan Chase & Co.,5.662577954,5.25,10000,3524
ADM3827213,Archer-Daniels-Midland Co.,5.662605016,4.535,200000,5717
EIX6320604,Edison International,5.663704728,4.8,462000,1688
YUM5150651,Yum! Brands Inc.,5.663776267,4.625,3243000,2010
GSGR5933636,The Goldman Sachs Group Inc.,5.663802977,5.5,10000,4850
CCI5713562,Crown Castle Inc.,5.663939451,5.8,9304000,2770
UPS.QM,United Parcel Service Inc.,5.664120956,4.875,35000,5221
C6135404,Citigroup Inc.,5.665136051,5.3,15000,3301
C5883909,Citigroup Inc.,5.665667795,5.2,50000,4795
USB6010279,U.S. Bancorp,5.665897829,5.65,15000,3134
CNC5050852,Centene Corp.,5.666208318,3,6376000,1537
WMB6275342,The Williams Cos. Inc.,5.666766093,5.15,11791000,3515
BAC5985332,Bank of America Corp.,5.666792687,5.6,30000,3829
JPM4942481,JPMorgan Chase & Co.,5.667117086,3,2000,3106
NKE4971169,NIKE Inc.,5.667636084,3.25,6340000,4988
GS4007849,The Goldman Sachs Group Inc.,5.667839007,3.5,8000,288
US345370CA64,Ford Motor Co.,5.668128626,7.45,1,1811
AVGO6212012,Broadcom Inc.,5.668271006,3.469,52193000,2815
USB6169696,U.S. Bancorp,5.668433106,5.15,2000,3330
NRG5550651,NRG Energy Inc.,5.668873364,7,42000,2419
MSFT4211190,Microsoft Corp.,5.669032985,3.75,1105000,6771
TRGP6014678,Targa Resources Corp.,5.669037839,5.55,5621000,3302
USB6329632,U.S. Bancorp,5.670040187,5.4,120000,5332
COIN5259270,Coinbase Global Inc.,5.670103599,3.375,75000,793
MS4520761,Morgan Stanley,5.670192027,3.971,2510000,4374
GSGR6204722,The Goldman Sachs Group Inc.,5.670486653,4.65,3000,2820
SYY.GM,Sysco Corp.,5.670726415,6.625,21000,4612
PEP5276473,PepsiCo Inc.,5.671330053,2.625,5791000,5561
GSGR6320779,The Goldman Sachs Group Inc.,5.671429552,5.4,4000,5310
JPM6467111,JPMorgan Chase & Co.,5.672230445,5.5,75000,4382
AVGO5905169,Broadcom Inc.,5.67240084,4.8,19663000,2998
GSGR5990541,The Goldman Sachs Group Inc.,5.673413771,5.7,36000,2376
CSX.PW,CSX Corp.,5.673467917,6.22,397000,5022
JPM6420064,JPMorgan Chase & Co.,5.673617391,5.3,20000,4333
C5923060,Citigroup Inc.,5.673862992,5.3,5000,4840
JPM6401396,JPMorgan Chase & Co.,5.674326611,5.275,20000,3582
DE3863464,Deere & Co.,5.674500121,3.9,6779000,5792
WFC6467602,Wells Fargo & Co.,5.674752786,5.65,20000,5479
CCI5864082,Crown Castle Inc.,5.675574282,5.2,56000,2954
JPM6212483,JPMorgan Chase & Co.,5.675750357,4.6,20000,3379
C.HFK,Citigroup Inc.,5.675984896,6.875,50000,4235
MS6023494,Morgan Stanley,5.676045742,5.15,10000,4970
NVDA4971917,NVIDIA Corp.,5.6760789,3.5,10959000,4993
GS6402783,The Goldman Sachs Group Inc.,5.676368244,5.375,264000,3574
US532457BS64,Eli Lilly & Co.,5.67701562,3.875,5000,4610
SYY.GJ,Sysco Corp.,5.677394671,5.375,217000,3339
GSGR5917003,The Goldman Sachs Group Inc.,5.67767399,4.875,20000,3001
UNP5359335,Union Pacific Corp.,5.678275138,3.375,715000,5677
DE4880122,Deere & Co.,5.678435993,2.875,1550000,8439
WFC6098908,Wells Fargo & Co.,5.678825558,5.65,21000,5069
CCL5627300,Carnival Corp. Ltd.,5.679461935,7,36000,1111
C6076389,Citigroup Inc.,5.679664399,5.45,9000,2314
VZ6231067,Verizon Communications Inc.,5.680272079,5,7496000,3455
T6180944,AT&T Inc.,5.680307309,4.9,906000,3380
JPM5943033,JPMorgan Chase & Co.,5.680714615,5.5,11000,3038
JPM5985768,JPMorgan Chase & Co.,5.680728936,5.6,15000,3104
CME4645551,CME Group Inc.,5.680816601,4.15,1006000,7990
UNH4862954,UnitedHealth Group Inc.,5.680960142,3.5,301000,4763
VMC.GP,Vulcan Materials Co.,5.681641376,7.15,30000,4140
T6088665,AT&T Inc.,5.682476726,5.375,13501000,3302
MPLX6020661,MPLX LP,5.683052329,5.4,12497000,3166
TMUS6197832,T-Mobile USA Inc.,5.683369767,4.95,7129000,3394
JPM5883865,JPMorgan Chase & Co.,5.683409835,5,240000,3694
BAC6309598,Bank of America Corp.,5.683809544,5.05,52000,4214
GPN5459741,Global Payments Inc.,5.684326462,5.4,367000,2207
UAL6294232,United Airlines Holdings Inc.,5.685898841,5.375,4521000,1674
MPLX6145301,MPLX LP,5.686177373,5.4,1892000,3333
GSGR6026182,The Goldman Sachs Group Inc.,5.686594789,5.4,100000,3150
GSGR6245361,The Goldman Sachs Group Inc.,5.686809198,5.05,60000,3407
C.HFV,Citigroup Inc.,5.686832143,8.125,2089000,4732
WFC5587541,Wells Fargo & Co.,5.688107545,5.15,12000,656
PRU.GQC,Prudential Financial Inc.,5.688304593,6.625,29000,5074
TMUS6277713,T-Mobile USA Inc.,5.688644948,5,5592000,3486
JPM6025250,JPMorgan Chase & Co.,5.688876019,5.15,15000,3148
GSGR6037184,The Goldman Sachs Group Inc.,5.688883111,5.65,15000,3164
MAR6013892,Marriott International Inc.,5.689059531,5.5,8318000,3911
JPM6392624,JPMorgan Chase & Co.,5.689073055,5.5,2519000,4305
JPM6336065,JPMorgan Chase & Co.,5.689190339,5,1623000,5339
WMT3991377,Walmart Inc.,5.689221886,4,30000,6098
GSGR6013927,The Goldman Sachs Group Inc.,5.689435543,5.75,60000,3134
MDT.GM,Medtronic Inc.,5.69007895,6.5,45000,4610
JNJ4340188,Johnson & Johnson,5.69012429,3.7,10819000,7153
GSGR6308603,The Goldman Sachs Group Inc.,5.690309043,5.1,60000,5311
OMC5862410,Omnicom Group Inc.,5.690315945,5.3,80000,3015
GSGR6057900,The Goldman Sachs Group Inc.,5.690748729,5.7,45000,3195
MCD.HM,McDonalds Corp.,5.690751089,4.875,104000,5098
C5762651,Citigroup Inc.,5.690793805,5.65,120000,6437
A4EK7A,Verizon Communications Inc.,5.6908203,5,6000,3455
C6039504,Citigroup Inc.,5.690851305,5.55,28000,3174
DOV.GJ,Dover Corp.,5.690917026,5.375,200000,5327
GSGR5889070,The Goldman Sachs Group Inc.,5.690954701,5.25,15000,2968
C6315733,Citigroup Inc.,5.690992907,5,40000,4228
JPM5794445,JPMorgan Chase & Co.,5.69151179,5.7,100000,3561
BAC6431443,Bank of America Corp.,5.691638668,5.4,48000,4345
WMI.HJ,Waste Management Inc.,5.692183706,6.125,6000,4870
GMBX6429079,Southern Copper Corp.,5.692767021,5.35,8392000,3616
MS6108542,Morgan Stanley,5.692860409,5.15,40000,3983
QULN6422069,Rocket Cos. Inc.,5.692921115,6.125,15000,1827
CSX.PY,CSX Corp.,5.694235454,5.5,60000,5372
PFG6410313,Principal Financial Group Inc.,5.694277344,5.3,2721000,3821
EIX5931052,Edison International,5.694424525,5.25,510000,2054
WFC5624067,Wells Fargo & Co.,5.694428803,5.7,1000,2553
VZ4213375,Verizon Communications Inc.,5.694504342,4.272,6596000,3455
GSGR6391428,The Goldman Sachs Group Inc.,5.694690557,5.35,90000,3560
AMGN.GY,Amgen Inc.,5.695650758,5.75,30000,4976
GSGR6288397,The Goldman Sachs Group Inc.,5.695749894,5,75000,3462
GSGR5969471,The Goldman Sachs Group Inc.,5.695980471,5.5,8000,3073
C5883900,Citigroup Inc.,5.696274861,5.05,20000,2966
FDX6208097,FedEx Corp.,5.69637478,4.4,10000000,7473
C6288774,Citigroup Inc.,5.696823815,5,10000,3470
UTX5088067,RTX Corp.,5.697050643,4.7,50000,5616
US87264ADX00,T-Mobile USA Inc.,5.697715451,4.95,1,3394
JPM5772651,JPMorgan Chase & Co.,5.697723358,5.25,1000,2790
BAC6155669,Bank of America Corp.,5.697889807,5.35,311000,4043
T4237449,AT&T Inc.,5.697983957,4.5,2577000,3210
D6416563,Dominion Energy Inc.,5.698072788,5.35,4169000,3607
CAT3928750,Caterpillar Inc.,5.698958581,3.803,1740000,5859
F.GY,Ford Motor Co.,5.699251406,7.45,8036000,1811
JPM5934909,JPMorgan Chase & Co.,5.699255875,5.2,30000,3759
AFL.GD,Aflac Inc.,5.699626983,6.9,6000,4887
HD.GO,The Home Depot Inc.,5.699718778,5.95,4619000,5358
USB6307245,U.S. Bancorp,5.699898728,5.2,30000,5295
ORCL5903545,Oracle Corp.,5.700015579,4.2,7575000,1154
WFC5881075,Wells Fargo & Co.,5.700547108,5.3,174000,4777
AFL.GF,Aflac Inc.,5.700595256,6.45,115000,5129
JPM6093307,JPMorgan Chase & Co.,5.701539527,5.5,100000,3969
JPM5735593,JPMorgan Chase & Co.,5.701812626,5.35,27000,3471
GSGR6294150,The Goldman Sachs Group Inc.,5.70200963,5.05,10000,3470
SRE6336384,Sempra,5.70259205,5.25,9137000,3515
PCG5698800,Pacific Gas & Electric Co.,5.702677433,6.95,3570000,2784
NOW6394084,ServiceNow Inc.,5.703161919,5.4,5416000,3576
PFE4989487,Pfizer Inc.,5.704071148,2.55,2410000,5050
GSGR6183347,The Goldman Sachs Group Inc.,5.704095412,4.65,200000,2799
IRM4880634,Iron Mountain Inc.,5.704948718,4.875,24000,1142
BAC5757181,Bank of America Corp.,5.705043312,5.5,100000,4589
ADM.GW,Archer-Daniels-Midland Co.,5.705211453,5.765,143000,5327
MU5537465,Micron Technology Inc.,5.705419471,5.875,184000,2385
JD4933547,JD.com Inc.,5.705617642,4.125,270000,8568
JPM6379102,JPMorgan Chase & Co.,5.705829194,5.1,577000,3561
KO.GC,The Coca-Cola Co.,5.706884812,7.375,15000,24470
GSGR6003298,The Goldman Sachs Group Inc.,5.707674867,5.625,36000,3120
OKE6144081,ONEOK Inc.,5.707762947,5.4,735000,3363
KMI6467218,Kinder Morgan Inc.,5.707943054,5.55,36627000,3654
USB6022263,U.S. Bancorp,5.708350988,5.35,60000,3146
US172967EC18,Citigroup Inc.,5.708517026,5.875,1,3955
UNP4087656,Union Pacific Corp.,5.709577294,4.85,80000,6529
VZ5652668,Verizon Communications Inc.,5.710295363,5.45,20000,1507
CNC5231872,Centene Corp.,5.710337166,2.625,2581000,1827
CINF.GD,Cincinnati Financial Corp.,5.710472814,6.125,3809000,3015
BRK3963113,Berkshire Hathaway Inc.,5.710964469,4.5,5214000,6039
BAC3669737,Bank of America Corp.,5.711167237,6.11,10575000,3835
TYC4440899,Johnson Controls International Plc,5.711186742,5.7,40000,5327
BAC6138842,Bank of America Corp.,5.711561716,5.55,20000,4022
UNH.HM,UnitedHealth Group Inc.,5.712739118,5.7,174000,5190
NOC.GS,Northrop Grumman Corp.,5.713130106,5.05,2650000,5221
USB6033274,U.S. Bancorp,5.71321916,5.5,14000,3889
US00206RCP55,AT&T Inc.,5.713722961,4.5,8000,3210
CMCS.GP,Comcast Corp.,5.714092695,5.65,1147000,3241
BAC5892035,Bank of America Corp.,5.714472162,5.1,50000,3700
JPM6320292,JPMorgan Chase & Co.,5.715001132,5.15,150000,4228
BA4602177,The Boeing Co.,5.715025302,3.55,3642000,4231
LMT.HN,Lockheed Martin Corp.,5.715405111,4.85,90000,5525
USB6075342,U.S. Bancorp,5.715854019,5.55,8000,3210
GPN5303816,Global Payments Inc.,5.716440182,2.9,5613000,1933
RCL5861856,Royal Caribbean Group,5.7177342,6,1378000,2377
US172967EW71,Citigroup Inc.,5.718101058,8.125,2,4732
XEL3668327,Xcel Energy Inc.,5.718326654,6.5,10875000,3623
JPM6250831,JPMorgan Chase & Co.,5.718682295,5,10000,3421
TRGP6227762,Targa Resources Corp.,5.718798139,5.4,35465000,3652
MPLX6306333,MPLX LP,5.718925701,5.3,1888000,3532
JPM5773385,JPMorgan Chase & Co.,5.71917462,5.25,10000,3703
MDT.GO,Medtronic Inc.,5.719589908,5.55,10000000,4976
BAC5862842,Bank of America Corp.,5.720309098,5.55,45000,4750
GSGR6272524,The Goldman Sachs Group Inc.,5.720810864,4.95,20000,3423
BAC5874201,Bank of America Corp.,5.721369311,5.3,12000,4767
CAT6075413,Caterpillar Inc.,5.722374937,5.5,250000,10515
AVGO6118448,Broadcom Inc.,5.722567044,5.2,42588000,3271
CI4866404,The Cigna Group,5.72298916,4.8,12692000,4398
GSGR6320778,The Goldman Sachs Group Inc.,5.723076849,5.25,360000,4228
GSGR6216683,The Goldman Sachs Group Inc.,5.723540317,4.65,20000,2828
US87264ADZ57,T-Mobile USA Inc.,5.724251546,5,1,3486
CMI4052599,Cummins Inc.,5.724504081,4.875,25000,6271
JPM5985765,JPMorgan Chase & Co.,5.72465148,5.75,150000,3106
C5908076,Citigroup Inc.,5.725847242,4.5,6000,3001
BAC6329387,Bank of America Corp.,5.725910044,5,40000,4235
JNJ5033710,Johnson & Johnson,5.72639248,2.45,8825000,12451
GSGR6255498,The Goldman Sachs Group Inc.,5.726522019,5.2,180000,5250
ECL4613465,Ecolab Inc.,5.727057036,3.95,598000,7793
JPM.ADX,JPMorgan Chase & Co.,5.72797783,5.4,2643000,5638
JPM6010135,JPMorgan Chase & Co.,5.729143642,5.75,30000,3134
FISV5634796,Fiserv Inc.,5.729264923,5.625,4990000,2578
ITW3872541,Illinois Tool Works Inc.,5.730626649,4.875,2514000,5525
GSGR6230773,The Goldman Sachs Group Inc.,5.730649695,4.85,80000,3378
C5908075,Citigroup Inc.,5.731533693,4.75,80000,4827
BAC6081567,Bank of America Corp.,5.732410376,5.75,50000,3948
MRVL6107490,Marvell Technology Inc.,5.732496431,5.45,4650000,3271
RCL5759106,Royal Caribbean Group,5.732593717,6.25,256000,2054
USB6096749,U.S. Bancorp,5.732644325,5.6,66000,3239
IBM6299791,International Business Machines Corp.,5.732656231,4.95,3650000,3474
GS5752610,The Goldman Sachs Group Inc.,5.732984952,5.45,30000,2755
APC4878874,Occidental Petroleum Corp.,5.733821994,6.45,4748114,3699
JPM6160713,JPMorgan Chase & Co.,5.735027684,5.5,20000,5145
XPO5589503,XPO Inc.,5.735109265,6.25,316000,671
HPQ6054240,HP Inc.,5.736320857,6.1,344000,3190
T6299520,AT&T Inc.,5.73635841,5.125,17560000,3561
INTC5456465,Intel Corp.,5.736561295,4.15,5347000,2197
US883556CM25,Thermo Fisher Scientific Inc.,5.736906245,2.8,1,5555
JPM6392636,JPMorgan Chase & Co.,5.737272538,5.25,32000,4305
GS5609920,The Goldman Sachs Group Inc.,5.737898709,5.75,200000,2531
CNC4947534,Centene Corp.,5.740385837,3.375,6436000,1295
GS6453024,The Goldman Sachs Group Inc.,5.740630663,5.75,770000,7273
AVGO6461739,Broadcom Inc.,5.741107031,3.137,38859000,3394
AMGN4953908,Amgen Inc.,5.741928752,3.15,3636000,4953
JNJ5033709,Johnson & Johnson,5.7421046,2.25,8310000,8798
TMO5237153,Thermo Fisher Scientific Inc.,5.742170092,2.8,470000,5555
GSGR6230768,The Goldman Sachs Group Inc.,5.743713386,5,15000,3392
JPM6459030,JPMorgan Chase & Co.,5.743930772,5.75,100000,10948
C6147588,Citigroup Inc.,5.74451884,5.35,42000,4046
PEP3887895,PepsiCo Inc.,5.744570261,3.6,170000,5857
GS5725790,The Goldman Sachs Group Inc.,5.744720386,5.75,200000,2708
JNJ4563815,Johnson & Johnson,5.745222666,3.5,2016000,7838
JPM6379101,JPMorgan Chase & Co.,5.745284143,5.5,30000,5387
BAC6173812,Bank of America Corp.,5.745556909,5.4,18000,6986
JPM6070163,JPMorgan Chase & Co.,5.745589532,5.4,260000,3941
JPM4955934,JPMorgan Chase & Co.,5.746190103,3,4000,4960
BA4798349,The Boeing Co.,5.746234792,3.5,7410000,4596
GS5623135,The Goldman Sachs Group Inc.,5.746324135,5.75,102000,2555
CMCS4382860,Comcast Corp.,5.746324508,3.2,38734000,3637
GS5761417,The Goldman Sachs Group Inc.,5.746627871,4.95,20000,2769
USB6088254,U.S. Bancorp,5.746741992,5.65,63000,3230
JPM5862363,JPMorgan Chase & Co.,5.746806781,5.75,20000,4764
APP5945420,Applovin Corp.,5.746903661,5.5,2261000,3045
USB6328157,U.S. Bancorp,5.74712885,5.1,10000,5332
ATO.AA,Atmos Energy Corp.,5.747287468,5.5,20000,5433
UTX5077958,Carrier Global Corp.,5.747885201,3.377,998000,4997
JPM5804773,JPMorgan Chase & Co.,5.747912691,5.75,250000,2847
ICE5031639,Intercontinental Exchange Inc.,5.747972006,2.65,4145000,5160
USB6158636,U.S. Bancorp,5.748262311,5.2,52000,3322
VRSK6320350,Verisk Analytics Inc.,5.748660581,5.125,1115000,3515
ROP6145280,Roper Technologies Inc.,5.748767916,5.1,6706000,3333
FB6221368,Meta Platforms Inc.,5.749069858,4.875,12756000,3394
USB6141548,U.S. Bancorp,5.749097012,5.5,25000,3294
USB6316334,U.S. Bancorp,5.74931912,5.2,30000,5318
INTC6380122,Intel Corp.,5.749547895,5.3,41452000,3576
GS5725729,The Goldman Sachs Group Inc.,5.749603255,4.79,1000,2708
BRO5825537,Brown & Brown Inc.,5.75018274,5.65,1370000,2872
SYY6309687,Sysco Corp.,5.750285349,4.95,13713000,3525
LLY4492882,Eli Lilly & Co.,5.751104678,3.95,35000,7593
WFC5740105,Wells Fargo & Co.,5.751142006,5.45,18000,4562
MSFT4000847,Microsoft Corp.,5.751213612,3.75,20000,6118
GSGR6347707,The Goldman Sachs Group Inc.,5.751521361,5.7,32000,5341
UNH4987617,UnitedHealth Group Inc.,5.751820444,2.75,1989000,5037
ORCL5500346,Oracle Corp.,5.752329383,6.15,9085000,1197
IIVI5320193,Coherent Corp.,5.752497696,5,12000,1233
CHK5946753,Expand Energy Corp. (Canada),5.752943928,5.7,736000,3090
PYPL6394285,PayPal Holdings Inc.,5.754553693,5.55,2728000,3593
GSGR6230772,The Goldman Sachs Group Inc.,5.755792252,4.5,8000,2283
JNJ4462075,Johnson & Johnson,5.755956229,3.75,1380000,7520
PRU4962852,Prudential Financial Inc.,5.756187995,3,75000,4971
US48126BAA17,JPMorgan Chase & Co.,5.757475388,5.4,200000,5638
GM4181483,General Motors Co.,5.759230424,5,542000,3166
CME4048080,CME Group Inc.,5.759647612,5.3,290000,6255
IRM5003234,Iron Mountain Inc.,5.759817651,5.25,400000,1445
JPM6392635,JPMorgan Chase & Co.,5.75996875,5,138000,3576
CL4522366,Colgate-Palmolive Co.,5.759974523,3.7,202000,7671
JPM5673181,JPMorgan Chase & Co.,5.760726268,6,1108000,2649
AVGO6276537,Broadcom Inc.,5.760921499,4.95,48813000,3455
GSGR6340155,The Goldman Sachs Group Inc.,5.761577837,5.15,80000,3507
C5983701,Citigroup Inc.,5.762002359,5.6,420000,3105
GS4113109,The Goldman Sachs Group Inc.,5.762709587,4.35,3000,2815
OTIS5047729,Otis Worldwide Corp.,5.763059826,3.112,50000,4947
GSGR5990536,The Goldman Sachs Group Inc.,5.763305923,5.8,75000,3106
KO4969567,The Coca-Cola Co.,5.763486567,4.2,81000,8638
INTU6420603,Intuit Inc.,5.763621143,5.5,15223000,3607
UNH5186803,UnitedHealth Group Inc.,5.765217141,3.05,522000,5402
GS.ABK,The Goldman Sachs Group Inc.,5.765552416,5.75,21000,4671
GS.AOI,The Goldman Sachs Group Inc.,5.766691384,5.75,10000,5463
USB6379708,U.S. Bancorp,5.767008423,5.5,2000,6483
US713448BZ06,PepsiCo Inc.,5.767171448,4,1,5696
AMGN5235282,Amgen Inc.,5.767662236,2.8,20000,5494
WFC5817235,Wells Fargo & Co.,5.76793711,5.6,10000,2858
JPM6033241,JPMorgan Chase & Co.,5.767987865,5.65,80000,4984
C6055645,Citigroup Inc.,5.76829563,5.65,14000,3195
JPM6160714,JPMorgan Chase & Co.,5.769060246,5,8000,2769
JPM5960990,JPMorgan Chase & Co.,5.770003326,5.1,40000,3066
BAC6103206,Bank of America Corp.,5.770391309,5.75,75000,5073
NSC3845871,Norfolk Southern Corp.,5.770995556,4.837,370000,5541
CCL6075368,Carnival Corp. Ltd.,5.771038569,5.875,100000,1780
CNC5130037,Centene Corp.,5.771695744,2.5,6726000,1674
WMT5571329,Walmart Inc.,5.772382315,4.5,11607000,9755
CI5002518,The Cigna Group,5.772650044,6.15,652000,3760
AAPL4001810,Apple Inc.,5.773262712,3.85,2437000,6121
WFC5811423,Wells Fargo & Co.,5.773476141,5.7,15000,2846
JPM6025241,JPMorgan Chase & Co.,5.774112226,5.5,30000,4975
VZ5813713,Verizon Communications Inc.,5.774206467,5.15,60000,2845
MRVL6360997,Marvell Technology Inc.,5.774690995,5.3,21594000,3546
GILD.GO,Gilead Sciences Inc.,5.774817647,5.65,1086000,5602
C6194709,Citigroup Inc.,5.775826191,5,75000,4099
FB6383866,Meta Platforms Inc.,5.776906254,5.25,185683000,3576
WFC5776280,Wells Fargo & Co.,5.776931293,5.5,60000,4617
ROK4804247,Rockwell Automation Inc.,5.777333225,4.2,804000,8249
US037833EW60,Apple Inc.,5.777835216,4.85,1,9780
C5045802,Citigroup Inc.,5.778506357,2.38,45000,3335
C5762648,Citigroup Inc.,5.778834406,5.65,75000,2784
F4978202,Ford Motor Co.,5.778834734,9.625,3588000,1361
EXPE6010608,Expedia Group Inc.,5.778870782,5.4,25294000,3121
WMT4647241,Walmart Inc.,5.779187389,4.05,1008000,8004
GSGR6308602,The Goldman Sachs Group Inc.,5.779717187,5,60000,5311
KO5868479,The Coca-Cola Co.,5.779911263,5.2,13048000,10394
C6135407,Citigroup Inc.,5.779989379,5.45,75000,4031
AMGN.GV,Amgen Inc.,5.780043243,6.4,1000000,4568
ANTM3670950,Elevance Health Inc.,5.780896205,6.375,150000,3972
US031162CR97,Amgen Inc.,5.781271798,3.15,1,4953
DIS4921774,The Walt Disney Co.,5.781298057,6.15,566000,5313
JPM6025247,JPMorgan Chase & Co.,5.781394332,5.25,62000,3878
US031162BA71,Amgen Inc.,5.781426317,6.4,2000,4568
DVN5328971,Devon Energy Corp.,5.781868634,5.875,18000,685
PH4186045,Parker-Hannifin Corp.,5.781874934,4.45,200000,6688
V4539216,Visa Inc.,5.782668585,3.65,1817000,7716
ITW3891943,Illinois Tool Works Inc.,5.783490961,3.9,60000,5876
BAC6026097,Bank of America Corp.,5.783557252,5.5,345000,3877
AAPL4122386,Apple Inc.,5.783962519,4.45,1088000,6489
AAPL5584758,Apple Inc.,5.784024011,4.85,2017000,9780
NUE4032789,Nucor Corp.,5.78428442,5.2,100000,6210
JPM6147309,JPMorgan Chase & Co.,5.784520522,5.5,90000,5129
GS6433233,The Goldman Sachs Group Inc.,5.78537789,5.75,39000,5429
C5861734,Citigroup Inc.,5.78556448,5.2,2000,2937
HUM6020608,Humana Inc.,5.785683795,5.55,3810000,3196
DGX4219922,Quest Diagnostics Inc.,5.785771246,4.7,50000,6817
SNX5789630,TD SYNNEX Corp.,5.785846177,6.1,976000,2812
TMO4078058,Thermo Fisher Scientific Inc.,5.786332974,5.3,150000,6394
RCL6183501,Royal Caribbean Group,5.786482441,5.375,9909000,3455
UNH.HO,UnitedHealth Group Inc.,5.786566657,5.95,864000,5313
KKR6141819,KKR & Co. Inc.,5.787023838,5.1,8078000,3294
GLW.HA,Corning Inc.,5.788558043,5.75,5095000,5129
USB5944458,U.S. Bancorp,5.789316794,5.45,15000,3783
PEP4175620,PepsiCo Inc.,5.78987976,4.25,40000,6658
JPM6178101,JPMorgan Chase & Co.,5.790115568,5.5,90000,6993
C6115513,Citigroup Inc.,5.790208873,5,2000,2182
JPM6213453,JPMorgan Chase & Co.,5.791042883,5.3,50000,5206
SYK4121831,Stryker Corp.,5.791226267,4.375,100000,6498
USB6328159,U.S. Bancorp,5.791299375,5.25,50000,7158
BAM6060097,Brookfield Asset Management Ltd.,5.791534398,5.795,324000,3189
VZ6264772,Verizon Communications Inc.,5.791716487,5.401,16012000,3989
DGX.GJ,Quest Diagnostics Inc.,5.792713273,6.95,30000,3988
VZ4832516,Verizon Communications Inc.,5.793151514,4,3000,4671
PCG6014630,Pacific Gas & Electric Co.,5.793821591,5.7,6711000,3135
LLY4217068,Eli Lilly & Co.,5.794466196,3.7,2986000,6788
JPM6103245,JPMorgan Chase & Co.,5.794672638,5.75,100000,5075
JPM6106076,JPMorgan Chase & Co.,5.795111238,5.75,75000,5075
JPM6345722,JPMorgan Chase & Co.,5.795213766,5.5,171000,5348
JPM6467118,JPMorgan Chase & Co.,5.79533866,5.7,129000,5479
WMT5472137,Walmart Inc.,5.795369538,4.5,884000,9537
WFC6402793,Wells Fargo & Co.,5.795624466,5.55,170000,5416
JPM6407580,JPMorgan Chase & Co.,5.79567126,5.75,6000,5416
D.GW,Dominion Energy Inc.,5.796054953,7,996000,4337
C5822024,Citigroup Inc.,5.796561081,5.8,40000,4701
JPM6430088,JPMorgan Chase & Co.,5.797223633,5.8,123000,5439
CHD4521149,Church & Dwight Co. Inc.,5.797271959,3.95,3000000,7671
GSGR6183353,The Goldman Sachs Group Inc.,5.797401327,5.125,20000,5173
BAC6071020,Bank of America Corp.,5.797428563,5.7,320000,3934
PCG6091400,Pacific Gas & Electric Co.,5.79893736,6,2370000,3302
GM6070276,General Motors Co.,5.799035847,6.25,18570000,3180
USB6316328,U.S. Bancorp,5.79936327,5.53,40000,7122
GSGR5980346,The Goldman Sachs Group Inc.,5.799428323,5.65,60000,4921
GSGR5850760,The Goldman Sachs Group Inc.,5.799561909,5.8,240000,2909
HAL.GS,Halliburton Co.,5.800545437,6.7,5065000,4429
JPM5876505,JPMorgan Chase & Co.,5.800908411,5.25,50000,4777
BA.GBV,The Boeing Co.,5.801062891,6.875,504000,4610
C5807457,Citigroup Inc.,5.802099152,5.75,5000,4672
JPM5826576,JPMorgan Chase & Co.,5.802323799,5.5,14000,4708
WMT5255679,Walmart Inc.,5.802396492,2.65,21222000,9184
WFC5811425,Wells Fargo & Co.,5.802501797,5.8,10000,4672
C6206706,Citigroup Inc.,5.80266908,4.9,40000,3379
JPM5894295,JPMorgan Chase & Co.,5.803477792,5.25,20000,6626
WMI4834476,Waste Management Inc.,5.804065233,4.15,360000,8385
WFC6231353,Wells Fargo & Co.,5.804152843,4.8,15000,3393
HON5761703,Honeywell International Inc.,5.804231512,5.25,225000,10075
BAC6210855,Bank of America Corp.,5.804459735,5.1,150000,4101
PEP4268853,PepsiCo Inc.,5.804832442,4.6,1344000,6926
C5727896,Citigroup Inc.,5.80488921,5.4,12000,2728
V5028508,Visa Inc.,5.804900171,2,2197000,8781
BAC3816499,Bank of America Corp.,5.804974073,5.875,633000,5670
USU19328AA89,Coinbase Global Inc.,5.806013549,3.375,1,793
C6100139,Citigroup Inc.,5.806367145,5.5,1000,3253
AVGO6461468,Broadcom Inc.,5.806669399,3.187,38675000,3760
WMT4887055,Walmart Inc.,5.806885629,2.95,705000,8456
KO5807226,The Coca-Cola Co.,5.807226537,5.3,347000,10148
IP.IO,International Paper Co.,5.807338331,8.7,42000,4337
CAT4974302,Caterpillar Inc.,5.808726201,3.25,25000,8653
TRV5197286,The Travelers Cos. Inc.,5.80906438,3.05,367000,9078
WFC6286732,Wells Fargo & Co.,5.809121398,5.25,18000,5289
CMCS4248983,Comcast Corp.,5.811269909,4.4,390000,3302
GS4572367,The Goldman Sachs Group Inc.,5.811532806,3,12000,137
WFC5898388,Wells Fargo & Co.,5.811841782,5,2000,3707
MLM.GF,Martin Marietta Materials Inc.,5.811966499,6.25,1253000,3927
PEP4968014,PepsiCo Inc.,5.812172434,3.625,170000,8632
V4319930,Visa Inc.,5.813156167,4.3,3902000,7076
LOW.HI,Lowes Companies Inc.,5.813405059,5.8,193000,5007
CAT4123663,Caterpillar Inc.,5.814448434,4.3,323000,6498
WFC6070183,Wells Fargo & Co.,5.814457629,5.7,15000,5030
CI4962268,The Cigna Group,5.815188376,3.2,300000,4976
LLY5033675,Eli Lilly & Co.,5.81544788,2.5,158000,12465
GS5781493,The Goldman Sachs Group Inc.,5.815741789,5.5,12000,2797
CMCS.GS,Comcast Corp.,5.815968851,6.5,54000,3394
WFC5770846,Wells Fargo & Co.,5.816117252,5.65,140000,4609
MDT4284342,Medtronic Inc.,5.817183819,4.625,120000,6802
C6206707,Citigroup Inc.,5.818275724,5.2,21000,5206
TYC4440902,Johnson Controls International Plc,5.819348414,5.125,900000,6985
JPM5998221,JPMorgan Chase & Co.,5.819440881,5.4,12000,3120
GSGR6255502,The Goldman Sachs Group Inc.,5.819467559,4.9,15000,3409
BRO6098802,Brown & Brown Inc.,5.819592441,5.55,16902000,3249
GD3925905,General Dynamics Corp.,5.819604151,3.6,104000,5951
MDT3983800,Medtronic Inc.,5.819705824,4,498000,6088
BAC3671591,Bank of America Corp.,5.820215451,6.5,150000,4064
C5833025,Citigroup Inc.,5.820501862,5.6,116000,4714
AVGO6183495,Broadcom Inc.,5.820772716,4.8,18420000,3486
US031162DA53,Amgen Inc.,5.821308891,2.8,1,5494
TEAM5809090,Atlassian Corp.,5.821788115,5.5,729000,2845
WMT4055720,Walmart Inc.,5.822000306,4.75,480000,6272
CVS4607884,CVS Health Corp.,5.822535321,4.78,7495000,4255
FICO4921195,Fair Isaac Corp.,5.822607631,4,18000,685
BMY5362704,Bristol Myers Squibb Co.,5.822789046,3.55,2281000,5706
LMT4002344,Lockheed Martin Corp.,5.822807495,4.07,4130000,5981
APO6145202,Apollo Global Management Inc.,5.824301265,5.15,718000,3299
MDLZ3673483,Mondelez International Inc.,5.825140784,6.875,2000000,4562
BSX4801034,Boston Scientific Corp.,5.82524195,4.7,10000000,8249
JPM6308264,JPMorgan Chase & Co.,5.825387766,5.15,15000,4214
AXP3962889,American Express Co.,5.825412855,4.05,2457000,5969
ADM.GS,Archer-Daniels-Midland Co.,5.825451697,6.45,2000,4186
WMI4214173,Waste Management Inc.,5.826016528,4.1,685000,6788
T4778574,AT&T Inc.,5.826674965,4.9,4975000,4033
GSGR6365811,The Goldman Sachs Group Inc.,5.826935292,5.8,15000,5355
MSCI6221275,MSCI Inc.,5.827531614,5.15,2062000,3515
ADI5271549,Analog Devices Inc.,5.827840337,2.8,2156000,5541
JPM6467511,JPMorgan Chase & Co.,5.82821641,0,200000,5114
MSFT5828003,Microsoft Corp.,5.828615859,4.5,4440000,7624
C6250659,Citigroup Inc.,5.828728786,5.05,38000,5255
MET.JE,MetLife Inc.,5.828921757,5.875,565000,5304
MRK3900816,Merck & Co. Inc.,5.829107624,3.6,500000,5890
F5463697,Ford Motor Co.,5.829232816,6.1,1180000,2211
TJX4972595,The TJX Cos. Inc.,5.829696466,4.5,6000,8659
BAM6234136,Brookfield Asset Management Ltd.,5.830016921,5.298,3532000,3455
WMI5076413,Waste Management Inc.,5.830327813,2.5,3087000,8873
WFC6158877,Wells Fargo & Co.,5.830938444,5,175000,3315
JPM5766952,JPMorgan Chase & Co.,5.831301284,5.75,30000,4616
GD4969903,General Dynamics Corp.,5.831315305,4.25,195000,8645
ONNN5032395,ON Semiconductor Corp.,5.83151326,3.875,25000,763
BAC6211647,Bank of America Corp.,5.832173738,5.4,1500000,7024
CSX.QA,CSX Corp.,5.833000039,4.75,85000,5782
BA4983329,The Boeing Co.,5.833264224,5.705,9501000,5023
HSY4904965,The Hershey Co.,5.833484981,3.125,8820000,8508
US025816BF52,American Express Co.,5.834067114,4.05,1,5969
PEP5850914,PepsiCo Inc.,5.835101204,5.25,3700000,10213
JPM6392620,JPMorgan Chase & Co.,5.835254269,5.1,700000,3576
MAR6316861,Marriott International Inc.,5.835270788,5.1,4551000,4292
CAT.RU,Caterpillar Inc.,5.835448494,6.95,30000,5753
KO4982891,The Coca-Cola Co.,5.836813685,2.75,4580000,12359
GSGR5876263,The Goldman Sachs Group Inc.,5.836834575,5.15,2000,2945
KNVU5672577,Kenvue Inc.,5.837012933,5.1,50000,6078
PCG6317071,Pacific Gas & Electric Co.,5.837832965,5.2,6470000,3562
NDAQ5092158,Nasdaq Inc.,5.838369653,2.5,955000,5257
JPM5922268,JPMorgan Chase & Co.,5.838372172,5.25,80000,4837
USB6462661,U.S. Bancorp,5.838389843,5.8,200000,5483
HD4401003,The Home Depot Inc.,5.838642174,3.5,436000,11004
MSCI6142870,MSCI Inc.,5.838780213,5.25,2020000,3319
BAC6388727,Bank of America Corp.,5.839088185,5.5,60000,7221
UNH.HR,UnitedHealth Group Inc.,5.839863969,4.625,897000,5586
PGR4204131,The Progressive Corp.,5.840206275,3.7,170000,6754
PEP4298859,PepsiCo Inc.,5.840236571,4.45,51000,7197
SYK4994020,Stryker Corp.,5.84091157,2.9,1000000,8720
GS5710155,The Goldman Sachs Group Inc.,5.841065417,6.25,25000,853
LOW4970508,Lowes Companies Inc.,5.843140924,5,27000,5007
BMY5007349,Bristol Myers Squibb Co.,5.843888914,5.25,645000,6224
AMGN.BZ,Amgen Inc.,5.843960862,4.95,10641000,5541
HAL.GW,Halliburton Co.,5.843971525,4.5,400000,5586
APD4981665,Air Products & Chemicals Inc.,5.844486134,2.8,3375000,8689
GS6005741,The Goldman Sachs Group Inc.,5.844803279,5.8,113000,2713
UTX5088057,RTX Corp.,5.844890869,4.8,393000,6346
ENTG5168853,Entegris Inc.,5.845006712,3.625,5000,1005
PFG4423270,Principal Financial Group Inc.,5.845498248,4.3,135000,7412
UNP3863815,Union Pacific Corp.,5.845709224,4.3,110000,5798
USB6328156,U.S. Bancorp,5.846018588,5,251000,5332
JPM5959002,JPMorgan Chase & Co.,5.84690341,5.5,100000,4883
GSGR5900368,The Goldman Sachs Group Inc.,5.847452173,5,53000,6636
DE5980484,Deere & Co.,5.847453695,5.7,2033000,10399
PCG6414362,Pacific Gas & Electric Co.,5.847665154,5.6,4535000,3668
GSGR6147255,The Goldman Sachs Group Inc.,5.847837526,5.5,30000,4032
PFE4125867,Pfizer Inc.,5.848871328,4.4,133000,6498
SNA4981653,Snap-On Inc.,5.849112529,3.1,26000,8675
MCO5238039,Moodys Corp.,5.849884185,2.75,210000,5498
GWW4497230,W.W. Grainger Inc.,5.849939844,4.2,450000,7593
APO6351275,Apollo Global Management Inc.,5.850030373,5.7,4534000,3530
PEP4895343,PepsiCo Inc.,5.851013624,2.875,404000,8477
NKE4305328,NIKE Inc.,5.851056045,3.875,138000,7033
UNP4092929,Union Pacific Corp.,5.852080253,4.821,3000,6394
WFC5493086,Wells Fargo & Co.,5.852175838,6.15,60000,450
ADM3963760,Archer-Daniels-Midland Co.,5.852536999,4.016,60000,6103
ABT4466215,Abbott Laboratories,5.852702951,4.75,2055000,6102
JPM6177866,JPMorgan Chase & Co.,5.852706634,5.25,10000,5166
GM4337099,General Motors Co.,5.852820767,6.6,18538000,3532
USB6022259,U.S. Bancorp,5.853197248,5.6,3000,3146
CAT4123631,Caterpillar Inc.,5.853693005,4.75,151000,13803
BAC6015555,Bank of America Corp.,5.85385875,5.7,67000,3864
THC6224268,Tenet Healthcare Corp.,5.853863594,6,410000,2664
BAC3673351,Bank of America Corp.,5.853995531,7.75,580000,4305
JPM5959001,JPMorgan Chase & Co.,5.854276315,5.75,10000,6710
C6235818,Citigroup Inc.,5.854846543,5,20000,4135
C4943360,Citigroup Inc.,5.855485101,3.25,15000,2009
USB6075343,U.S. Bancorp,5.856128466,5.75,20000,3210
GSGR6216681,The Goldman Sachs Group Inc.,5.856424959,5,300000,4109
CVS5029859,CVS Health Corp.,5.856447119,2.7,20000,5135
HAL.GU,Halliburton Co.,5.85651119,7.45,1143000,4794
BA.IX,The Boeing Co.,5.857066841,6.625,190000,4217
C5463033,Citigroup Inc.,5.857578029,5,6000,4048
WFC5856257,Wells Fargo & Co.,5.857818199,5.5,46000,4743
THC6224270,Tenet Healthcare Corp.,5.858656955,5.5,18000,2299
JPM6296789,JPMorgan Chase & Co.,5.860566458,5.4,87000,5297
JPM5883707,JPMorgan Chase & Co.,5.860987078,5.15,5000,6615
EMR4981581,Emerson Electric Co.,5.861023169,2.75,1200000,8842
LLY4980390,Eli Lilly & Co.,5.861207511,2.25,696000,8689
T6376100,AT&T Inc.,5.861278872,5.25,39079000,3744
C6275371,Citigroup Inc.,5.861682184,5.2,6000,5289
DE4971173,Deere & Co.,5.862737315,3.75,996000,8659
NEM5718763,Newmont Corp.,5.863131446,5.75,1096000,5586
BAC6295628,Bank of America Corp.,5.863335222,5.5,44000,7122
USB6341793,U.S. Bancorp,5.864640208,5.8,12000,7171
FISV5761679,Fiserv Inc.,5.864796678,5.45,2763000,2784
KO5045805,The Coca-Cola Co.,5.86481424,2.5,2785000,8993
CSX4234690,CSX Corp.,5.864890628,3.95,120000,8675
AAPL4336433,Apple Inc.,5.865226319,4.65,2903000,7147
C5874359,Citigroup Inc.,5.865244501,5.4,110000,4778
HIG.TB,The Hartford Insurance Group Inc.,5.865298969,6.625,1009000,4991
PEP5447005,PepsiCo Inc.,5.865303817,4.2,190000,9484
HSY4390232,The Hershey Co.,5.865492765,3.375,1720000,7320
BDX.AB,Becton Dickinson & Co.,5.865672361,5,40000,5218
SRE4585626,Sempra,5.86646334,3.8,1740000,4203
GWW4362343,W.W. Grainger Inc.,5.866553292,3.75,1125000,7228
LVS6386515,Las Vegas Sands Corp.,5.866786871,5.65,1640000,2483
JPM5869357,JPMorgan Chase & Co.,5.867085213,5.5,6000,6591
JPM5928878,JPMorgan Chase & Co.,5.867825499,5.5,4000,4854
KO4982890,The Coca-Cola Co.,5.867960226,2.6,202000,8706
T.KC,AT&T Inc.,5.867978282,6.5,50000,4050
WFC5765429,Wells Fargo & Co.,5.868371966,5.65,30000,4601
JPM6303069,JPMorgan Chase & Co.,5.869163209,5.45,12000,5311
NKE3998568,NIKE Inc.,5.86919526,3.625,80000,6118
JPM6009001,JPMorgan Chase & Co.,5.869444749,5.85,30000,6787
BAC6246672,Bank of America Corp.,5.869568289,5.2,10000,7060
BAC4090047,Bank of America Corp.,5.870224062,5,3275000,6383
AAPL4208639,Apple Inc.,5.870729356,3.45,587000,6768
TRV4280126,The Travelers Cos. Inc.,5.870782261,4.3,735000,6965
PEP4490683,PepsiCo Inc.,5.871047738,4,4000,7580
BAC6081580,Bank of America Corp.,5.871506654,5.85,49000,6870
T4451561,AT&T Inc.,5.871677114,5.25,1180000,3866
KO5141473,The Coca-Cola Co.,5.872042741,3,5759000,8983
US037833BX70,Apple Inc.,5.8721012,4.65,1,7147
NOC4208906,Northrop Grumman Corp.,5.872895932,3.85,153000,6833
GS6402784,The Goldman Sachs Group Inc.,5.873259304,5.25,9000,2856
BAC6369614,Bank of America Corp.,5.873393036,5.55,25000,7203
KMB4945084,Kimberly-Clark Corp.,5.873832268,2.875,1144000,8592
WFC6433371,Wells Fargo & Co.,5.873933719,5.5,50000,5450
NUE4625158,Nucor Corp.,5.8740308,4.4,100000,7945
CSX3823954,CSX Corp.,5.874530164,4.4,1003000,6057
GS.VS,The Goldman Sachs Group Inc.,5.874622553,6.45,2031000,3562
PM3699035,Philip Morris International Inc.,5.874836958,4.375,2642000,5586
PEP5541136,PepsiCo Inc.,5.875879365,4.65,4247000,9696
BAC6003059,Bank of America Corp.,5.875939013,5.6,255000,3849
FDX6203654,FedEx Corp.,5.876115097,4.05,308000,7869
CRM6337559,Salesforce Inc.,5.876161455,5.55,24988000,3515
MSFT4307006,Microsoft Corp.,5.876266281,4.45,12527000,7035
BMY3883364,Bristol Myers Squibb Co.,5.87631496,3.25,946000,5845
JPM4040688,JPMorgan Chase & Co.,5.876658099,5.625,4694000,6225
LLY5750031,Eli Lilly & Co.,5.876822061,5,3297000,10055
TRV4606502,The Travelers Cos. Inc.,5.877228737,4.05,510000,7890
GMBX3682489,Southern Copper Corp.,5.877389914,6.75,1540000,5008
MS6218573,Morgan Stanley,5.877526021,4.6,40000,5205
MSFT4451227,Microsoft Corp.,5.877678628,4.25,6478000,7495
C6018699,Citigroup Inc.,5.87831468,5.55,75000,4975
GSGR6204720,The Goldman Sachs Group Inc.,5.878489235,5.125,75000,5194
ABBV5068388,AbbVie Inc.,5.878739042,4.625,2190000,5906
MS4072057,Morgan Stanley,5.878915058,5,20000,6330
DIS4919773,The Walt Disney Co.,5.87907486,5.4,7836000,6271
CAT4884921,Caterpillar Inc.,5.879241841,3.25,515000,8451
T.KA,AT&T Inc.,5.879267847,6.8,272000,3576
WFC6324531,Wells Fargo & Co.,5.879333772,5,50000,4232
HD3990390,The Home Depot Inc.,5.880201285,4.2,862000,6088
EMR5319134,Emerson Electric Co.,5.880264865,2.8,1888000,9274
TMO4530434,Thermo Fisher Scientific Inc.,5.880969374,4.1,304000,7685
ABBV4036937,AbbVie Inc.,5.881100278,4.4,6206000,5942
C6028762,Citigroup Inc.,5.881123848,5.8,80000,6815
IRM5028386,Iron Mountain Inc.,5.881462633,4.5,5000,1660
BAC4113186,Bank of America Corp.,5.882048036,4.875,60000,6454
XOM4218990,Exxonmobil Corp.,5.883347603,3.567,150000,6793
ADM4773867,Archer-Daniels-Midland Co.,5.884169471,4.5,7057000,8263
UNP4206234,Union Pacific Corp.,5.884251879,3.875,100000,10412
UNP4866170,Union Pacific Corp.,5.884410383,3.95,30000,12068
GWW4255706,W.W. Grainger Inc.,5.885095525,4.6,424000,6894
MPLX4595815,MPLX LP,5.885136648,4.5,7522000,4276
TRV4034143,The Travelers Cos. Inc.,5.885345741,4.6,26000,6210
PEP5276474,PepsiCo Inc.,5.885369137,2.75,12832000,9213
KMB4388397,Kimberly-Clark Corp.,5.88545935,3.2,150000,7304
C5774604,Citigroup Inc.,5.885822503,5.7,40000,4623
XOM4340690,Exxonmobil Corp.,5.885877885,4.114,2001000,7153
GPN6228101,Global Payments Inc.,5.885941279,5.2,7197000,2299
DRI.GG,Darden Restaurants Inc.,5.886467662,6,20000,3302
AMAT4993873,Applied Materials Inc.,5.886919774,2.75,3388000,8706
JPM6256631,JPMorgan Chase & Co.,5.886952193,5.4,77000,8900
NRG6186282,NRG Energy Inc.,5.887049961,5.75,60000,2725
ABT4427941,Abbott Laboratories,5.887164403,4.9,4865000,7427
PGR4609761,The Progressive Corp.,5.887249705,4.2,1150000,7898
C6099787,Citigroup Inc.,5.887604313,5.7,20000,5080
ATO3952982,Atmos Energy Corp.,5.887657718,4.15,214000,6012
MA5142291,Mastercard Inc.,5.888110504,2.95,1200000,8993
ATO4172087,Atmos Energy Corp.,5.888646466,4.125,440000,6651
TGT3869508,Target Corp.,5.88875414,4,5044000,5814
TMO5630948,Thermo Fisher Scientific Inc.,5.889073915,5.404,300000,6219
PEP4864210,PepsiCo Inc.,5.889198278,3.375,3246000,8399
LLY4800407,Eli Lilly & Co.,5.890644373,4.15,40000,11915
ABBV5759204,AbbVie Inc.,5.891200369,5.35,1032000,6437
BMY5754769,Bristol Myers Squibb Co.,5.891649486,5.5,5219000,6415
EXPE6363178,Expedia Group Inc.,5.891791218,5.5,8659000,3546
AAPL4242667,Apple Inc.,5.892127076,4.375,740000,6861
BAC5948660,Bank of America Corp.,5.892215717,5.55,38000,6695
GSGR6308635,The Goldman Sachs Group Inc.,5.892370164,5,5000,3469
CSX4145235,CSX Corp.,5.892577743,4.5,78000,10228
THC5423555,Tenet Healthcare Corp.,5.892600395,6.125,3406000,1415
AMZN5182958,Amazon.com Inc.,5.892765364,2.875,8621000,5399
SNX6199612,TD SYNNEX Corp.,5.893546208,5.3,860000,3358
RSG4953829,Republic Services Inc.,5.893749007,3.05,3100000,8614
LLY4800406,Eli Lilly & Co.,5.8939316,3.95,1090000,8263
C6128760,Citigroup Inc.,5.894403172,5.6,34000,5114
AMGN.HG,Amgen Inc.,5.894637097,5.15,75000,5586
JPM5965491,JPMorgan Chase & Co.,5.895423366,5.75,15000,6720
AMAT.GH,Applied Materials Inc.,5.895477259,5.85,9375000,5433
HON4988328,Honeywell International Inc.,5.895930653,2.8,9910000,8706
PPG.AB,PPG Industries Inc.,5.896013009,5.5,135000,5221
BA.GCA,The Boeing Co.,5.896350924,5.875,34000,4947
JPM6336066,JPMorgan Chase & Co.,5.896416759,5.35,200000,5339
JPM5876498,JPMorgan Chase & Co.,5.896671468,5.5,10000,6605
BAC5960962,Bank of America Corp.,5.896743664,5.5,150000,6713
PGR5372890,The Progressive Corp.,5.896964389,3.7,714000,9359
C4988276,Citigroup Inc.,5.89705243,3,20000,3213
JPM6136562,JPMorgan Chase & Co.,5.897204997,5.85,30000,5114
UPS3908475,United Parcel Service Inc.,5.897383514,3.625,4582000,5906
C5762650,Citigroup Inc.,5.897513989,5.7,50000,4610
WFC5924195,Wells Fargo & Co.,5.898175806,5.25,75000,4837
CI5002520,The Cigna Group,5.898186418,5.375,30000,5678
GSGR6377714,The Goldman Sachs Group Inc.,5.898298006,5.55,80000,5373
GSGR5900370,The Goldman Sachs Group Inc.,5.898869315,5.1,2000,6636
GS6414049,The Goldman Sachs Group Inc.,5.89946239,5.5,6000,3601
USB6081565,U.S. Bancorp,5.899903514,5.6,3000,3218
JPM6227940,JPMorgan Chase & Co.,5.90007255,5.25,2000,7046
VZ4811133,Verizon Communications Inc.,5.901095522,4.25,15000,4610
AMGN.HB,Amgen Inc.,5.90118955,5.65,175000,5798
HSY4995171,The Hershey Co.,5.901757657,2.65,6000,8706
JPM5757823,JPMorgan Chase & Co.,5.901767394,5.4,50000,6422
US037833BA77,Apple Inc.,5.902295656,3.45,1,6768
SYK3984142,Stryker Corp.,5.902603077,4.1,500000,6088
GSGR5900367,The Goldman Sachs Group Inc.,5.902717651,5.05,75000,4809
JPM6320298,JPMorgan Chase & Co.,5.902995525,5.5,2000,7151
DGX.GL,Quest Diagnostics Inc.,5.90394724,5.75,355000,4931
AVB4611483,AvalonBay Communities Inc.,5.904447177,4.35,100000,7929
RPHC5237891,Royalty Pharma Plc,5.905706645,3.3,1636000,5147
C5992298,Citigroup Inc.,5.905858407,5.8,10000,6773
US172967FX46,Citigroup Inc.,5.905949743,5.875,1,5662
IFF5656700,International Flavors & Fragrances Inc.,5.906341383,3.268,100000,5221
APH5927274,Amphenol Corp.,5.906357138,5.375,1450000,10334
MRK4007517,Merck & Co. Inc.,5.906911153,4.15,4668000,6135
AIG4143451,American International Group Inc.,5.90731096,4.5,26000,6560
GM4527184,General Motors Co.,5.907367697,5.15,4900000,4262
C5736788,Citigroup Inc.,5.907680616,5.6,56000,4567
MSFT4211192,Microsoft Corp.,5.907865097,4,35000,10423
GSGR5871798,The Goldman Sachs Group Inc.,5.908087704,5.6,90000,4764
C6044680,Citigroup Inc.,5.908283362,5.6,140000,5015
JPM6336072,JPMorgan Chase & Co.,5.908317145,5.5,212000,5339
NOC4013010,Northrop Grumman Corp.,5.908507221,4.75,875000,6149
JPM5853842,JPMorgan Chase & Co.,5.909055123,5.75,200000,4746
TGT5527761,Target Corp.,5.909217581,4.8,1598000,9665
NUE5372846,Nucor Corp.,5.909792143,3.85,594000,9376
CCL6118464,Carnival Corp. Ltd.,5.910086163,5.75,1200000,2193
HIG.GP,The Hartford Insurance Group Inc.,5.910155163,6.1,3200000,5541
MSFT4389880,Microsoft Corp.,5.910576824,3.7,3576000,7313
UNP4305344,Union Pacific Corp.,5.910790418,4.375,3000,14352
ECL5325604,Ecolab Inc.,5.910814204,2.75,3382000,10610
FISV5864177,Fiserv Inc.,5.912237184,5.15,74000,2934
UNH3975557,UnitedHealth Group Inc.,5.912415282,4.25,299000,6071
MA4840307,Mastercard Inc.,5.912657528,3.65,5800000,8341
JPM5146439,JPMorgan Chase & Co.,5.912848028,2.6,100000,5338
MCD3816489,McDonalds Corp.,5.912991252,3.7,70000,5678
US594918BL72,Microsoft Corp.,5.913031046,4.45,1,7035
BAC6154917,Bank of America Corp.,5.913281157,5.5,125000,6962
LMT4212515,Lockheed Martin Corp.,5.913608822,3.8,351971,6788
USB6462297,U.S. Bancorp,5.913623958,5.75,30000,7304
PYPL4986744,PayPal Holdings Inc.,5.91400811,3.25,2079000,8706
NEM5718761,Newmont Corp.,5.914261906,4.2,40000,8687
GS.ICT,The Goldman Sachs Group Inc.,5.9150549,6.25,1820000,5299
HIG3840391,The Hartford Insurance Group Inc.,5.915202425,6.625,265000,5737
AMAT4479381,Applied Materials Inc.,5.915470626,4.35,1872000,7549
JPM6289722,JPMorgan Chase & Co.,5.915806154,5.55,45000,7123
TYC4440533,Johnson Controls International Plc,5.915980957,4.625,1576000,6546
C6381649,Citigroup Inc.,5.916262798,5.9,1000,10881
TRV4804151,The Travelers Cos. Inc.,5.916891696,4.1,100000,8252
WMI5930292,Waste Management Inc.,5.917426861,5.35,6204000,10303
C.ANU,Citigroup Inc.,5.917840745,5.875,1607000,5662
JPM6263727,JPMorgan Chase & Co.,5.917888074,4.35,10000,1606
MS3879334,Morgan Stanley,5.918052793,6.375,12568000,5837
KMB4008578,Kimberly-Clark Corp.,5.918415346,3.7,60000,6149
KR.TB,The Kroger Co.,5.918688196,5.4,1794000,5098
GPN6332130,Global Payments Inc.,5.918835477,5.4,5426000,2419
BAC6263393,Bank of America Corp.,5.919812766,5.25,92000,7080
O5876432,Realty Income Corp.,5.919850665,5.375,82000,10259
SRE.AA,Sempra,5.919995692,6,1104000,4824
F5298785,Ford Motor Co.,5.920048977,3.25,4134000,2022
ADM.GJ,Archer-Daniels-Midland Co.,5.920068914,6.95,15000,26070
VLO.IF,Valero Energy Corp.,5.920306288,10.5,70000,4610
HON4583289,Honeywell International Inc.,5.92039412,3.812,20000,7783
JPM6143640,JPMorgan Chase & Co.,5.921359957,5.725,30000,5128
IBM.LD,International Business Machines Corp.,5.921787435,5.6,9351000,4870
BAC6185495,Bank of America Corp.,5.921962224,5.2,278000,6997
MA4970638,Mastercard Inc.,5.92202369,3.85,1468000,8639
AAPL4389215,Apple Inc.,5.922590947,3.85,4339000,7309
ATO5895538,Atmos Energy Corp.,5.92316095,5,270000,10364
C5844467,Citigroup Inc.,5.923196539,5.65,75000,4736
ECL4415114,Ecolab Inc.,5.923812607,3.7,8000,7398
TXN5748288,Texas Instruments Incorporated,5.92444492,5.15,5000,10054
LLY6003396,Eli Lilly & Co.,5.924502036,5.5,750000,10423
PEP4411441,PepsiCo Inc.,5.924831557,3.45,5000,7372
OKE5766235,ONEOK Inc.,5.925031828,6.4,44000,3927
JPM6345474,JPMorgan Chase & Co.,5.925857852,5.65,60000,7174
C6300804,Citigroup Inc.,5.925868698,5,45000,4219
LLY5547404,Eli Lilly & Co.,5.926344434,4.875,1805000,9708
NEM.GS,Newmont Corp.,5.926431553,6.25,30000,4810
ABBV5068390,AbbVie Inc.,5.927205452,4.75,1495000,6802
FISV6141588,Fiserv Inc.,5.927895002,5.25,6197000,3298
C6356706,Citigroup Inc.,5.928974423,6,12000,10853
MRK4209883,Merck & Co. Inc.,5.929386341,3.7,183000,6769
NUE5298759,Nucor Corp.,5.92953061,2.979,1273000,10729
UNH3827956,UnitedHealth Group Inc.,5.930236735,4.375,281000,5706
ABBV5068389,AbbVie Inc.,5.930619203,4.85,1461000,6529
LOW5258172,Lowes Companies Inc.,5.931213889,2.8,4900000,5525
SPGI4914621,S&P Global Inc.,5.931307408,3.25,770000,8524
LLY5871803,Eli Lilly & Co.,5.931756817,5.05,1930000,10241
CSX5089732,CSX Corp.,5.931900403,2.5,2332000,9054
MSFT4451226,Microsoft Corp.,5.932435667,4.5,87000,11148
TGT5344011,Target Corp.,5.93268616,2.95,11849000,9299
MMC5314900,Marsh & McLennan Cos. Inc.,5.933340825,2.9,50000,9268
LOW.GT,Lowes Companies Inc.,5.933542493,7.11,30000,3941
LLY6153502,Eli Lilly & Co.,5.934389174,5.55,2698000,10668
AAPL4562451,Apple Inc.,5.93468445,3.75,700000,7775
US172967DR95,Citigroup Inc.,5.934807362,6.125,2,3678
GS6464493,The Goldman Sachs Group Inc.,5.9355826,5.75,50000,4382
PFE4989488,Pfizer Inc.,5.935616369,2.7,1345000,8702
HD4047740,The Home Depot Inc.,5.936289395,4.875,11290000,6408
BAC6289625,Bank of America Corp.,5.936334102,5.3,74000,7116
US46625HJU59,JPMorgan Chase & Co.,5.936545457,4.85,1,6394
UNH3918792,UnitedHealth Group Inc.,5.936711755,3.95,179000,5920
CSX3918738,CSX Corp.,5.936826544,4.1,240000,6437
PM3975947,Philip Morris International Inc.,5.937528628,4.125,405000,6060
OMC6324631,Omnicom Group Inc.,5.937641208,5.3,17847000,3594
US594918BT09,Microsoft Corp.,5.937657229,3.7,14000,7313
CVS4971705,CVS Health Corp.,5.937733628,4.125,17197000,4993
NSC3898289,Norfolk Southern Corp.,5.938602727,3.95,414000,5906
PKG4914114,Packaging Corporation of America,5.938873666,4.05,5000000,8538
GSGR6037182,The Goldman Sachs Group Inc.,5.939198897,6,25000,4990
CMCS.HA,Comcast Corp.,5.939408921,6.95,6070000,4033
ECL5317639,Ecolab Inc.,5.939861776,2.7,310000,9268
L4002614,Loews Corp.,5.940036767,4.125,80000,6132
C5852566,Citigroup Inc.,5.940437797,5.55,6000,4746
AAXN6022667,Axon Enterprise Inc.,5.940465455,6.25,562000,2419
GSGR6216680,The Goldman Sachs Group Inc.,5.940564446,5.125,51000,5206
GOOG5025305,Alphabet Inc.,5.940623257,2.25,8412000,12434
PFE4538720,Zoetis Inc.,5.94093072,3.95,750000,7713
JPM5867049,JPMorgan Chase & Co.,5.940999682,5.25,10000,4764
GSGR6069075,The Goldman Sachs Group Inc.,5.941925897,6,150000,5038
CVX4985691,Chevron Corp.,5.942192166,3.078,2669000,8685
PCG6465921,Pacific Gas & Electric Co.,5.942252556,5.85,37739000,3746
WFC5965742,Wells Fargo & Co.,5.942351601,5.2,20000,4893
MRK5584925,Merck & Co. Inc.,5.94258826,4.9,7870000,6500
GSGR5880298,The Goldman Sachs Group Inc.,5.942784137,5.3,60000,4778
PRU.AB,Prudential Financial Inc.,5.943248472,5.8,184000,5587
JPM5757822,JPMorgan Chase & Co.,5.943392526,5.75,20000,4595
VZ5711883,Verizon Communications Inc.,5.943917491,5.75,70000,9999
DHR5314908,Danaher Corp.,5.943946295,2.8,2538000,9263
T4763020,AT&T Inc.,5.944005605,6,685000,3029
JPM5741191,JPMorgan Chase & Co.,5.944283524,5.75,80000,4569
FITB.HP,Fifth Third Bancorp,5.945189807,8.25,230000,4231
HD4134022,The Home Depot Inc.,5.94615556,4.4,5398000,6802
JPM6266075,JPMorgan Chase & Co.,5.94619707,5.8,118000,10737
GSGR6272520,The Goldman Sachs Group Inc.,5.946307218,5.25,46000,5250
MET4069072,MetLife Inc.,5.946655025,4.875,1922000,6314
NSC4253646,Norfolk Southern Corp.,5.946846888,4.45,210000,6894
WRB4150578,W.R. Berkley Corp.,5.946879818,4.75,125000,6576
MET3887852,MetLife Inc.,5.947537891,4.125,3592000,5857
O4465256,Realty Income Corp.,5.947584022,4.65,590000,7532
MA4427393,Mastercard Inc.,5.948090349,3.8,90000,7418
UNP4797256,Union Pacific Corp.,5.948743382,4.3,6500000,8249
SNA4601354,Snap-On Inc.,5.948965757,4.1,30000,7884
PFE4013018,Pfizer Inc.,5.950527789,4.3,1785000,6163
F.GT,Ford Motor Co.,5.950585006,8.9,224000,1994
SHW3940196,The Sherwin-Williams Co.,5.950764549,4,30000,5981
WFC5817238,Wells Fargo & Co.,5.950851621,5.75,70000,4684
AAPL4452437,Apple Inc.,5.951192615,4.25,1366000,7498
AAPL5030513,Apple Inc.,5.951346205,2.4,4993000,8786
BABA4572066,Alibaba Group Holding Ltd.,5.951354684,4.2,670000,7798
KMB4491505,Kimberly-Clark Corp.,5.951370965,3.9,964000,7582
AAPL4538814,Apple Inc.,5.951448297,3.75,1586000,7713
MCK.GL,McKesson Corp.,5.951737756,6,105000,5327
GS6433234,The Goldman Sachs Group Inc.,5.951863065,5.9,60000,7255
LLY6388975,Eli Lilly & Co.,5.952098512,5.6,29382000,10886
NSC4902923,Norfolk Southern Corp.,5.952155717,3.4,300000,8494
LMT4311615,Lockheed Martin Corp.,5.952194103,4.7,1015000,7228
MCD4001513,McDonalds Corp.,5.952510049,3.625,49000,6118
BABA6205752,Alibaba Group Holding Ltd.,5.952516453,5.625,1400000,10345
AAPL5455705,Apple Inc.,5.952977716,3.95,15140000,9505
WFC6407944,Wells Fargo & Co.,5.953114252,6,15000,7242
XOM4871940,Exxonmobil Corp.,5.95427201,3.095,2346000,8417
PFG5552131,Principal Financial Group Inc.,5.955085417,5.5,515000,9724
GILD4104362,Gilead Sciences Inc.,5.955361394,4.8,6621000,6454
MA4602133,Mastercard Inc.,5.955435087,3.95,376000,7880
AAPL5231843,Apple Inc.,5.955570049,2.7,1186000,9136
GS6453026,The Goldman Sachs Group Inc.,5.955773888,5.6,50000,5446
PH4843165,Parker-Hannifin Corp.,5.955845457,4,1628000,8354
XOM4968082,Exxonmobil Corp.,5.955898447,4.327,5552000,8632
ADM5254450,Archer-Daniels-Midland Co.,5.956052051,2.7,2050000,9177
GSGR6320776,The Goldman Sachs Group Inc.,5.956462252,5.1,20000,3483
C5868546,Citigroup Inc.,5.956531297,5.35,2000,4764
CMCS6192946,Comcast Corp.,5.956667626,5.168,60000,3821
CI5003120,The Cigna Group,5.957602065,6.125,800000,5586
TXN4628401,Texas Instruments Incorporated,5.957715134,4.15,7094000,7959
ATO4803315,Atmos Energy Corp.,5.957793317,4.125,314000,8263
PWR5256497,Quanta Services Inc.,5.95907291,3.05,132000,5541
KO5807227,The Coca-Cola Co.,5.959430096,5.4,7584000,13801
DIS4986753,The Walt Disney Co.,5.960156737,3.8,9399000,12340
UNP4062857,Union Pacific Corp.,5.960176408,4.75,20000,6346
MU5283109,Micron Technology Inc.,5.960211566,3.366,1390000,5572
MKL4560156,Markel Group Inc.,5.96049985,4.3,300000,7763
PCG6465922,Pacific Gas & Electric Co.,5.960535256,5.85,25485000,2011
GILD4184058,Gilead Sciences Inc.,5.960678364,4.5,8484000,6760
JPM5808081,JPMorgan Chase & Co.,5.961121379,6,91000,3762
DIS4921773,The Walt Disney Co.,5.961124532,4.75,52000,6621
GSGR6335086,The Goldman Sachs Group Inc.,5.961222049,5.2,30000,4247
AAPL5030514,Apple Inc.,5.961615317,2.55,9946000,12439
GILD5050849,Gilead Sciences Inc.,5.96186856,2.8,10060000,8828
JPM5876504,JPMorgan Chase & Co.,5.96199811,5.5,70000,4777
PH4458606,Parker-Hannifin Corp.,5.962163155,4.1,632000,7518
XOM4976375,Exxonmobil Corp.,5.962270685,3.452,4686000,9024
US191216DT43,The Coca-Cola Co.,5.962700334,5.4,50000,13801
AVB4506903,AvalonBay Communities Inc.,5.963733403,4.15,80000,7640
GSGR6069070,The Goldman Sachs Group Inc.,5.963777665,6,40000,6864
CMI5754698,Cummins Inc.,5.963861514,5.45,8456000,10066
UNP5541152,Union Pacific Corp.,5.964882371,4.95,120000,9785
NSC4306945,Norfolk Southern Corp.,5.965001007,4.65,634000,7108
JPM4091130,JPMorgan Chase & Co.,5.965067586,4.85,2400000,6394
MRK6400124,Merck & Co. Inc.,5.965797662,5.75,13995000,7235
GS5591465,The Goldman Sachs Group Inc.,5.965989057,6,105000,2496
US037833CD08,Apple Inc.,5.966171662,3.85,90000,7309
PM4181093,Philip Morris International Inc.,5.966357252,4.25,664000,6677
WFC5633129,Wells Fargo & Co.,5.966471666,5.95,333000,2571
AMGN4953909,Amgen Inc.,5.967129268,3.375,210000,8606
MDLZ5041193,Mondelez International Inc.,5.967329898,2.625,642000,8801
USB6410273,U.S. Bancorp,5.967539791,6,22000,7246
NRG5918878,NRG Energy Inc.,5.967675448,6,40000,2377
BMY5009253,Bristol Myers Squibb Co.,5.967699991,4.625,4397000,6498
US037833EA41,Apple Inc.,5.967801827,2.55,1,12439
UNP4305342,Union Pacific Corp.,5.967881213,4.05,6740000,7047
PM3831486,Philip Morris International Inc.,5.968026304,4.5,57000,5711
AVB4408805,AvalonBay Communities Inc.,5.96802857,3.9,75000,7381
CSX5894351,CSX Corp.,5.968154215,4.9,3585000,10454
LMT5592253,Lockheed Martin Corp.,5.968517028,5.2,1298000,10426
ORCL4239818,Oracle Corp.,5.969075842,3.25,2575000,1384
US38141GGM06,The Goldman Sachs Group Inc.,5.970043081,6.25,1,5299
JPM5673182,JPMorgan Chase & Co.,5.970496629,6.1,20000,2649
WRB5146533,W.R. Berkley Corp.,5.970532834,3.55,5003000,9374
MRK6249694,Merck & Co. Inc.,5.970889752,5.5,2044000,7167
PGR4119105,The Progressive Corp.,5.970900338,4.35,104000,6478
MO4797930,Altria Group Inc.,5.97120006,5.8,2689000,4581
ABT6321054,Abbott Laboratories,5.97148153,5.5,13245000,10820
US02209SBE28,Altria Group Inc.,5.97154798,5.8,1,4581
GSGR6026179,The Goldman Sachs Group Inc.,5.971867535,5.7,20000,6804
JPM5959836,JPMorgan Chase & Co.,5.972004111,5.5,340000,6717
PFE4426178,Pfizer Inc.,5.972101046,4.125,2419000,7442
PFE6238665,Pfizer Inc.,5.972670448,5.6,1505000,10699
CHD5416440,Church & Dwight Co. Inc.,5.972699828,5,1388000,9451
AAPL4984116,Apple Inc.,5.973050421,2.65,8784000,8685
SYK4341749,Stryker Corp.,5.973521761,4.625,674000,7167
LUV6217397,Southwest Airlines Co.,5.973530018,5.25,8731000,3394
AAPL5123999,Apple Inc.,5.973721906,2.8,3125000,12611
IRM5003236,Iron Mountain Inc.,5.973745778,5.625,25000,2176
MRK5002693,Merck & Co. Inc.,5.974805035,2.45,9772000,8729
DHR4288262,Danaher Corp.,5.974826349,4.375,20000,6986
CVS.HA,CVS Health Corp.,5.975023858,6.125,105000,4794
C5803269,Citigroup Inc.,5.975542683,6,30000,4672
UNP5472124,Union Pacific Corp.,5.976156217,4.95,4576000,9537
BAC6155670,Bank of America Corp.,5.976377624,5.75,125000,6965
ABBV4241924,AbbVie Inc.,5.977078201,4.7,5741000,6862
JPM5853836,JPMorgan Chase & Co.,5.977595783,5.5,12000,6573
TGT4350771,Target Corp.,5.977888307,3.625,10000,7198
TMO6308856,Thermo Fisher Scientific Inc.,5.978002572,5.546,3369000,7136
USB6010612,U.S. Bancorp,5.978076012,6,60000,3134
TYC4452346,Johnson Controls International Plc,5.978429223,4.5,40000,7504
LMT4988881,Lockheed Martin Corp.,5.978873989,2.8,3099000,8720
USB6329673,U.S. Bancorp,5.979012414,5.5,30000,6062
GSGR6245472,The Goldman Sachs Group Inc.,5.979061822,5.4,40000,7060
US037833EK23,Apple Inc.,5.979433778,2.7,1,9136
US191216DT43,The Coca-Cola Co.,5.980097836,5.4,1,13801
FDX5170486,FedEx Corp.,5.980237043,3.25,10000,5402
MET4218548,MetLife Inc.,5.980261111,4.05,260000,6788
UNP6003428,Union Pacific Corp.,5.980438025,5.6,9165000,10350
US037833EQ92,Apple Inc.,5.980504874,3.95,1,9505
RCL6312785,Royal Caribbean Group,5.981182932,5.25,11839000,4229
US037833DG20,Apple Inc.,5.981972725,3.75,2000,7775
LMT5402219,Lockheed Martin Corp.,5.982038584,4.15,1940000,9816
ATO5263128,Atmos Energy Corp.,5.982372505,2.85,35000,9330
US037833DZ01,Apple Inc.,5.982454751,2.4,1,8786
UNP5186785,Union Pacific Corp.,5.982918716,3.55,1348000,12712
JPM5929139,JPMorgan Chase & Co.,5.982923917,5.35,22000,6681
CSX5450130,CSX Corp.,5.983071668,4.5,973000,9604
UNP4541208,Union Pacific Corp.,5.983337465,4.1,98000,15021
MRK5319196,Merck & Co. Inc.,5.983838175,2.75,4996000,9263
WFC5933882,Wells Fargo & Co.,5.983955309,5.35,80000,4847
GS.XV,The Goldman Sachs Group Inc.,5.984274813,6.75,17948000,4080
AAPL5123998,Apple Inc.,5.984422806,2.65,5808000,8958
JPM6033240,JPMorgan Chase & Co.,5.984559579,5.75,75000,4984
AAPL4880748,Apple Inc.,5.984694677,2.95,1058000,8443
MCD4248396,McDonalds Corp.,5.986094539,4.6,72000,6874
SYY4972644,Sysco Corp.,5.986588864,6.6,360000,4993
C5892109,Citigroup Inc.,5.986672758,4.85,30000,4809
LHX4236731,L3Harris Technologies Inc.,5.987864074,5.054,7192000,6845
ABBV4362396,AbbVie Inc.,5.988135098,4.45,3881000,7227
LRCX4983308,Lam Research Corp.,5.988139795,2.875,5325000,8720
CSX4971773,CSX Corp.,5.988234301,3.8,1062000,8659
AMZN4190413,Amazon.com Inc.,5.989002879,4.95,13578000,6702
MSFT4389882,Microsoft Corp.,5.989312822,3.95,25000,10966
AAPL5455706,Apple Inc.,5.989388586,4.1,2901000,13157
T4833818,AT&T Inc.,5.989935004,6.5,60000,3760
GSGR6049031,The Goldman Sachs Group Inc.,5.990200278,6,12000,6839
ADM4540771,Archer-Daniels-Midland Co.,5.990334822,3.75,8830000,7716
CMI5031614,Cummins Inc.,5.99036667,2.6,3550000,8798
AMGN5542391,Amgen Inc.,5.990502812,5.6,12685000,6058
VZ4564307,Verizon Communications Inc.,5.990539912,4.65,42000,7777
JPM6462435,JPMorgan Chase & Co.,5.990698372,6,275000,10955
GSGR6245362,The Goldman Sachs Group Inc.,5.990765852,5.25,16000,5234
BAC6011306,Bank of America Corp.,5.991014045,5.75,75000,6783
JPM5998219,JPMorgan Chase & Co.,5.991240165,6,4000000,6769
HD4253641,The Home Depot Inc.,5.991409247,4.25,3116000,7184
GILD4287890,Gilead Sciences Inc.,5.991434108,4.75,590000,7153
BAC5916448,Bank of America Corp.,5.991632014,5.35,30000,6664
US037833EF38,Apple Inc.,5.99186288,2.65,1,8958
CSX4415159,CSX Corp.,5.991921576,3.8,470000,7398
ORCL4972623,Oracle Corp.,5.992062133,2.95,14008000,1340
C6206709,Citigroup Inc.,5.992267674,5.45,40000,7032
BMY5009252,Bristol Myers Squibb Co.,5.992318216,5,705000,6955
C6088657,Citigroup Inc.,5.992588066,6,70000,6895
AMGN5235280,Amgen Inc.,5.993248421,3,3000000,9299
DIS4381226,The Walt Disney Co.,5.993281135,3,28000,7304
JPM6244744,JPMorgan Chase & Co.,5.993614757,5,6000,3407
NEM4857777,Newmont Corp.,5.993754621,5.45,882000,6523
USB6416263,U.S. Bancorp,5.993936146,6,61000,7256
ATO4890350,Atmos Energy Corp.,5.994014124,3.375,1220000,8447
PM3889958,Philip Morris International Inc.,5.994176587,3.875,722000,5865
UNP5359451,Union Pacific Corp.,5.994313147,3.5,791000,9695
ADI5784581,Analog Devices Inc.,5.994338305,5.3,3953000,10106
PSX3935923,Phillips 66,5.994351096,5.875,795000,5753
BDX4191433,Becton Dickinson & Co.,5.994716245,4.685,6020000,6712
ECL5028510,Ecolab Inc.,5.994799818,2.125,3500000,8781
JPM6337423,JPMorgan Chase & Co.,5.995073454,5.6,78000,10822
BMY4064357,Bristol Myers Squibb Co.,5.995163708,4.5,18000,6423
US594918CC64,Microsoft Corp.,5.995196187,2.525,1,8706
US718172BL29,Philip Morris International Inc.,5.995379217,4.25,1,6677
GS6414035,The Goldman Sachs Group Inc.,5.99546872,6,15000,7238
XS2792129160,Citigroup Inc.,5.995932725,5.3,1,3658
USB6008756,U.S. Bancorp,5.995978442,6,100000,6787
ROK5233643,Rockwell Automation Inc.,5.996249105,2.8,5000000,12799
HD4501136,The Home Depot Inc.,5.996400113,3.9,570000,7624
LMT5492511,Lockheed Martin Corp.,5.996428719,5.7,3322000,10334
GILD4404927,Gilead Sciences Inc.,5.996464549,4.15,289000,7518
AAPL5231844,Apple Inc.,5.996494866,2.85,6519000,12789
USB6303445,U.S. Bancorp,5.996680904,5.4,37000,7130
US907818FW39,Union Pacific Corp.,5.996720049,2.95,1,9354
PM4067574,Philip Morris International Inc.,5.996842535,4.875,4193000,6316
US031162DC10,Amgen Inc.,5.99684542,3,1,9299
USB6379707,U.S. Bancorp,5.997183375,5.6,9000,5387
GS5752609,The Goldman Sachs Group Inc.,5.997375567,6,140000,3486
BDX4499468,Becton Dickinson & Co.,5.997383838,4.669,2450000,7615
C6100138,Citigroup Inc.,5.997652378,6,20000,6906
QULN6216411,Rocket Cos. Inc.,5.997802922,6.5,4000,1097
MSFT4307011,Microsoft Corp.,5.997831636,4.75,2924000,10687
LLY4104766,McKesson Corp.,5.998213727,4.883,460000,6437
MELI5108195,MercadoLibre Inc.,5.998362258,3.125,603000,1628
TRV4361013,The Travelers Cos. Inc.,5.998554206,3.75,5000000,7228
ALL.AA,The Allstate Corp.,5.998750296,5.2,75000,5647
FDX6201190,FedEx Corp.,5.998806725,4.55,2266000,7184
PFG3930263,Principal Financial Group Inc.,5.999006322,4.35,24000,6132
MDT4099940,Medtronic Inc.,5.999056827,4.625,1030000,6437
MSFT5152920,Microsoft Corp.,5.999259673,2.921,18570000,9361
NFLX5862368,Netflix Inc.,5.999408678,5.4,6585000,10242
JPM6177874,JPMorgan Chase & Co.,5.999578125,5.4,50000,8820
JPM5998364,JPMorgan Chase & Co.,5.99967957,6,125000,6773
JPM6070164,JPMorgan Chase & Co.,5.999741627,5.7,50000,6863
KR4030994,The Kroger Co.,6.000079683,5.15,230000,6210
JPM5793631,JPMorgan Chase & Co.,6.000106699,6,36000,4655
GSGR5990538,The Goldman Sachs Group Inc.,6.000354138,6,30000,6759
ORCL6185638,Oracle Corp.,6.000496095,4.45,7977000,1518
WFC6192026,Wells Fargo & Co.,6.000696233,5.25,86000,7003
US172967HE47,Citigroup Inc.,6.000907158,4.95,1,6308
DUK5198814,Duke Energy Corp.,6.00107114,3.3,576000,5433
LMT4549067,Lockheed Martin Corp.,6.001330532,4.09,125000,9543
APH6217659,Amphenol Corp.,6.00141316,5.3,7928000,10699
FLEX6231102,Flex Ltd.,6.001976808,5.375,5964000,3392
JPM6292562,JPMorgan Chase & Co.,6.00199815,5.4,20000,7123
VZ.TA,Verizon Communications Inc.,6.002234141,4.75,10759000,5572
TRV4979721,The Travelers Cos. Inc.,6.002292152,2.55,1800000,8671
LLY6153503,Eli Lilly & Co.,6.002520425,5.65,13578000,14321
FDX6203564,FedEx Corp.,6.00258931,4.75,460000,7047
CSX4800964,CSX Corp.,6.002646296,4.5,16890000,8263
UNH4779905,UnitedHealth Group Inc.,6.003384827,4.45,85000,8173
TXN5254466,Texas Instruments Incorporated,6.003584102,2.7,120000,9177
US037833EL06,Apple Inc.,6.003600991,2.85,1,12789
DIS4907446,The Walt Disney Co.,6.003750963,7.75,2008000,7063
GILD5939385,Gilead Sciences Inc.,6.003924407,5.5,3235000,10334
THC5040669,Tenet Healthcare Corp.,6.004853148,6.125,2794000,793
MDLZ3677608,Mondelez International Inc.,6.005339782,6.5,5000000,4941
MRK4806294,Merck & Co. Inc.,6.005360327,4,893000,8255
UNP4432255,Union Pacific Corp.,6.005969424,3.799,8850000,9193
JPM5943037,JPMorgan Chase & Co.,6.006346511,5.35,50000,6696
GSGR6086807,The Goldman Sachs Group Inc.,6.006361217,6,30000,6878
UPS4416835,United Parcel Service Inc.,6.006517091,3.4,822000,7412
UNH5856555,UnitedHealth Group Inc.,6.006679187,5.5,4864000,6559
NKE4971170,NIKE Inc.,6.006887461,3.375,18251000,8640
VZ5078183,Verizon Communications Inc.,6.007023292,2.65,1486000,5226
US037833ER75,Apple Inc.,6.007100496,4.1,1,13157
JPM5928880,JPMorgan Chase & Co.,6.007211101,5.75,70000,6681
MRO.AK,Marathon Petroleum Corp.,6.007382596,6.5,185000,5327
BABA5126327,Alibaba Group Holding Ltd.,6.007456079,3.15,1500000,8959
USB6096746,U.S. Bancorp,6.00747705,6,412000,6892
USB6316337,U.S. Bancorp,6.007722928,5.3,32000,6413
GSGR5917001,The Goldman Sachs Group Inc.,6.00812529,5.125,20000,4827
GILD5648609,Gilead Sciences Inc.,6.008218242,5.55,2787000,9938
DIS4907442,The Walt Disney Co.,6.00848923,4.75,5522000,7412
HD5106413,The Home Depot Inc.,6.008702266,2.375,6614000,8993
CSX4766116,CSX Corp.,6.008725104,4.75,2335000,8143
PKG5254563,Packaging Corporation of America,6.008917989,3.05,80000,9193
UTX5294416,RTX Corp.,6.009067655,3.03,2035000,9359
UNP4389770,Union Pacific Corp.,6.009119601,3.35,3008000,7320
BA0AFU,Bank of America Corp.,6.009205993,4.75,10000,6839
CSX4600596,CSX Corp.,6.009218126,4.3,570000,7884
D5154864,Dominion Energy Inc.,6.009577681,3.3,1215000,5372
WFC5804873,Wells Fargo & Co.,6.009704013,6.1,30000,4662
USB6387757,U.S. Bancorp,6.010302404,6,5740000,7226
DHR5055270,Danaher Corp.,6.010344398,2.6,2300000,8828
US25468PDN33,The Walt Disney Co.,6.010570102,3,1,7304
C.HFD,Citigroup Inc.,6.011971648,5.875,80000,3955
GSGR5900371,The Goldman Sachs Group Inc.,6.012310579,5.05,33000,4809
C5639623,Citigroup Inc.,6.012378154,6,9000,2588
C4271656,Citigroup Inc.,6.012617793,4.65,555000,6939
SHW4274218,The Sherwin-Williams Co.,6.012903149,4.55,120000,6941
DIS4920157,The Walt Disney Co.,6.013006154,4.95,265000,7016
UTX5234333,RTX Corp.,6.013210014,2.82,414000,9163
GSGR5990537,The Goldman Sachs Group Inc.,6.01344664,6,25000,3836
GSGR6335091,The Goldman Sachs Group Inc.,6.01401042,5.3,30000,5324
BAC6000297,Bank of America Corp.,6.014477879,5.75,15000,6769
TXN5461342,Texas Instruments Incorporated,6.01455732,4.1,400000,9513
NSC4640823,Norfolk Southern Corp.,6.014725234,3.942,725000,7763
VZ5661164,Verizon Communications Inc.,6.014745481,5.95,30000,9938
PGR4968005,The Progressive Corp.,6.014946973,3.95,224000,8639
HD4971789,The Home Depot Inc.,6.015143409,3.35,1447000,8659
MRK6400123,Merck & Co. Inc.,6.015519168,5.85,12537000,10888
NKE4416434,NIKE Inc.,6.015573088,3.375,717000,7398
C6193258,Citigroup Inc.,6.015742469,5.05,6000,5192
UNP4340161,Union Pacific Corp.,6.015991214,4.05,1316000,7153
LLY5547405,Eli Lilly & Co.,6.016057382,4.95,15871000,13360
AIG4611977,American International Group Inc.,6.016096875,4.75,50000,7915
US254687FZ49,The Walt Disney Co.,6.016237288,3.6,50000,8932
OTIS5044212,Otis Worldwide Corp.,6.017092427,3.362,1080000,8600
DIS4986752,The Walt Disney Co.,6.017141785,3.6,1216000,8932
T.KF,AT&T Inc.,6.017281946,6.3,501000,4186
UNP4943701,Union Pacific Corp.,6.017287242,3.25,4160000,8590
JPM6081598,JPMorgan Chase & Co.,6.017681309,6,40000,8701
LOW4048113,Lowes Companies Inc.,6.018057829,5,20000,6255
LRCX4803606,Lam Research Corp.,6.018387007,4.875,660000,8263
BAC6330348,Bank of America Corp.,6.018548411,5.25,10000,7158
ATO5665218,Atmos Energy Corp.,6.01856392,6.2,496000,9969
JPM6081596,JPMorgan Chase & Co.,6.01984684,6,15000,6878
DVN3693715,Devon Energy Corp.,6.020204968,5.6,2330000,5463
GLW3820934,Corning Inc.,6.020306147,4.75,926000,5706
XYLE4411419,Xylem Inc.,6.020308003,4.375,540000,7398
RF.GJ,Regions Financial Corp.,6.020462122,7.375,1361000,4150
AFL4762269,Aflac Inc.,6.020480512,4.75,612000,8204
JPM6433293,JPMorgan Chase & Co.,6.02055316,6,6690000,7266
ABBV4693583,AbbVie Inc.,6.020670472,4.875,892000,8142
GSGR6340158,The Goldman Sachs Group Inc.,6.020814265,5.45,1743000,5333
LLY6003397,Eli Lilly & Co.,6.020874221,5.6,4015000,14076
UNP5359452,Union Pacific Corp.,6.020933405,3.85,460000,16634
NSC4039283,Norfolk Southern Corp.,6.021059451,4.8,45000,6224
JPM5998220,JPMorgan Chase & Co.,6.021080362,6,20000,6773
JPM5930785,JPMorgan Chase & Co.,6.021109336,5.5,26000,6681
T.KL,AT&T Inc.,6.021392636,6.55,1025000,4582
JPM6344253,JPMorgan Chase & Co.,6.021442729,6,120000,10822
HD5254590,The Home Depot Inc.,6.021630899,2.75,685000,9177
HD4933111,The Home Depot Inc.,6.021644788,3.125,275000,8538
MRK5584755,Merck & Co. Inc.,6.021757504,5,9638000,9787
UNP5254434,Union Pacific Corp.,6.021819899,2.95,2538000,9354
MSFT5828004,Microsoft Corp.,6.022012046,2.5,6097000,8812
JPM5943128,JPMorgan Chase & Co.,6.02209985,5.75,135000,6696
HD4773056,The Home Depot Inc.,6.022966951,4.5,303000,8164
JPM6059171,JPMorgan Chase & Co.,6.023123861,5.85,20000,6846
ABBV5068387,AbbVie Inc.,6.023178579,4.25,14191000,8514
TGT4554193,Target Corp.,6.023814999,3.9,275000,7777
LLY5871804,Eli Lilly & Co.,6.02414091,5.2,1124000,13894
WFC5866341,Wells Fargo & Co.,6.024173521,5.45,4000,2930
HD5386726,The Home Depot Inc.,6.024470828,3.625,1154000,9390
VLO4221419,Valero Energy Corp.,6.024612613,4.9,9000,6802
UNP4641665,Union Pacific Corp.,6.02510814,4.5,1710000,8077
JPM6177875,JPMorgan Chase & Co.,6.025187398,5.7,80000,10646
USB6462659,U.S. Bancorp,6.025386659,5.875,100000,7309
GSGR6365795,The Goldman Sachs Group Inc.,6.025423448,6,40000,5374
ICE5414190,Intercontinental Exchange Inc.,6.026439958,4.95,7424000,9451
ABBV5759195,AbbVie Inc.,6.026585327,5.4,9321000,10089
ABBV6009613,AbbVie Inc.,6.026621966,5.6,1249000,10454
UNP4153425,Union Pacific Corp.,6.026664008,4.15,20000,6743
UTX4988358,RTX Corp.,6.026666756,3.125,2929000,8736
BAC6061771,Bank of America Corp.,6.027389279,5.85,40000,6846
JPM5922263,JPMorgan Chase & Co.,6.027665936,5.5,120000,6667
LLY6388974,Eli Lilly & Co.,6.027677138,5.7,3293000,14538
GMBX3926765,Southern Copper Corp.,6.027939622,5.25,3080000,5944
NSC4828054,Norfolk Southern Corp.,6.0281397,4.1,1015000,8324
JPM6298105,JPMorgan Chase & Co.,6.0282953,5.55,80000,10779
LLY5750032,Eli Lilly & Co.,6.028410158,5.1,660000,13707
ABBV6323041,AbbVie Inc.,6.028456215,5.55,5575000,10820
US06051GFQ73,Bank of America Corp.,6.029151025,4.75,1,6839
VZ4670535,Verizon Communications Inc.,6.029329403,4.65,8000,8051
USB6410265,U.S. Bancorp,6.029370153,6,60000,7246
US172967JU60,Citigroup Inc.,6.029379009,4.65,1,6939
BAC4234736,Bank of America Corp.,6.029634291,4.75,3490000,6839
UNP5043884,Union Pacific Corp.,6.030153273,2.973,715000,13196
BLK5767244,BlackRock Inc.,6.030414563,5.25,1120000,10088
MCO4142490,Moodys Corp.,6.030569956,5.25,204000,6559
MSFT4996721,Microsoft Corp.,6.030709577,2.525,39884000,8706
ABC4213751,Cencora Inc.,6.030861135,4.25,166000,6788
BABA5126328,Alibaba Group Holding Ltd.,6.030989172,3.25,580000,12612
MSFT5152696,Microsoft Corp.,6.031171621,3.041,10316000,13013
GSGR5949574,The Goldman Sachs Group Inc.,6.031219392,5.35,10000,6696
UTX5547417,RTX Corp.,6.03129931,5.375,17250000,9708
ATO5483128,Atmos Energy Corp.,6.031452216,5.75,1000000,9573
TRV4497246,The Travelers Cos. Inc.,6.031555393,4,210000,7608
MRK6166087,Merck & Co. Inc.,6.031781283,5.7,2489000,10638
VMC4506867,Vulcan Materials Co.,6.032274655,4.5,150000,7624
SHW4871525,The Sherwin-Williams Co.,6.032344525,3.8,4000,8416
STLD5059254,Steel Dynamics Inc.,6.032406921,3.25,6000,8842
CSX4880195,CSX Corp.,6.032416023,3.35,16000,8447
JPM6004278,JPMorgan Chase & Co.,6.033427377,6.05,50000,6786
UTX5088699,RTX Corp.,6.033445448,4.35,766000,7563
HIG4610454,The Hartford Insurance Group Inc.,6.034055211,4.4,700000,7898
JPM6143634,JPMorgan Chase & Co.,6.034125734,6,160000,8778
BAC5969077,Bank of America Corp.,6.034135839,5.45,6000,6724
LMT5402220,Lockheed Martin Corp.,6.034223137,4.3,150000,13103
GS6420227,The Goldman Sachs Group Inc.,6.034577776,5.825,200000,7238
TRV6129558,The Travelers Cos. Inc.,6.034714635,5.7,1505000,10585
BMY5678144,Bristol Myers Squibb Co.,6.034763987,6.4,200000,13621
JPM6075336,JPMorgan Chase & Co.,6.035611095,6,30000,6863
AIG4984965,American International Group Inc.,6.035975633,4.375,280000,8735
ATO6180489,Atmos Energy Corp.,6.036210751,5.45,910000,10760
MMM4131137,3M Co.,6.036633331,3.875,24000,6529
WFC5804870,Wells Fargo & Co.,6.037069522,6.05,125000,2836
HD5834278,The Home Depot Inc.,6.037123565,5.3,8152000,10191
HON6336489,Honeywell Aerospace Inc.,6.0376976,5.622,566000,7168
JPM6081588,JPMorgan Chase & Co.,6.037873284,6,60000,6878
SHW4518408,The Sherwin-Williams Co.,6.038204893,4.4,375000,6760
BLK5852862,BlackRock Inc.,6.038465644,5.35,8550000,10388
PFE4062474,Zoetis Inc.,6.038545878,4.7,718000,6029
T4346717,AT&T Inc.,6.038928128,6.375,60000,5327
GSGR6003296,The Goldman Sachs Group Inc.,6.039111236,6,18000,6773
HD5475098,The Home Depot Inc.,6.039798371,4.95,1467000,9543
ADI5271550,Analog Devices Inc.,6.039857439,2.95,12078000,9193
WFC6091312,Wells Fargo & Co.,6.039863175,6,45000,6884
UNH4987618,UnitedHealth Group Inc.,6.039903684,2.9,8513000,8689
USB6132649,U.S. Bancorp,6.040013679,6,75000,6939
PRU.GQI,Prudential Financial Inc.,6.040437822,5.625,16000,5399
JPM4250091,JPMorgan Chase & Co.,6.040581511,4.95,3888000,6880
MCD4317449,McDonalds Corp.,6.040733424,4.875,5989000,7071
USB6075350,U.S. Bancorp,6.040863758,6,100000,6871
GOOG5025304,Alphabet Inc.,6.040995391,2.05,21254000,8781
C6076388,Citigroup Inc.,6.041101681,6,75000,6878
NOC5744483,Northrop Grumman Corp.,6.041157497,5.2,2261000,10167
HIG3995386,The Hartford Insurance Group Inc.,6.041195461,4.3,4500000,6102
MRK6249695,Merck & Co. Inc.,6.041572616,5.55,1959000,10718
USB6064793,U.S. Bancorp,6.041715027,5.75,4000,3195
BABA4572067,Alibaba Group Holding Ltd.,6.04180384,4.4,1262000,11451
BMY5678143,Bristol Myers Squibb Co.,6.041855073,6.25,1000000,9969
MS4204532,Morgan Stanley,6.041925016,4.3,3838000,6755
JPM6070174,JPMorgan Chase & Co.,6.042140978,6,10000,6863
CCI5128068,Crown Castle Inc.,6.042170404,2.9,614000,5358
GS5658050,The Goldman Sachs Group Inc.,6.042907448,5.75,70000,60
GSGR6013928,The Goldman Sachs Group Inc.,6.043006165,5.875,50000,4960
ALL4015209,The Allstate Corp.,6.04326957,4.5,25000,6163
UNP4479852,Union Pacific Corp.,6.043499446,4,6490000,7563
COP5397607,ConocoPhillips,6.043520974,4.875,261000,7732
JPM6267017,JPMorgan Chase & Co.,6.043624451,5.55,40000,10737
GS6431990,The Goldman Sachs Group Inc.,6.043898396,6.05,160000,7269
MMC5930470,Marsh & McLennan Cos. Inc.,6.043904938,5.35,11376000,6682
US437076CK64,The Home Depot Inc.,6.044401187,2.75,1,9177
C5795253,Citigroup Inc.,6.044654934,6.05,61000,4655
JPM6347885,JPMorgan Chase & Co.,6.044773211,5.75,40000,10829
ICE4989455,Intercontinental Exchange Inc.,6.044883342,3,725000,8720
D.KO,Dominion Energy Inc.,6.045201483,4.9,4091000,5480
BAC6033344,Bank of America Corp.,6.045471717,5.75,15000,6807
LRCX4983309,Lam Research Corp.,6.045590447,3.125,766000,12373
GSGR6392739,The Goldman Sachs Group Inc.,6.045595801,5.5,100000,7228
JPM6418759,JPMorgan Chase & Co.,6.04561466,5.85,50000,10906
DIS4880255,The Walt Disney Co.,6.045623886,2.75,1615000,8433
WFC5896107,Wells Fargo & Co.,6.04563684,5.05,15000,4799
FOXR4966292,Fox Corp.,6.045859902,5.476,2874000,4561
GSGR6340294,The Goldman Sachs Group Inc.,6.045907337,5.5,75000,7179
ORCL6302372,Oracle Corp.,6.046170574,4.95,18774000,1649
JPM5985763,JPMorgan Chase & Co.,6.046222851,5.85,105000,6759
JPM6155715,JPMorgan Chase & Co.,6.046388311,5.875,20000,8795
JPM6249980,JPMorgan Chase & Co.,6.046565805,5.8,123000,10717
VZ4594980,Verizon Communications Inc.,6.046606928,4.45,6000,7869
FANG5152186,Diamondback Energy Inc.,6.046841542,4.4,500000,9002
BAC5930789,Bank of America Corp.,6.046914789,5.4,75000,6671
UNP4915331,Union Pacific Corp.,6.047143105,3.839,4758000,12286
BMY5009251,Bristol Myers Squibb Co.,6.047147041,4.35,4533000,7777
PGR4481218,The Progressive Corp.,6.047165379,4.125,354000,7563
PFE4985679,Zoetis Inc.,6.047225435,3,50000,8689
DIS4969022,The Walt Disney Co.,6.0473562,4.7,640000,8636
MRK5319197,Merck & Co. Inc.,6.048188468,2.9,1320000,12916
PSA5623258,Public Storage,6.048301579,5.35,2907000,9863
JPM6028520,JPMorgan Chase & Co.,6.048820225,6,3000,6811
VZ4627701,Verizon Communications Inc.,6.04894273,4.85,20000,7959
TYC4440537,Johnson Controls International Plc,6.048982326,4.95,1608000,13851
JPM5935454,JPMorgan Chase & Co.,6.049124601,6,60000,6685
PFE4685493,Pfizer Inc.,6.049178355,4.2,54000,8082
NSC4983298,Norfolk Southern Corp.,6.049209938,3.05,40000,8689
XS3139476371,The Goldman Sachs Group Inc.,6.04945894,5.9,1,3552
CCL5992329,Carnival Corp. Ltd.,6.049553915,6.125,111000,2391
UTX5698934,RTX Corp.,6.049569224,6.4,2214000,10089
NOC4552483,Northrop Grumman Corp.,6.049801119,4.03,1613000,7746
JPM6025245,JPMorgan Chase & Co.,6.049977472,5.55,60000,8627
UPS4969032,United Parcel Service Inc.,6.050477906,5.3,2796000,8645
LMT5492512,Lockheed Martin Corp.,6.050635278,5.9,500000,13621
GSGR6003297,The Goldman Sachs Group Inc.,6.051482654,5.75,40000,4946
UTX5088058,RTX Corp.,6.051542434,4.2,20000,6712
JPM6467119,JPMorgan Chase & Co.,6.052052381,6,50000,7305
MET5522108,MetLife Inc.,6.052225556,5.25,3075000,10030
TXN5552772,Texas Instruments Incorporated,6.052612061,5,690000,9723
PRU4125879,Prudential Financial Inc.,6.052727494,4.6,1085000,6498
JPM6379117,JPMorgan Chase & Co.,6.053027961,0,30000,5387
BMY5077470,Bristol Myers Squibb Co.,6.05307781,2.55,8086000,8871
PRU4800373,Prudential Financial Inc.,6.0532367,4.35,11490000,8610
JPM6407593,JPMorgan Chase & Co.,6.053296221,5.65,10000,7242
NOC5537480,Northrop Grumman Corp.,6.053940462,4.95,5159000,9724
LRCX5433552,KLA Corp.,6.055005043,4.95,10392000,9481
APC4869087,Occidental Petroleum Corp.,6.055107842,4.3,200000,4763
MET4310085,MetLife Inc.,6.055135698,4.6,8336000,7226
ADI4317880,Analog Devices Inc.,6.055306475,5.3,900000,7077
JPM6238564,JPMorgan Chase & Co.,6.05555033,5.75,132000,10710
WFC6173889,Wells Fargo & Co.,6.055559853,5.35,30000,6986
PFE4805670,Pfizer Inc.,6.055930561,4,1257000,8263
MRK5584756,Merck & Co. Inc.,6.056193323,5.15,514000,13439
GS5650315,The Goldman Sachs Group Inc.,6.056460097,6.05,30000,4429
CSCO6010620,Cisco Systems Inc.,6.056982778,5.5,10000000,10435
LVS5808352,Las Vegas Sands Corp.,6.057081919,6.2,2513000,2937
NSC5033522,Norfolk Southern Corp.,6.057284674,3.155,2800000,10515
UTX5077957,Carrier Global Corp.,6.057459016,3.577,2775000,8649
BMY5754771,Bristol Myers Squibb Co.,6.057751262,5.65,90000,13720
BAC5945161,Bank of America Corp.,6.057802977,5.4,18000,6689
JPM6231810,JPMorgan Chase & Co.,6.058045888,5.65,66000,10696
SPGI5028482,S&P Global Inc.,6.058662939,2.3,16888000,12434
VZ4769162,Verizon Communications Inc.,6.059085004,4.9,20000,8143
TRV5591548,The Travelers Cos. Inc.,6.059087447,5.45,1840000,9795
LRCX4954347,KLA Corp.,6.059311509,3.3,659000,8614
KR3842776,The Kroger Co.,6.059611709,5,60000,5737
KNVU5670795,Kenvue Inc.,6.059927862,5.05,1730000,9731
JPM6240037,JPMorgan Chase & Co.,6.060508725,5.6,10000,7060
GLW4912915,Corning Inc.,6.060687135,3.9,100000,8508
GS5659302,The Goldman Sachs Group Inc.,6.060752171,6.15,100000,2617
UNP5472125,Union Pacific Corp.,6.060989297,5.15,14000,13322
C6356704,Citigroup Inc.,6.061030624,5.5,567000,5374
CSCO5758318,Cisco Systems Inc.,6.061124072,5.3,10372000,10072
AVGO6209464,Broadcom Inc.,6.061175342,3.5,17579000,5313
TMUS4973554,T-Mobile USA Inc.,6.061224124,4.375,14180000,5007
VZ5611664,Verizon Communications Inc.,6.061410272,5.4,20000,9846
LOW3844309,Lowes Companies Inc.,6.061458392,4.65,5010000,5737
PFG3898966,Principal Financial Group Inc.,6.061545686,4.625,127000,5890
JPM5966740,JPMorgan Chase & Co.,6.062078424,6,30000,6720
AMGN4239801,Amgen Inc.,6.062313189,4.4,6222000,6849
NSC5241569,Norfolk Southern Corp.,6.062670639,2.9,4453000,9156
IBM4832196,International Business Machines Corp.,6.062785523,4.15,4309000,4671
LHX5861583,L3Harris Technologies Inc.,6.062981344,5.5,4700000,10242
JPM6213452,JPMorgan Chase & Co.,6.063733705,5.1,458000,5206
JPM6296788,JPMorgan Chase & Co.,6.064359649,5.25,50000,5297
STLD6026369,Steel Dynamics Inc.,6.06477118,5.75,50000,10515
ATO4728560,Atmos Energy Corp.,6.064907824,4.3,225000,8098
UTX5742149,Carrier Global Corp.,6.065210477,6.2,100000,10089
NVDA4971919,NVIDIA Corp.,6.065855602,3.7,3575000,12298
WFC5654080,Wells Fargo & Co.,6.066253267,6.05,75000,2609
GSGR6294152,The Goldman Sachs Group Inc.,6.066990823,5.25,98000,5289
USB6462295,U.S. Bancorp,6.0672465,6,615000,7304
WFC4237374,Wells Fargo & Co.,6.067514331,3.9,510000,6849
USB6169684,U.S. Bancorp,6.067535693,5.7,50000,6981
MS6108543,Morgan Stanley,6.067622138,5.25,20000,5079
GS6464495,The Goldman Sachs Group Inc.,6.067815707,6.075,2175000,7290
SQ6150163,Block Inc.,6.067829898,6,106000,2572
WFC5757948,Wells Fargo & Co.,6.068098503,5.7,15000,4593
VZ4514567,Verizon Communications Inc.,6.068793256,4.55,60000,7654
JPM6009277,JPMorgan Chase & Co.,6.06879715,6.05,120000,6783
ARHPF5005651,Arch Capital Group Ltd.,6.068908956,3.635,461000,8735
AFL4404389,Aflac Inc.,6.068958924,4,2100000,7381
US594918CD48,Microsoft Corp.,6.069289566,2.675,1,12359
WRB5255550,W.R. Berkley Corp.,6.069560999,3.15,1400000,12845
MMM4971226,3M Co.,6.069630301,3.7,5200000,8659
FDX6193336,FedEx Corp.,6.069706022,4.1,95000,6760
VZ5148421,Verizon Communications Inc.,6.06991959,3.4,2221000,5348
BMY5362702,Bristol Myers Squibb Co.,6.07051013,3.7,7025000,9359
NSC5424402,Norfolk Southern Corp.,6.07053957,4.55,971000,9802
JPM5894293,JPMorgan Chase & Co.,6.071242061,5,100000,6626
HON6336487,Honeywell Aerospace Inc.,6.071248837,5.732,5000000,10821
GEV6302293,GE Vernova Inc.,6.071322496,5.5,16227000,10780
GSGR6057899,The Goldman Sachs Group Inc.,6.071669822,6.05,15000,6846
US94974BGK08,Wells Fargo & Co.,6.071686522,3.9,10000,6849
JPM6420069,JPMorgan Chase & Co.,6.071838505,6,150000,7255
JPM5922261,JPMorgan Chase & Co.,6.07242127,5.2,10000,6667
VZ4575331,Verizon Communications Inc.,6.072502735,4.5,59000,7807
MMC4606282,Marsh & McLennan Cos. Inc.,6.072504339,4.2,8640000,7884
JPM5953538,JPMorgan Chase & Co.,6.072664617,5.35,92000,6710
VZ4632281,Verizon Communications Inc.,6.072803685,4.9,60000,7959
MET4170794,MetLife Inc.,6.072965153,4.721,410000,6712
MMM4687684,3M Co.,6.073757479,4,580000,8081
BMY5009250,Bristol Myers Squibb Co.,6.074095987,4.55,9195000,7874
JPM5856363,JPMorgan Chase & Co.,6.074240808,6,30000,6573
WRB4984507,W.R. Berkley Corp.,6.074640928,4,5000000,8686
JPM6177861,JPMorgan Chase & Co.,6.074943303,5.35,100000,6993
UPS4564426,United Parcel Service Inc.,6.0751591,3.75,40000,7777
INTC4969548,Intel Corp.,6.075217084,4.6,1078000,4986
US91324PCR10,UnitedHealth Group Inc.,6.075261256,4.75,1,6924
BMY5009254,Bristol Myers Squibb Co.,6.075440854,4.25,17967000,8488
JPM5816924,JPMorgan Chase & Co.,6.075463502,5.75,2000,2861
T4833811,AT&T Inc.,6.075735702,5.375,51000,5555
ABT6321053,Abbott Laboratories,6.07589819,5.6,26882000,14472
NSC4599457,Norfolk Southern Corp.,6.076451885,4.15,3195000,7882
CMCS.GV,Comcast Corp.,6.076985771,6.45,3650000,3880
C4656657,Citigroup Inc.,6.077943927,4.65,1771000,8028
UPS4808742,United Parcel Service Inc.,6.0783267,4.25,2300000,8263
CSX4415158,CSX Corp.,6.078609829,4.25,1115000,14703
BMY5362703,Bristol Myers Squibb Co.,6.078967796,3.9,6776000,13011
BMY5754770,Bristol Myers Squibb Co.,6.079256642,5.55,15194000,10068
UNP5275937,Union Pacific Corp.,6.079320152,3.799,550000,16320
JPM6320299,JPMorgan Chase & Co.,6.07955172,5.35,39000,7059
NSC5626940,Norfolk Southern Corp.,6.079881958,5.35,3320000,10228
UNH4270156,UnitedHealth Group Inc.,6.080337963,4.75,540000,6924
KDP4843944,Keurig Dr Pepper Inc.,6.080845642,4.985,129000,4316
MS4445846,Morgan Stanley,6.081355112,4.375,6536000,7480
BAC6415375,Bank of America Corp.,6.0815084,6,80000,7248
C6115509,Citigroup Inc.,6.081657368,5.8,45000,6930
GOOG6308906,Alphabet Inc.,6.08173669,5.5,12480000,7139
VZ5252694,Verizon Communications Inc.,6.081889922,2.85,811000,5513
MSFT4997121,Microsoft Corp.,6.081896581,2.675,21610000,12359
NSC4661964,Norfolk Southern Corp.,6.082347539,5.1,660000,33603
C6288776,Citigroup Inc.,6.082484201,5.5,39000,7123
MCD4971144,McDonalds Corp.,6.082501341,4.2,1805000,8645
ANTM3899002,Elevance Health Inc.,6.082571374,4.65,984000,6012
T4798435,AT&T Inc.,6.08262437,4.85,2412000,4596
MCD4666684,McDonalds Corp.,6.08265349,4.45,232000,8068
ABC4571978,Cencora Inc.,6.082678841,4.3,403000,7807
USB6341795,U.S. Bancorp,6.083252446,6,80000,7172
GS6402786,The Goldman Sachs Group Inc.,6.083377971,5.825,60000,7227
F.GI,Ford Motor Co.,6.083811902,9.95,15000,2025
UPS4871926,United Parcel Service Inc.,6.084021896,3.4,168000,8433
WFC5992014,Wells Fargo & Co.,6.084326357,5.8,60000,4932
JPM6236925,JPMorgan Chase & Co.,6.084590333,5.5,292000,10703
NRG5918880,NRG Energy Inc.,6.084611528,6.25,135000,3015
HIG5260933,The Hartford Insurance Group Inc.,6.084684258,2.9,2892000,9177
JPM5894299,JPMorgan Chase & Co.,6.08499896,5,18000,10276
GSGR6049029,The Goldman Sachs Group Inc.,6.085225804,5.75,50000,6839
WFC6231352,Wells Fargo & Co.,6.085504267,5.15,45000,5220
WFC6169937,Wells Fargo & Co.,6.086125655,5.5,20000,6982
GSGR6308638,The Goldman Sachs Group Inc.,6.08621151,5.3,10000,5296
MCD5632699,McDonalds Corp.,6.086426525,5.45,30306000,9876
C5850975,Citigroup Inc.,6.08645411,5.45,4000,2922
GSGR6147251,The Goldman Sachs Group Inc.,6.08654524,5.55,120000,6955
ANTM3851462,Elevance Health Inc.,6.086688975,4.625,1160000,5767
US84265VAJ44,Southern Copper Corp.,6.086691079,5.875,1,6841
JPM6407618,JPMorgan Chase & Co.,6.086730862,6.01,32000,10892
VZ4530419,Verizon Communications Inc.,6.086883454,4.8,45000,7685
IFF4497234,International Flavors & Fragrances Inc.,6.08709325,4.375,195000,7610
NOC4969027,Northrop Grumman Corp.,6.087223116,5.25,1560000,8675
ALL4432905,The Allstate Corp.,6.087435432,4.2,242000,7442
ICE4664034,Intercontinental Exchange Inc.,6.087520947,4.25,300000,8088
UNH6103290,UnitedHealth Group Inc.,6.088258538,5.95,5665000,10546
ABC6310085,Cencora Inc.,6.088326499,5.65,928000,10789
JPM6005470,JPMorgan Chase & Co.,6.088391203,6.1,70000,6787
UNH5186804,UnitedHealth Group Inc.,6.088520558,3.25,8497000,9054
USB6399961,U.S. Bancorp,6.088718412,6,10000,7234
EBAY5178908,eBay Inc.,6.089351049,3.65,3540000,9049
JPM6256630,JPMorgan Chase & Co.,6.089465527,5.5,385000,7074
GILD5939386,Gilead Sciences Inc.,6.089472704,5.6,1576000,13987
C5912371,Citigroup Inc.,6.089684487,5.1,50000,6654
USB6402614,U.S. Bancorp,6.089798271,6.07,30000,7241
JPM5922259,JPMorgan Chase & Co.,6.089917365,5.25,26000,10318
MMM4404250,3M Co.,6.09046821,3.125,145000,7355
EFX.GG,Equifax Inc.,6.090869039,7,30000,3988
ANTM3684374,Elevance Health Inc.,6.091293784,5.8,200000,5129
MMM4874225,3M Co.,6.091393126,3.25,1230000,8427
NSC4638220,Norfolk Southern Corp.,6.091449688,4.05,2112000,9512
JPM5943038,JPMorgan Chase & Co.,6.091684768,6,260000,6696
UNH4555101,UnitedHealth Group Inc.,6.091821582,3.75,305000,7746
GSGR6123603,The Goldman Sachs Group Inc.,6.09252785,5.7,39000,6930
LMT5741406,Lockheed Martin Corp.,6.092538823,5.2,2830000,13713
USB6075341,U.S. Bancorp,6.092758695,6,80000,6863
GOOG6224227,Alphabet Inc.,6.092857509,5.35,3111000,7047
VZ4542142,Verizon Communications Inc.,6.0936546,4.75,30000,7716
UNP4943702,Union Pacific Corp.,6.094327777,3.75,420000,15895
JPM6212481,JPMorgan Chase & Co.,6.094549163,5.5,258000,7032
C5757968,Citigroup Inc.,6.094700731,5.7,4000,4595
JPM5966591,JPMorgan Chase & Co.,6.095801441,5.4,9000,8546
JPM6303443,JPMorgan Chase & Co.,6.095844507,5.55,50000,7137
MCD4463845,McDonalds Corp.,6.096072867,4.45,1359000,7518
VZ4645544,Verizon Communications Inc.,6.096213174,4.95,21000,7990
IFF5514097,International Flavors & Fragrances Inc.,6.096242233,3.468,1200000,8889
MET5442846,MetLife Inc.,6.096455321,5,1160000,9481
WFC5799267,Wells Fargo & Co.,6.096567484,6.1,120000,4655
VZ5700832,Verizon Communications Inc.,6.096693038,6.1,180000,9969
PFE4666640,Zoetis Inc.,6.096778864,4.45,912000,8056
PRU.GQF,Prudential Financial Inc.,6.096800023,6.2,30000,5221
JPM5959003,JPMorgan Chase & Co.,6.097260272,5.4,27000,8536
JPM6059182,JPMorgan Chase & Co.,6.097409899,6.1,69000,6846
PRU4040145,Prudential Financial Inc.,6.098120029,5.1,15000,6224
USB6379739,U.S. Bancorp,6.099613566,5.6,40000,7213
FDX3992903,FedEx Corp.,6.099856632,4.1,324000,6102
T.MC,AT&T Inc.,6.099957378,5.35,5904000,5146
WFC6467601,Wells Fargo & Co.,6.099963936,6,8000,7305
YUM4062875,Yum! Brands Inc.,6.100806235,5.35,409000,6302
BAC6184620,Bank of America Corp.,6.103469617,5.4,34000,6996
US172967HA25,Citigroup Inc.,6.103746489,6.675,1,6253
JPM5826242,JPMorgan Chase & Co.,6.10400849,6.1,51000,6528
JPM5867050,JPMorgan Chase & Co.,6.104695514,5.35,90000,6591
STZ4979738,Constellation Brands Inc.,6.104804446,3.75,4200000,8675
MMC4443339,Marsh & McLennan Cos. Inc.,6.104837598,4.35,570000,7488
MCD4869993,McDonalds Corp.,6.104877614,3.625,1700000,8433
MKL.GI,Markel Group Inc.,6.105038692,7.35,6000,2937
UNH4465283,UnitedHealth Group Inc.,6.10510012,4.25,135000,7563
GSGR5969469,The Goldman Sachs Group Inc.,6.105189722,5.5,80000,6727
MRK6249696,Merck & Co. Inc.,6.105364234,5.7,1200000,14371
UPS5815262,United Parcel Service Inc.,6.105531815,5.5,9761000,10157
HD5834013,The Home Depot Inc.,6.105688464,5.4,1205000,13844
UPS5547104,United Parcel Service Inc.,6.105694682,5.05,2440000,9712
SHW4491961,The Sherwin-Williams Co.,6.105766374,4.5,9850000,7610
MU5283110,Micron Technology Inc.,6.106128562,3.477,17525000,9224
UPS6075097,United Parcel Service Inc.,6.106233442,5.95,3758000,10514
GMBX4235667,Southern Copper Corp.,6.106245283,5.875,520000,6841
C6165850,Citigroup Inc.,6.106346171,5.7,80000,6989
NVDA4971918,NVIDIA Corp.,6.107379711,3.5,5528000,8645
FCX4060860,Freeport-McMoRan Inc.,6.107426309,5.45,4420000,6071
UNH4862955,UnitedHealth Group Inc.,6.108508892,3.7,862000,8416
ABBV5759196,AbbVie Inc.,6.109425705,5.5,1990000,13742
MO5123991,Altria Group Inc.,6.109432445,3.4,4311000,5302
WFC6355932,Wells Fargo & Co.,6.109616362,5.55,15000,5359
YUM.GH,Yum! Brands Inc.,6.109623731,6.875,806000,4125
NSC5362484,Norfolk Southern Corp.,6.110487962,3.7,610000,9724
LRCX4808738,KLA Corp.,6.110824394,5,855000,8263
IP.IT,International Paper Co.,6.110835658,6,310000,5586
JPM6025239,JPMorgan Chase & Co.,6.110840719,5.5,100000,6801
RJF5152088,Raymond James Financial Inc.,6.111284077,3.75,660000,9010
GSGR6096672,The Goldman Sachs Group Inc.,6.111401718,6,15000,6892
JPM5879718,JPMorgan Chase & Co.,6.111629777,5.25,9000,6605
SBUX4254475,Starbucks Corp.,6.111663967,4.3,2253000,6894
LHX5625974,L3Harris Technologies Inc.,6.111922013,5.6,2110000,9862
US04650NAB01,AT&T Inc.,6.112071142,5.35,1,5146
JPM5815998,JPMorgan Chase & Co.,6.112126183,6,10000,6514
BAC6161591,Bank of America Corp.,6.112320167,5.5,40000,6979
STZ4593521,Constellation Brands Inc.,6.11248973,4.1,2225000,7869
USB6096751,U.S. Bancorp,6.112778041,6,157000,6892
AMGN6315610,Amgen Inc.,6.113201088,5.5,5762000,7143
HIG4870486,The Hartford Insurance Group Inc.,6.113385986,3.6,390000,8420
ABBV6323042,AbbVie Inc.,6.113702189,5.65,8586000,14472
US459200KK67,International Business Machines Corp.,6.114078308,2.85,1,5037
C6147396,Citigroup Inc.,6.114125506,5.5,75000,5141
C5152233,Citigroup Inc.,6.114173767,3,80000,5348
GS6464494,The Goldman Sachs Group Inc.,6.114183641,6.1,250000,5479
CAT.MO,Caterpillar Inc.,6.114615457,7.375,1065000,25781
JPM6034560,JPMorgan Chase & Co.,6.114978254,6.05,100000,6811
MKL3978217,Markel Group Inc.,6.115409011,5,6000,6086
US92343VGL27,Verizon Communications Inc.,6.116277229,2.85,1,5513
JPM6430331,JPMorgan Chase & Co.,6.116453274,0,30000,5076
AMGN5186584,Amgen Inc.,6.118389794,2.77,3000000,9894
CAH4503546,Cardinal Health Inc.,6.118870168,4.368,5000,7624
JPM5808075,JPMorgan Chase & Co.,6.118900575,6,122000,6500
JPM6131395,JPMorgan Chase & Co.,6.118960599,6,6000,8764
C6315739,Citigroup Inc.,6.119212337,5.3,60000,7151
TMUS5049934,T-Mobile USA Inc.,6.119284516,3,2491000,5313
MCO5366987,Moodys Corp.,6.119325598,3.75,5620000,9340
UNH4437456,UnitedHealth Group Inc.,6.11978103,4.2,2211000,7473
PRU4613335,Prudential Financial Inc.,6.119973304,4.418,2764000,7910
IRM5954448,Iron Mountain Inc.,6.120178715,6.25,48000,2360
JPM5834686,JPMorgan Chase & Co.,6.120216206,6,44000,6535
C6172829,Citigroup Inc.,6.12028126,5.5,105000,7000
EOG4975053,EOG Resources Inc.,6.120605871,4.95,1370000,8659
SHW4961692,The Sherwin-Williams Co.,6.121498293,3.3,688000,8689
CSX4600597,CSX Corp.,6.121696128,4.65,1100000,15189
JPM6268031,JPMorgan Chase & Co.,6.122076502,5.6,130000,7084
JPM6093305,JPMorgan Chase & Co.,6.122331707,6.1,270000,6892
MCD5472110,McDonalds Corp.,6.123148383,5.15,3565000,9537
IP.IS,International Paper Co.,6.123472203,7.3,25000,4855
MMC5754704,Marsh & McLennan Cos. Inc.,6.123991022,5.45,300000,10089
PRU4882937,Prudential Financial Inc.,6.123996941,3.7,180000,8991
BAC6320202,Bank of America Corp.,6.124444761,5.15,105000,5323
ORCL5995196,Oracle Corp.,6.124579696,5.25,2043000,2013
JPM6261943,JPMorgan Chase & Co.,6.125080851,5.45,57000,7084
BAC6142589,Bank of America Corp.,6.126238003,6,36000,6947
ALL4843255,The Allstate Corp.,6.126722602,3.85,844000,8411
EXC5508236,Exelon Corp.,6.126865166,4.1,116000,9359
MMM4544488,3M Co.,6.127029594,3.625,4630000,7746
BAC6227660,Bank of America Corp.,6.127670148,5.2,300000,7042
UNH5415943,UnitedHealth Group Inc.,6.128382348,4.75,5910000,9420
C6088661,Citigroup Inc.,6.128596367,5.875,50000,5066
IBM4983325,International Business Machines Corp.,6.129127089,2.85,730000,5037
BDX.GJ,Becton Dickinson & Co.,6.130675441,6,60000,4671
UNH4645622,UnitedHealth Group Inc.,6.130696924,4.25,1094000,7990
SHW5298763,The Sherwin-Williams Co.,6.130882632,2.9,3030000,9359
MMC5930471,Marsh & McLennan Cos. Inc.,6.131032054,5.4,11515000,10454
IR5808488,Ingersoll Rand Inc.,6.131177225,5.7,1322000,10181
ICE5031640,Intercontinental Exchange Inc.,6.131268743,3,250000,12465
MMC4786492,Marsh & McLennan Cos. Inc.,6.131585729,4.9,10595000,8263
DRI.GH,Darden Restaurants Inc.,6.132167169,6.8,17000,4094
USB6081566,U.S. Bancorp,6.132180347,5.85,15000,3218
APC4878871,Occidental Petroleum Corp.,6.132422547,6.2,1969000,4976
KNVU5672490,Kenvue Inc.,6.132535841,5.2,15000,13383
AMGN6315611,Amgen Inc.,6.132861528,5.65,21390000,10795
VZ4577393,Verizon Communications Inc.,6.133817298,4.5,66000,7807
EOG6102472,EOG Resources Inc.,6.134581705,5.95,16130000,10576
JPM6227937,JPMorgan Chase & Co.,6.134691994,5.25,40000,7046
EOG5943184,EOG Resources Inc.,6.136049471,5.65,2260000,10350
WFC5826887,Wells Fargo & Co.,6.136512661,5.8,9000,6524
VRSK4245065,Verisk Analytics Inc.,6.137028134,5.5,4000000,6894
C4049922,Citigroup Inc.,6.137120406,6.675,271000,6253
CMCS4729172,Comcast Corp.,6.137429218,4.6,13031000,4459
MKL4349504,Markel Group Inc.,6.137531689,5,100000,7188
DVN3852850,Devon Energy Corp.,6.137748769,4.75,340000,5767
UNH5856556,UnitedHealth Group Inc.,6.138000168,5.625,8943000,10211
TSN4499906,Tyson Foods Inc.,6.138212706,4.55,610000,7611
USB6328158,U.S. Bancorp,6.138768711,5.25,20000,6428
XEL3696290,Xcel Energy Inc.,6.138829193,4.8,500000,5525
APC4878872,Occidental Petroleum Corp.,6.139356976,7.95,466000,4702
FDX6201188,FedEx Corp.,6.139607963,5.25,11662000,8689
AMGN4437315,Amgen Inc.,6.141780485,4.563,702000,7990
SBUX4665314,Starbucks Corp.,6.142862862,4.5,3220000,8143
GSGR6013936,The Goldman Sachs Group Inc.,6.142974201,5.8,12000,6787
JPM6252923,JPMorgan Chase & Co.,6.143067472,5.35,6000,5248
GS4141328,The Goldman Sachs Group Inc.,6.143323618,4.8,5825000,6552
MMC5647797,Marsh & McLennan Cos. Inc.,6.143370588,5.7,6330000,9908
T4346722,AT&T Inc.,6.14426091,6,482000,5129
VZ4597707,Verizon Communications Inc.,6.144848342,4.55,13000,7869
VZ5607038,Verizon Communications Inc.,6.14517128,5.45,183000,9816
GSGR6255503,The Goldman Sachs Group Inc.,6.145362612,5.45,30000,10730
JPM6177860,JPMorgan Chase & Co.,6.145446572,5.4,60000,10646
GSGR6365796,The Goldman Sachs Group Inc.,6.145696969,6.05,30000,7200
ANTM4035617,Elevance Health Inc.,6.145953638,5.1,745000,6377
AMGN5463177,Amgen Inc.,6.146300824,4.875,19550000,9710
SBUX4830107,Starbucks Corp.,6.146309702,4.45,286000,8416
C6356698,Citigroup Inc.,6.146518157,6,42000,9026
C6018700,Citigroup Inc.,6.146666118,5.7,20000,6801
SBUX4984107,Starbucks Corp.,6.146765566,3.5,14673000,8873
BAC6310855,Bank of America Corp.,6.146896594,5.3,68000,7137
UNH5559765,UnitedHealth Group Inc.,6.14690751,5.05,2412000,9755
VZ4807252,Verizon Communications Inc.,6.147574863,4.55,40000,8263
NDAQ4979763,Nasdaq Inc.,6.147898591,3.25,686000,8672
JPM6379100,JPMorgan Chase & Co.,6.148152207,6,75000,10864
JPM6081597,JPMorgan Chase & Co.,6.148336167,6.15,180000,8701
CAH5939496,Cardinal Health Inc.,6.14834637,5.75,197000,10334
DG5472130,Dollar General Corp.,6.150350521,5.5,10000000,9590
AIG4202086,American International Group Inc.,6.150527545,4.375,350000,10395
MMC5552133,Marsh & McLennan Cos. Inc.,6.150928674,5.45,3270000,9724
UNP3981482,Union Pacific Corp.,6.151059812,4.25,40000,6102
UPS5815263,United Parcel Service Inc.,6.151566551,5.6,200000,13810
FDX6203579,FedEx Corp.,6.151735506,5.1,1560000,6377
WFC6061104,Wells Fargo & Co.,6.152758744,6,70000,6846
VZ4567039,Verizon Communications Inc.,6.153596203,4.65,22000,7777
MCO5302942,Moodys Corp.,6.153959425,3.1,2743000,12905
CMCS4595042,Comcast Corp.,6.154381504,3.9,3148000,4231
USB6328161,U.S. Bancorp,6.155314332,5.4,15000,7158
PRU4575768,Prudential Financial Inc.,6.155631394,3.905,350000,7799
US428236BR31,HP Inc.,6.156227623,6,34000,5525
JPM5985761,JPMorgan Chase & Co.,6.156949356,6.05,40000,6759
BAC6467386,Bank of America Corp.,6.157622264,6,30000,7304
UNH4987619,UnitedHealth Group Inc.,6.157797422,3.125,4142000,12342
BX6332458,Cheniere Energy Inc.,6.159489329,6,80000,10957
JPM6102530,JPMorgan Chase & Co.,6.159675859,6.05,20000,6902
TXN5586961,Texas Instruments Incorporated,6.160088311,5.05,4979000,13440
MO.HA,Altria Group Inc.,6.160611304,9.95,10000,4485
REGN5027988,Regeneron Pharmaceuticals Inc.,6.160630352,2.8,500000,8812
UNH5494737,UnitedHealth Group Inc.,6.160672959,5.875,4431000,9696
CI5003121,The Cigna Group,6.162081327,4.8,4242000,7289
NRG6367724,NRG Energy Inc.,6.163107259,6.125,200000,3576
D3900831,Dominion Energy Inc.,6.16369459,4.05,100000,5890
CI5141444,The Cigna Group,6.163796918,3.4,490000,8993
UNH5776242,UnitedHealth Group Inc.,6.164111518,5.375,6579000,10120
CI4962269,The Cigna Group,6.164766906,3.4,1362000,8628
CMI3671567,Cummins Inc.,6.165096584,5.65,10000,26146
C6065653,Citigroup Inc.,6.165130979,6,250000,6863
JPM6157222,JPMorgan Chase & Co.,6.165362019,5.9,6000,10619
GSGR6314271,The Goldman Sachs Group Inc.,6.165909742,5.8,65000,7147
JPM6166572,JPMorgan Chase & Co.,6.166125911,0,210000,6982
JPM6166574,JPMorgan Chase & Co.,6.166378185,5.75,100000,10633
JPM6166708,JPMorgan Chase & Co.,6.166607913,5.55,60000,6979
CSCO5758319,Cisco Systems Inc.,6.166775565,5.35,7590000,13724
CAH3970564,Cardinal Health Inc.,6.167201197,4.6,208000,6071
T4346730,AT&T Inc.,6.167467346,5.15,980000,5706
BAC6087614,Bank of America Corp.,6.168194138,6,730000,6878
AEP4961682,American Electric Power Co. Inc.,6.16862285,3.25,14000,8614
JPM6212480,JPMorgan Chase & Co.,6.16877633,5.25,20000,7032
JPM6392631,JPMorgan Chase & Co.,6.169364917,6.05,33000,10881
PFE6238667,Pfizer Inc.,6.170660344,5.7,1892000,14352
JPM6177873,JPMorgan Chase & Co.,6.171505037,5.6,210000,8820
GSGR5900369,The Goldman Sachs Group Inc.,6.171732963,5,8000,10288
AMGN5364493,Amgen Inc.,6.172457182,4.2,4380000,9337
C4122310,Citigroup Inc.,6.172867112,5.3,6574000,6489
AON4246595,Aon Plc,6.173131303,4.75,111000,6863
BIIB4288320,Biogen Inc.,6.173250505,5.2,8175000,6986
MMC5494060,Marsh & McLennan Cos. Inc.,6.174467552,6.25,2020000,9590
JPM6059174,JPMorgan Chase & Co.,6.174924831,6,150000,6846
GSGR6288400,The Goldman Sachs Group Inc.,6.175255999,5.4,24000,7095
AMGN4436563,Amgen Inc.,6.175795079,4.663,7092000,9085
VZ4609142,Verizon Communications Inc.,6.175942823,4.75,200000,7898
JPM6177876,JPMorgan Chase & Co.,6.175987145,5.55,112000,10646
PSX4184007,Phillips 66,6.176267221,4.875,601000,6682
BAC5985334,Bank of America Corp.,6.17659777,6,83000,6751
XEL4908086,Xcel Energy Inc.,6.177521378,3.5,1120000,8524
USB6145019,U.S. Bancorp,6.178798165,5.6,20000,6960
VMC5942765,Vulcan Materials Co.,6.179338076,5.7,5538000,10350
GSGR6183351,The Goldman Sachs Group Inc.,6.179596674,5.3,54000,7000
GSGR5980345,The Goldman Sachs Group Inc.,6.179770579,6,1000,6751
UNH4862956,UnitedHealth Group Inc.,6.179803891,3.875,3063000,12068
STZ4491911,Constellation Brands Inc.,6.179904535,4.5,20000,7587
BAC6369613,Bank of America Corp.,6.179941166,6,70000,7203
US23135DG8,Amazon.com Inc.,6.180222165,5.65,38000,7165
SBUX4964889,Starbucks Corp.,6.180408041,3.35,1320000,8625
LRCX5433553,KLA Corp.,6.180422059,5.25,3323000,13133
ICE5414191,Intercontinental Exchange Inc.,6.18103497,5.2,2424000,13103
BIIB4981508,Biogen Inc.,6.181892458,3.15,23611000,8675
MKL4834913,Markel Group Inc.,6.182327517,5,144000,8329
DUK4311545,Duke Energy Corp.,6.182885329,4.8,6165000,7077
MLM4574405,Martin Marietta Materials Inc.,6.18293813,4.25,250000,7807
JPM6213523,JPMorgan Chase & Co.,6.183123776,5.45,53000,10682
AMT5080794,American Tower Corp.,6.183413151,2.95,11103000,8934
JPM5938238,JPMorgan Chase & Co.,6.183970556,5.375,15000,10346
AMZN4996700,Amazon.com Inc.,6.184594438,2.5,2994000,8708
BAC6213426,Bank of America Corp.,6.184793777,5.25,10010000,7028
ANTM4983288,Elevance Health Inc.,6.185299522,3.125,121000,8689
MRO4160595,Marathon Petroleum Corp.,6.186191852,4.75,581000,6621
HPQ.AI,HP Inc.,6.186420452,6,2667000,5525
ES4933488,Eversource Energy,6.186505023,3.45,205000,8569
QCOM4984947,QUALCOMM Inc.,6.187234887,3.25,12510000,8694
NDAQ5372971,Nasdaq Inc.,6.187482794,3.95,1415000,9351
JPM6033239,JPMorgan Chase & Co.,6.187531035,6,4000,8637
US172967HS33,Citigroup Inc.,6.18817079,5.3,1,6489
GSGR6037181,The Goldman Sachs Group Inc.,6.18822161,5.8,200000,6818
VZ3926361,Verizon Communications Inc.,6.188230043,3.85,786000,5937
CMS4101185,CMS Energy Corp.,6.188273215,4.875,1073000,6423
JPM5985769,JPMorgan Chase & Co.,6.188413054,6,100000,6755
AMGN5542392,Amgen Inc.,6.18872866,5.65,24817000,9711
NSC5706994,Norfolk Southern Corp.,6.188933015,5.95,1265000,13742
JPM6166573,JPMorgan Chase & Co.,6.189524493,5.9,20000,10633
APC4349251,Occidental Petroleum Corp.,6.189881775,4.4,1012000,7198
JPM6125215,JPMorgan Chase & Co.,6.190071649,6.05,25000,6926
AMD5426832,Advanced Micro Devices Inc.,6.191805148,4.393,1134000,9437
JPM6256627,JPMorgan Chase & Co.,6.191948528,5.7,15000,10729
SBUX4568015,Starbucks Corp.,6.191964544,3.75,20000,7793
UPS6075098,United Parcel Service Inc.,6.192015083,6.05,5413000,14167
TSN4152384,Tyson Foods Inc.,6.192459798,5.15,60000,6590
CAH4183039,Cardinal Health Inc.,6.192465496,4.5,145000,6682
QULN6422067,Rocket Cos. Inc.,6.19252562,6.5,40000,2876
VZ4527587,Verizon Communications Inc.,6.19264427,4.8,14000,7685
AMT4996710,American Tower Corp.,6.1928174,3.1,820000,8720
ANTM4153493,Elevance Health Inc.,6.192931144,4.65,663000,6590
C6455477,Citigroup Inc.,6.193089907,6.125,53000,10958
JPM6345482,JPMorgan Chase & Co.,6.194886651,5.5,150000,7174
JPM6303435,JPMorgan Chase & Co.,6.195114856,5.55,75000,10787
CI5748292,The Cigna Group,6.195136457,5.6,23116000,10061
LOW4353015,Lowes Companies Inc.,6.195782698,3.7,102000,7198
CAH4259455,Cardinal Health Inc.,6.195921831,4.9,180000,6986
JPM6420057,JPMorgan Chase & Co.,6.196796597,5.75,180000,7255
C5979266,Citigroup Inc.,6.19693474,6,75000,6755
AMGN5364494,Amgen Inc.,6.19735131,4.4,916000,12990
GSGR5958118,The Goldman Sachs Group Inc.,6.1981655,5.5,4000,6713
STZ4749629,Constellation Brands Inc.,6.19826243,5.25,803000,8143
FIS5138428,Fidelity National Information Services Inc.,6.198327239,3.1,7066000,5327
PRU4575771,Prudential Financial Inc.,6.198397656,3.935,7525000,8530
RJF4381228,Raymond James Financial Inc.,6.198459215,4.95,3135000,7289
CI5002521,The Cigna Group,6.198833901,3.875,220000,7746
USB6317594,U.S. Bancorp,6.198972566,5.46,30000,7147
GSGR6216679,The Goldman Sachs Group Inc.,6.199626767,5.25,60000,7032
LOW5159087,Lowes Companies Inc.,6.200159493,3.5,1660000,9010
GSGR6013929,The Goldman Sachs Group Inc.,6.200751923,6,225000,6787
WMB5275238,The Williams Cos. Inc.,6.200850783,3.5,1506000,9207
JPM6158863,JPMorgan Chase & Co.,6.201155528,5.6,28000,6969
JPM6259587,JPMorgan Chase & Co.,6.203152577,5.65,10000,7084
T4833790,AT&T Inc.,6.203462646,6.2,400000,4976
XS2982315900,The Goldman Sachs Group Inc.,6.204446284,6.25,1,3214
IRM5586236,Iron Mountain Inc.,6.204707031,7,490000,930
KR4785910,The Kroger Co.,6.204749635,5.4,1885000,8204
USB6155858,U.S. Bancorp,6.20538098,5.7,30000,6969
GSGR6369814,The Goldman Sachs Group Inc.,6.205866946,5.7,400000,7199
NVDA6427664,NVIDIA Corp.,6.206036879,5.55,52012000,7259
GS4302031,The Goldman Sachs Group Inc.,6.206320108,4.75,369000,7022
GPN6228102,Global Payments Inc.,6.206680669,5.55,12504000,3394
BAC5985333,Bank of America Corp.,6.207333433,5.7,30000,6751
JPM6102534,JPMorgan Chase & Co.,6.208518097,6,30000,8728
MKL5179408,Markel Group Inc.,6.208852945,3.45,4405000,9412
VZ4539988,Verizon Communications Inc.,6.209038709,4.75,12000,7716
D4185554,Dominion Energy Inc.,6.209163922,4.7,765000,6698
FIS4633271,Fidelity National Information Services Inc.,6.209572837,4.75,10000,7959
HAL4035410,Halliburton Co.,6.209660995,4.75,1180000,6210
PCG5011985,Pacific Gas & Electric Co.,6.209789847,4.5,1948984,5084
GLW4562409,Corning Inc.,6.210961873,4.375,12960000,11430
LOW5059267,Lowes Companies Inc.,6.2115856,3,2377000,8842
RJF6171330,Raymond James Financial Inc.,6.212314457,5.65,7640000,10634
GLW4762770,Corning Inc.,6.212327652,5.35,1050000,8143
FANG5373665,Diamondback Energy Inc.,6.212888308,4.25,420000,9359
WFC4310074,Wells Fargo & Co.,6.214274385,4.9,1356000,7049
GSGR6153299,The Goldman Sachs Group Inc.,6.215263944,5.25,25000,5134
MLM5207440,Martin Marietta Materials Inc.,6.215271346,3.2,6524000,9115
BA4866209,The Boeing Co.,6.215279718,3.75,1542000,8586
WMB4136859,The Williams Cos. Inc.,6.215713069,5.75,102000,6538
QCOM4246685,QUALCOMM Inc.,6.216091831,4.8,9920000,6868
DUKB,Duke Energy Corp.,6.216439378,5.625,85062,19039
SYY4950402,Sysco Corp.,6.216747799,3.3,7375000,8600
INTC5238076,Intel Corp.,6.216757052,2.8,4096000,5491
T4833783,AT&T Inc.,6.217476617,6.1,30000,5098
VLO5306501,Valero Energy Corp.,6.217799689,3.65,2454000,9254
CI6165746,The Cigna Group,6.218419548,6,13045000,10760
WFC5643509,Wells Fargo & Co.,6.218630241,6.2,135000,2588
MCO4987215,Moodys Corp.,6.219356765,3.25,2368000,8694
MCO4775914,Moodys Corp.,6.219570022,4.875,418000,8175
ARHPF6415634,Arch Capital Group Ltd.,6.219986452,5.95,19651000,10912
T4833798,AT&T Inc.,6.220884377,6.25,10000,5355
NDAQ5607192,Nasdaq Inc.,6.221888503,5.95,1115000,9877
GSGR6057826,The Goldman Sachs Group Inc.,6.222242687,6,15000,3195
AJG5185137,Arthur J. Gallagher & Co.,6.222280119,3.5,1410000,9059
USB6385559,U.S. Bancorp,6.222309794,5.7,20000,7219
C6005656,Citigroup Inc.,6.222706261,6,30000,6787
ANTM5145798,Elevance Health Inc.,6.222795092,3.6,7537000,8993
SYY4292083,Sysco Corp.,6.22321248,4.85,1500000,7002
C6221396,Citigroup Inc.,6.224190313,5.35,60000,7049
AJGG5295094,Arthur J. Gallagher & Co.,6.224303076,3.05,200000,9353
RPHC5222528,Royalty Pharma Plc,6.224455951,3.35,1464000,9164
AMT4892460,American Tower Corp.,6.225019014,3.7,1760000,8477
LOW4486453,Lowes Companies Inc.,6.225741082,4.05,1539000,7581
PCG5002762,Pacific Gas & Electric Co.,6.225785573,3.3,5310000,5115
UBRT5886387,Uber Technologies Inc.,6.226257869,5.35,25341000,10273
THC5840385,Tenet Healthcare Corp.,6.226439237,6.75,2843000,1749
EQIX4999476,Equinix Inc.,6.226452095,3,2200000,8750
T4991212,AT&T Inc.,6.227631273,3.5,1220000,5419
CMCS.HC,Comcast Corp.,6.227888805,6.4,60000,4306
KR4933101,The Kroger Co.,6.228265324,3.95,555000,8569
C6427624,Citigroup Inc.,6.228569412,5.65,3000,7273
CI4866401,The Cigna Group,6.228938498,4.9,1502000,8173
NI5426596,NiSource Inc.,6.229074242,5,364000,9451
GOOG6065578,Alphabet Inc.,6.229530805,5.25,8347000,10515
CMS3983764,CMS Energy Corp.,6.22962395,4.7,30000,6087
DVN4258361,Devon Energy Corp.,6.229714021,5,5166000,6894
MLM5931375,Martin Marietta Materials Inc.,6.231476247,5.5,2892000,10350
KMI4188480,Kinder Morgan Inc.,6.231609559,5.55,1939000,6880
RPHC5237919,Royalty Pharma Plc,6.231988046,3.55,3113000,8799
AMZN6448292,Amazon.com Inc.,6.2336459,6,145432000,7283
ORCL5153811,Oracle Corp.,6.233819028,2.875,11434000,1698
EQIX5178904,Equinix Inc.,6.234911381,3.4,6000,9330
BIIB5133378,Biogen Inc.,6.235072031,3.25,360000,8965
EXC4307365,Exelon Corp.,6.235076623,5.1,126000,6894
C6044678,Citigroup Inc.,6.235079356,5.8,40000,6839
ANTM4566033,Elevance Health Inc.,6.235743029,4.375,3575000,7793
JPM6467123,JPMorgan Chase & Co.,6.235840381,6.2,45000,10958
KDP4843950,Keurig Dr Pepper Inc.,6.237160825,5.085,100000,7969
GE5591354,GE Healthcare Technologies Inc.,6.23801596,6.377,5949000,9611
MRO4160629,Marathon Petroleum Corp.,6.238026104,5,159000,10273
MRO4827497,Marathon Petroleum Corp.,6.239459603,4.5,900000,7915
JPM5776163,JPMorgan Chase & Co.,6.239644394,6,10000,6443
UNH5494738,UnitedHealth Group Inc.,6.240904631,6.05,4102000,13348
KMI5855189,Kinder Morgan Inc.,6.240911552,5.95,13063000,10228
ANTM4880736,Elevance Health Inc.,6.241245485,3.7,335000,8447
IRM6427667,Iron Mountain Inc.,6.241396429,6.25,250000,3090
GOOG6308428,Alphabet Inc.,6.241477697,5.65,98351000,10791
JPM6213524,JPMorgan Chase & Co.,6.241723564,5.7,62000,10682
APC4606457,Occidental Petroleum Corp.,6.241960174,4.2,768000,7898
VZ5898346,Verizon Communications Inc.,6.242280161,5.1,150000,10273
T5022053,AT&T Inc.,6.242757879,3.1,1658000,6029
ETR4987733,Entergy Corp.,6.242795425,3.75,160000,8720
PSX5300829,Phillips 66,6.243046903,3.3,3170000,9359
C5984878,Citigroup Inc.,6.243235656,5.7,4000,4932
LUV4422286,Southwest Airlines Co.,6.243245297,3,150000,107
JPM6256624,JPMorgan Chase & Co.,6.243821704,5.5,19000,10729
JPM5804891,JPMorgan Chase & Co.,6.244024901,6.25,400000,6500
NRG6186284,NRG Energy Inc.,6.244612752,6,400000,3455
MS5977332,Morgan Stanley,6.244794726,5,16000,6738
VZ4572378,Verizon Communications Inc.,6.245507035,4.55,34000,7807
JPM6081605,JPMorgan Chase & Co.,6.245725806,6.25,30000,6878
AMZN4531866,Amazon.com Inc.,6.245758371,4.05,5036000,7692
ANTM5405192,Elevance Health Inc.,6.245846535,4.55,3478000,9420
USB6096747,U.S. Bancorp,6.245885032,6.25,150000,6892
JPM6130380,JPMorgan Chase & Co.,6.247230429,6,48000,6934
AMZN4996701,Amazon.com Inc.,6.247651924,2.7,16754000,12361
LOW5563998,Lowes Companies Inc.,6.247852781,5.85,527000,13393
FDX6205748,FedEx Corp.,6.247938145,4.95,10000,8114
C5892405,Citigroup Inc.,6.247943796,5,9000,6636
KR4445752,The Kroger Co.,6.247982396,4.45,1050000,7490
UNH5856557,UnitedHealth Group Inc.,6.249423428,5.75,6270000,13864
BA4983330,The Boeing Co.,6.250861019,5.805,7441000,8675
KMI4215868,Kinder Morgan Inc.,6.251484486,5.05,344000,7139
DUK4392694,Duke Energy Corp.,6.251749898,3.75,462000,7337
UNH5559766,UnitedHealth Group Inc.,6.252118328,5.2,699000,13407
VZ4727759,Verizon Communications Inc.,6.253317734,4.75,20000,8112
ANTM4153492,Elevance Health Inc.,6.253586131,4.85,50000,10242
PYPL5415329,PayPal Holdings Inc.,6.253820557,5.25,3450000,13089
WFC4062494,Wells Fargo & Co.,6.25398375,5.375,400000,6303
QCOM4499061,QUALCOMM Inc.,6.254958286,4.3,8077000,7598
RPHC5824522,Royalty Pharma Plc,6.255012144,5.9,3014000,10260
UNH5415944,UnitedHealth Group Inc.,6.255237368,4.95,601000,13072
KR4519633,The Kroger Co.,6.255337466,4.65,450000,7838
VZ5892125,Verizon Communications Inc.,6.255491446,5.15,10000,10273
AMZN6336480,Amazon.com Inc.,6.255804583,5.65,18064000,7165
CVS4971706,CVS Health Corp.,6.256338813,4.25,300000,8645
VZ4535073,Verizon Communications Inc.,6.256415387,4.85,36000,7685
US458140BV11,Intel Corp.,6.256650571,2.8,1,5491
VZ4668121,Verizon Communications Inc.,6.256772266,4.8,30000,8051
NSC5178874,Norfolk Southern Corp.,6.25722956,4.1,55000,34621
LOW5384542,Lowes Companies Inc.,6.257916555,4.25,4002000,9376
BA4364225,The Boeing Co.,6.258548959,3.375,58000,7259
UNH5776243,UnitedHealth Group Inc.,6.258667199,5.5,4142000,13773
GOOG6224228,Alphabet Inc.,6.258965884,5.45,40454000,10699
DUK4528447,Duke Energy Corp.,6.259344271,3.95,753000,7685
SYY5314911,Sysco Corp.,6.259531973,3.15,300000,9267
MSI4154376,Motorola Solutions Inc.,6.260834202,5.5,195000,6607
VZ5777920,Verizon Communications Inc.,6.261300936,5.3,15000,10089
LOW4161057,Lowes Companies Inc.,6.261733385,4.25,90000,6621
EXC4350766,Exelon Corp.,6.261821724,4.45,1183000,7198
KMI5021855,Kinder Morgan Inc.,6.261912027,3.25,677000,8767
AMZN5182959,Amazon.com Inc.,6.261972002,3.1,9563000,9051
RPHC6166013,Royalty Pharma Plc,6.262031225,5.95,1473000,10648
ANTM6169846,Elevance Health Inc.,6.262667181,5.7,396000,10638
QCOM5410503,QUALCOMM Inc.,6.262703878,4.5,2883000,9425
PYPL5415328,PayPal Holdings Inc.,6.262791859,5.05,2240000,9437
VZ4968008,Verizon Communications Inc.,6.263182377,4,8671000,8635
JPM6347886,JPMorgan Chase & Co.,6.263709821,6.05,60000,10829
JPM5985760,JPMorgan Chase & Co.,6.263756146,6,20000,6759
WFC4097728,Wells Fargo & Co.,6.264812165,5.606,2488000,6377
EQIX5050787,Equinix Inc.,6.265040614,2.95,7533000,9177
VZ5078164,Verizon Communications Inc.,6.265513533,3,2588000,12531
GSGR6026180,The Goldman Sachs Group Inc.,6.265965395,6,15000,6804
GSGR6340263,The Goldman Sachs Group Inc.,6.2660067,6,45000,7182
KR4408811,The Kroger Co.,6.267545769,3.875,2226000,7381
WFC5945236,Wells Fargo & Co.,6.267588001,5.5,9000,6692
QCOM5500546,QUALCOMM Inc.,6.267930473,6,1358000,9790
BA4829131,The Boeing Co.,6.268402818,3.9,1500000,8310
DG4973348,Dollar General Corp.,6.269111263,4.125,478000,8647
INTC.AC,Intel Corp.,6.269251797,4.8,506000,5541
D5460411,Dominion Energy Inc.,6.269350234,4.85,12000,9512
JPM6392622,JPMorgan Chase & Co.,6.270290886,5.65,50000,7228
TSN4720756,Tyson Foods Inc.,6.27061529,5.1,609000,8095
VZ4593454,Verizon Communications Inc.,6.271031778,4.55,3000,7869
CMCS.HE,Comcast Corp.,6.271137952,6.4,327000,4962
LOW5472120,Lowes Companies Inc.,6.271280994,5.625,9929000,9755
BA.IS,The Boeing Co.,6.272003956,7.875,15000,6102
VZ4634715,Verizon Communications Inc.,6.272604136,4.85,40000,7959
HAL4309126,Halliburton Co.,6.272747072,5,10547000,7047
US949746RF01,Wells Fargo & Co.,6.273002388,5.606,1,6377
MS6000356,Morgan Stanley,6.273169483,5.2,30000,6769
CRM5214229,Salesforce Inc.,6.273635149,2.7,4468000,5463
DLTR5313374,Dollar Tree Inc.,6.273726767,3.375,4000000,9254
KMI5128065,Kinder Morgan Inc.,6.274759753,3.6,569000,8965
GS4248966,The Goldman Sachs Group Inc.,6.275011974,5.15,2613000,6870
OKE6105972,ONEOK Inc.,6.276060642,5.6,46000,6454
LOW4817956,Lowes Companies Inc.,6.276462951,4.55,500000,8284
KR5877307,The Kroger Co.,6.27687985,5.5,19919000,10273
T.KI,AT&T Inc.,6.278838497,6.4,46000,4306
AMGN5542393,Amgen Inc.,6.279248911,5.75,3895000,13363
C4363103,Citigroup Inc.,6.280503964,4.75,3687000,7231
GSGR6122398,The Goldman Sachs Group Inc.,6.280720713,6,400000,6909
IFF4714705,International Flavors & Fragrances Inc.,6.281107287,5,770000,8093
GSGR6057897,The Goldman Sachs Group Inc.,6.281804256,6.2,150000,6846
AMZN4531868,Amazon.com Inc.,6.282265251,4.25,2533000,11345
BA4456339,The Boeing Co.,6.282506868,3.65,20000,7518
VLO5355061,Valero Energy Corp.,6.282702664,4,140000,9437
T.MF,AT&T Inc.,6.283124515,5.55,244000,5494
GSGR6328075,The Goldman Sachs Group Inc.,6.283130756,5.75,190000,7158
ANTM5923066,Elevance Health Inc.,6.283721682,5.7,22962000,10426
VZ4613097,Verizon Communications Inc.,6.28459852,4.8,15000,7898
MRO4319056,Marathon Petroleum Corp.,6.28486191,5.85,500000,7077
FANG5508424,Diamondback Energy Inc.,6.285661986,6.25,1867000,9724
C6147398,Citigroup Inc.,6.285749578,5.7,40000,6968
JPM5876495,JPMorgan Chase & Co.,6.285824269,5.4,50000,6605
BA.IW,The Boeing Co.,6.285957487,7.5,250000,5859
VZ4508287,Verizon Communications Inc.,6.285986004,4.7,150000,7624
CMCS4970500,Comcast Corp.,6.286369102,3.75,9735000,4993
VZ4600553,Verizon Communications Inc.,6.286833016,4.75,20000,7869
VZ4764943,Verizon Communications Inc.,6.287040742,5,10000,8143
VZ4544355,Verizon Communications Inc.,6.28706182,4.7,303000,7716
CVS4077377,CVS Health Corp.,6.287441215,5.3,4543000,6336
JPM6131396,JPMorgan Chase & Co.,6.28779268,5.8,4000,8764
FANG5789670,Diamondback Energy Inc.,6.288917257,5.75,40303000,10123
IP4132174,International Paper Co.,6.290302165,4.8,6826000,6529
ROST4973627,Ross Stores Inc.,6.291684766,5.45,60000,8659
SNPS6020496,Synopsys Inc.,6.292172761,5.7,16407000,10471
ELVH5534305,Elevance Health Inc.,6.292976989,5.125,656000,9696
FDX4087156,FedEx Corp.,6.295978747,5.1,70000,6377
BIIB6071255,Biogen Inc.,6.296507145,6.45,6000000,10515
FDX4973963,FedEx Corp.,6.296828084,5.25,141000,8689
C6302125,Citigroup Inc.,6.296860758,5.45,45000,7144
NDAQ5607193,Nasdaq Inc.,6.297508386,6.1,16119000,13481
NI6035334,NiSource Inc.,6.297571656,5.85,3761000,10471
JPM6231809,JPMorgan Chase & Co.,6.298873303,5.5,30000,7046
VZ5078163,Verizon Communications Inc.,6.300146555,2.875,3246000,8878
AMZN5396184,Amazon.com Inc.,6.300759351,3.95,13338000,9388
CVS5808450,CVS Health Corp.,6.301534564,6,2055000,6515
EXC5543123,Exelon Corp.,6.302772581,5.6,15520000,9724
MPLX4595817,MPLX LP,6.303014993,4.9,11900000,11581
APC5856282,Occidental Petroleum Corp.,6.30419877,6.05,9714000,10289
OKE5766229,ONEOK Inc.,6.304912256,4.2,40000,5967
AJGG5752563,Arthur J. Gallagher & Co.,6.305410407,5.75,5706000,10211
BA5964674,The Boeing Co.,6.305446004,6.858,21961000,10136
LOW4970509,Lowes Companies Inc.,6.30596224,5.125,1000000,8659
GSGR5889069,The Goldman Sachs Group Inc.,6.306332408,5.15,4000,4795
KMI4602494,Kinder Morgan Inc.,6.306524343,5.2,1535000,7884
VZ4636949,Verizon Communications Inc.,6.306688099,5,15000,7990
KDP5394680,Keurig Dr Pepper Inc.,6.306766923,4.5,16844000,9390
CMCS.GD,Comcast Corp.,6.307055881,6.55,6725000,4718
VTVI6320681,Vertiv Holdings Co.,6.307264008,5.65,1873000,7167
CVS4268488,CVS Health Corp.,6.307586674,5.125,2257000,6929
VRSK4986179,Verisk Analytics Inc.,6.30887044,3.625,600000,8689
BA4762315,The Boeing Co.,6.309852671,3.85,1446000,8129
VZ4774265,Verizon Communications Inc.,6.310133572,5,26000,8173
LOW5563997,Lowes Companies Inc.,6.310492657,5.75,2240000,9832
BA4602171,The Boeing Co.,6.310739839,3.625,210000,7884
PCG5145842,Pacific Gas & Electric Co.,6.311215608,4.2,32000,5419
ANTM5815444,Elevance Health Inc.,6.312819303,5.65,4081000,10181
MKL5811474,Markel Group Inc.,6.315785183,6,8000,10151
DUK4842657,Duke Energy Corp.,6.316242452,4.2,40000,8355
WMB5974976,The Williams Cos. Inc.,6.317951205,6,988000,10454
MKL4884039,Markel Group Inc.,6.318326135,4.15,526000,8814
KMI5451254,Kinder Morgan Inc.,6.318665634,5.45,1290000,9498
AJGG5959041,Arthur J. Gallagher & Co.,6.319397706,5.55,3350000,10426
GOOG6308427,Alphabet Inc.,6.319966193,5.75,7381000,14444
LOW4287848,Lowes Companies Inc.,6.32073416,4.375,400000,6986
IBM3862755,International Business Machines Corp.,6.324868497,4,2468000,5803
ANTM5495609,Elevance Health Inc.,6.32489746,6.1,1044000,9573
GSGR6347708,The Goldman Sachs Group Inc.,6.325255745,5.9,18000,7168
C6193254,Citigroup Inc.,6.326238626,5.5,12000,7021
CCI4972845,Crown Castle Inc.,6.327064045,4.15,2237000,8736
NVDA6427665,NVIDIA Corp.,6.327593322,5.625,87264000,10912
OKE5766234,ONEOK Inc.,6.327956014,4.2,4000000,7734
EXC4972600,Exelon Corp.,6.329683842,4.7,1505000,8659
FDX4302942,FedEx Corp.,6.329957907,4.75,30000,7047
AMZN5396185,Amazon.com Inc.,6.330021759,4.1,1756000,13040
AMZN6237344,Amazon.com Inc.,6.330036872,5.45,8842000,10704
GSGR5889068,The Goldman Sachs Group Inc.,6.3307542,5.25,64000,6622
SRE4585627,Sempra,6.331814996,4,15740000,7855
PYPL5815519,PayPal Holdings Inc.,6.332452435,5.5,405000,10167
C6275373,Citigroup Inc.,6.333581549,5.45,199000,7115
SYY4346897,Sysco Corp.,6.333774174,4.5,286000,7184
BA4214072,The Boeing Co.,6.33551108,3.5,2026000,6788
JPM5603152,JPMorgan Chase & Co.,6.336675128,5.5,4000,2519
BDX4986709,Becton Dickinson & Co.,6.336951099,3.794,599000,8694
SPCX6434767,Space Exploration Technologies Corp.,6.339714745,5.65,2211000,2541
LOW5384543,Lowes Companies Inc.,6.340405811,4.45,160000,13028
AJGG5548694,Arthur J. Gallagher & Co.,6.34060468,5.75,145000,9711
OKE5763598,ONEOK Inc.,6.340647593,5.15,49000,6285
WFC4371959,Wells Fargo & Co.,6.341627981,4.4,10271000,7258
BA4866210,The Boeing Co.,6.341683421,3.95,24617000,12054
BA4798350,The Boeing Co.,6.342619657,3.825,62000,11901
MO3886389,Altria Group Inc.,6.342766236,4.25,3852000,5853
VZ5148414,Verizon Communications Inc.,6.343077504,3.7,4720000,12653
MO4065695,Altria Group Inc.,6.344429375,5.375,1659000,6393
ANTM5923067,Elevance Health Inc.,6.344562732,5.85,11295000,13973
MPLX5536098,MPLX LP,6.344769284,5.65,226000,9710
DUK5647268,Duke Energy Corp.,6.345273978,6.1,1416000,9908
GSGR6335098,The Goldman Sachs Group Inc.,6.347598788,5.55,60000,7150
INTC5538523,Intel Corp.,6.34833432,5.625,2070000,6038
MO4001429,Altria Group Inc.,6.348436419,4.5,5532000,6119
VZ5148413,Verizon Communications Inc.,6.348669671,3.55,9470000,9000
CMCS4906060,Comcast Corp.,6.34988363,3.25,5548000,4841
EXC6009293,Exelon Corp.,6.350947565,5.875,115000,10454
IP4247257,International Paper Co.,6.351011309,5.15,510000,7228
BAM6167686,Brookfield Asset Management Ltd.,6.351068027,6.077,2059000,10638
SYY4609158,Sysco Corp.,6.351355248,4.45,12052000,7898
AMGN3854930,Amgen Inc.,6.351645081,5.375,80000,6132
DVN5876438,Devon Energy Corp.,6.351937018,5.75,5267000,10273
C6055643,Citigroup Inc.,6.352872288,6,3000,6846
ORCL5500544,Oracle Corp.,6.353220389,6.25,8085000,2293
HUM.GE,Humana Inc.,6.354692202,8.15,540000,4337
DUK5198815,Duke Energy Corp.,6.356739602,3.5,2134000,9085
GOOG6065579,Alphabet Inc.,6.357242384,5.3,7843000,14168
AMGN.GA,Amgen Inc.,6.357402179,8.125,15000,25812
MO4797925,Altria Group Inc.,6.358717644,6.2,76000,11886
WFC4179449,Wells Fargo & Co.,6.359247898,4.65,200000,6671
WMB5869381,The Williams Cos. Inc.,6.359625243,5.8,5662000,10334
US278642AF09,eBay Inc.,6.360114335,4,1,5828
AVGO6213514,Broadcom Inc.,6.361110178,3.75,3435000,8965
VZ4766681,Verizon Communications Inc.,6.361948177,5,10000,8143
MCO5025901,Moodys Corp.,6.361980062,2.55,219000,12437
T4834260,AT&T Inc.,6.36210531,4.65,1128000,6515
WMB5457474,The Williams Cos. Inc.,6.362170681,5.3,700000,9512
MPLX4453959,MPLX LP,6.362369639,5.2,198000,7518
WFC4432930,Wells Fargo & Co.,6.363561017,4.75,1670000,7434
FIS4393761,Fidelity National Information Services Inc.,6.365967731,4.5,550000,7320
EQT6034678,EQT Corp.,6.366677381,6.5,375000,8020
VZ4532729,Verizon Communications Inc.,6.367109531,4.9,90000,7685
KDP5141416,Keurig Dr Pepper Inc.,6.367702172,3.35,12888000,8993
BA.IV,The Boeing Co.,6.368431713,6.875,8000,6285
DUK5826342,Duke Energy Corp.,6.369303467,5.8,2044000,10181
GSGR6245475,The Goldman Sachs Group Inc.,6.369544948,5.5,55000,10710
VZ4617460,Verizon Communications Inc.,6.369962858,4.85,10000,7929
AJGG5677782,Arthur J. Gallagher & Co.,6.371696916,6.75,1385000,10061
EBAY3879390,eBay Inc.,6.37180928,4,1953000,5828
D4807955,Dominion Energy Inc.,6.371929327,4.6,1865000,8263
AMZN6336481,Amazon.com Inc.,6.372195683,5.8,62896000,10818
VTVI6320679,Vertiv Holdings Co.,6.372473685,5.8,13060000,10820
CVS4607885,CVS Health Corp.,6.372990236,5.05,32076000,7908
ORCL6185639,Oracle Corp.,6.373135168,4.8,11041000,2249
VZ5181143,Verizon Communications Inc.,6.373515957,2.987,6615000,11049
US458140CH18,Intel Corp.,6.373537561,5.625,50000,6038
GSGR6391424,The Goldman Sachs Group Inc.,6.374354114,6,50000,7227
C6340564,Citigroup Inc.,6.375764974,5.8,6000,10836
VZ5363445,Verizon Communications Inc.,6.376424937,3.875,248000,9345
IP4526174,International Paper Co.,6.37695851,4.35,200000,8051
AMZN5182960,Amazon.com Inc.,6.377806876,3.25,2038000,12704
APC4875629,Occidental Petroleum Corp.,6.378800631,6.6,3859000,7167
DRI4597025,Darden Restaurants Inc.,6.379135871,4.55,2600000,7869
LOW5472121,Lowes Companies Inc.,6.382940196,5.8,2607000,13195
JPM6136561,JPMorgan Chase & Co.,6.384191123,0,78000,6940
VZ4503469,Verizon Communications Inc.,6.385031836,4.75,30000,7624
VZ4559111,Verizon Communications Inc.,6.385220305,4.7,124000,7777
VZ4561538,Verizon Communications Inc.,6.385220305,4.7,30000,7777
OKE4871541,ONEOK Inc.,6.38627877,4.45,90000,8433
VZ4800847,Verizon Communications Inc.,6.388141035,4.55,60000,8235
CVS6147523,CVS Health Corp.,6.388804705,6.2,18872000,10638
FDX4200154,FedEx Corp.,6.390168469,4.1,290000,6760
VZ5757377,Verizon Communications Inc.,6.392058055,5.5,3660000,10069
DUK6170064,Duke Energy Corp.,6.392557922,5.7,4500000,10638
GS6453015,The Goldman Sachs Group Inc.,6.393043727,6,2000,7294
IP4390241,International Paper Co.,6.393136042,4.4,702000,7685
FANG5789671,Diamondback Energy Inc.,6.393505212,5.9,1872000,13776
WMB6275387,The Williams Cos. Inc.,6.393909818,5.95,40040000,10820
VZ4651554,Verizon Communications Inc.,6.394052511,5.05,10000,8020
MS6148612,Morgan Stanley,6.395032269,5.15,6000,6954
CI5002519,The Cigna Group,6.395196418,5.875,15000,5341
VZ4606939,Verizon Communications Inc.,6.395481498,4.75,50000,7898
KDP4974647,Keurig Dr Pepper Inc.,6.397091616,3.8,940000,8675
AMZN6448293,Amazon.com Inc.,6.397566666,6.1,325673000,10936
APC4875630,Occidental Petroleum Corp.,6.399253589,4.5,51000,6559
KR5877308,The Kroger Co.,6.399877144,5.65,2489000,13926
IBM6299790,International Business Machines Corp.,6.400923896,5.8,9670000,10779
BA4983331,The Boeing Co.,6.401632319,5.93,6567000,12328
VZ6231141,Verizon Communications Inc.,6.404377245,5.75,14857000,7062
VZ4661925,Verizon Communications Inc.,6.406260897,4.8,6000,8051
MPLX4979661,MPLX LP,6.407422558,5.2,326000,7793
INTC3940212,Intel Corp.,6.409258919,4.25,4566000,5981
HUM3940738,Humana Inc.,6.409302627,4.625,200000,5967
JPM5794279,JPMorgan Chase & Co.,6.411316286,6,8000,6482
GLW4912916,Corning Inc.,6.413180572,5.45,10825000,19465
CVS5808463,CVS Health Corp.,6.413364819,6.05,692000,10167
OKE4962771,ONEOK Inc.,6.418052499,4.5,20000,8628
GLW4762771,Corning Inc.,6.418137707,5.85,160000,15448
OMC6291374,Omnicom Group Inc.,6.418707383,3.375,200000,5327
CVS5596306,CVS Health Corp.,6.419252282,5.875,3173000,9802
KMI6467713,Kinder Morgan Inc.,6.420105007,6.15,24062000,10959
TRGP5385364,Targa Resources Corp.,6.421172138,4.95,917000,9390
PFE5282054,Viatris Inc.,6.421667915,3.85,5107000,5075
INTC5238070,Intel Corp.,6.422831752,3.05,184000,9143
ORCL5535961,Oracle Corp.,6.423017438,4.9,3584000,2382
CVS.HF,CVS Health Corp.,6.423443418,5.75,58000,5402
CCI4793686,Crown Castle Inc.,6.42348904,5.2,40000,8235
CVS5541027,CVS Health Corp.,6.423647542,5.625,5489000,9702
SYY4972645,Sysco Corp.,6.425468372,6.6,2310000,8645
APC4260164,Occidental Petroleum Corp.,6.427894498,4.625,115000,6894
US68389XCP87,Oracle Corp.,6.428880959,4.9,1,2382
VZ4629839,Verizon Communications Inc.,6.429695698,4.85,2000,7959
JPM6238562,JPMorgan Chase & Co.,6.431986684,0,269000,8883
GSGR6288396,The Goldman Sachs Group Inc.,6.433005775,4.85,2000,3442
T4834264,AT&T Inc.,6.434669994,4.85,1600000,6924
MO5123992,Altria Group Inc.,6.436430344,3.7,5718000,8954
JPM6233816,JPMorgan Chase & Co.,6.437205675,0,190000,8875
PCG3889501,Pacific Gas & Electric Co.,6.439758563,3.75,6400000,5859
JPM6126307,JPMorgan Chase & Co.,6.440138548,5.5,2000,3273
PCG5002763,Pacific Gas & Electric Co.,6.440405267,3.5,2921000,8767
T4013485,AT&T Inc.,6.441202038,4.3,6588000,5981
VZ4498542,Verizon Communications Inc.,6.441462012,4.9,246000,7593
MO4797931,Altria Group Inc.,6.442747132,5.95,6604000,8234
PCG4018318,Pacific Gas & Electric Co.,6.444560979,4.6,100000,6163
APO5813716,Apollo Global Management Inc.,6.445464684,5.8,3462000,10156
GOOG6224229,Alphabet Inc.,6.446385451,5.7,20708000,18004
FOXR4966293,Fox Corp.,6.447232291,5.576,3461000,8214
BA5946120,The Boeing Co.,6.44754455,7.008,18791000,13789
C5282995,Citigroup Inc.,6.44825419,1.7,15000,90
VZ4213475,Verizon Communications Inc.,6.44976611,4.672,714000,10454
MPLX4595816,MPLX LP,6.452319382,4.7,305000,7929
MO5123993,Altria Group Inc.,6.452701248,4,5061000,12607
GSGR5980347,The Goldman Sachs Group Inc.,6.456643689,6,8000,4921
MO4403915,Altria Group Inc.,6.458079672,3.875,4334000,7352
JPM6320300,JPMorgan Chase & Co.,6.458945034,0,27000,10803
DUK5459839,Duke Energy Corp.,6.459447648,5,1380000,9512
HUM4870468,Humana Inc.,6.459812141,3.95,950000,8416
PCG3843184,Pacific Gas & Electric Co.,6.461263622,4.45,190000,5737
OKE5765717,ONEOK Inc.,6.46167246,4.25,311000,7351
TRGP6324673,Targa Resources Corp.,6.462725043,6.05,148000,10881
MPLX5377632,MPLX LP,6.464007475,4.95,200000,9358
PCG4431716,Pacific Gas & Electric Co.,6.464475276,4,510000,7428
ORCL6302371,Oracle Corp.,6.464932069,5.35,21709000,2469
TRGP5434324,Targa Resources Corp.,6.465668751,6.25,5300000,9467
T4777045,AT&T Inc.,6.466418381,5.15,1458000,8600
TRGP6014679,Targa Resources Corp.,6.468113689,6.125,1623000,10515
BRO5379427,Brown & Brown Inc.,6.47022964,4.95,1200000,9361
MPLX4766119,MPLX LP,6.472286882,5.5,240000,8235
HUM4164823,Humana Inc.,6.473291661,4.95,52000,6637
TRGP5522063,Targa Resources Corp.,6.473400526,6.5,150000,9696
MPLX6306328,MPLX LP,6.473949642,6.1,870000,10837
MPLX6020515,MPLX LP,6.473976358,5.95,150000,10471
GM4145696,General Motors Co.,6.474045471,6.25,5617000,6272
T6299519,AT&T Inc.,6.474486585,5.85,5207000,7213
OKE4647007,ONEOK Inc.,6.475376016,5.2,142000,8020
LYV4987774,Live Nation Entertainment Inc.,6.476839465,6.5,18000,288
HPQ4431607,Hewlett Packard Enterprise Co.,6.481625757,6.35,10375000,7016
XPO5589504,XPO Inc.,6.482928192,7.125,176000,1766
MPLX6145300,MPLX LP,6.488190714,6.2,1745000,10638
FDX6194764,FedEx Corp.,6.488882259,3.875,210000,5845
AMZN6237342,Amazon.com Inc.,6.489175136,5.55,9455000,14357
JPM6295840,JPMorgan Chase & Co.,6.489586315,0,110000,8949
BRO6098803,Brown & Brown Inc.,6.489840875,6.25,4233000,10554
IBM4983326,International Business Machines Corp.,6.495944236,2.95,3100000,8689
PCG4099082,Pacific Gas & Electric Co.,6.495958256,4.75,250000,6408
PCG4570769,Pacific Gas & Electric Co.,6.496435259,3.95,2632000,7793
OKE5766209,ONEOK Inc.,6.496818146,4.85,10100000,8221
CVS6147524,CVS Health Corp.,6.497121654,6.25,13913000,14291
IBM4336429,International Business Machines Corp.,6.498161075,4.7,500000,7143
PCG.JR,Pacific Gas & Electric Co.,6.499101445,4.5,10000,5616
AMZN6448294,Amazon.com Inc.,6.501994719,6.25,112029000,14588
VZ6231140,Verizon Communications Inc.,6.502835436,6,9643000,14367
T4833813,AT&T Inc.,6.506595324,5.35,1312000,6346
APC4422781,Occidental Petroleum Corp.,6.508144559,4.1,641000,7504
CVS5596307,CVS Health Corp.,6.509525534,6,4816000,13454
OKE6106072,ONEOK Inc.,6.510616287,5.05,2200000,6819
US23135CY0,Amazon.com Inc.,6.510662412,5.55,200000,14357
QULN6243436,Rocket Cos. Inc.,6.510949323,7.125,404000,2011
OKE5766565,ONEOK Inc.,6.511365015,3.95,565000,8614
A4ERY8,Amazon.com Inc.,6.515984395,5.95,4000,14470
TMUS5049937,T-Mobile USA Inc.,6.517388035,3.3,256000,8965
AVGO6276420,Broadcom Inc.,6.517721551,5.7,65669000,10760
JPM6131402,JPMorgan Chase & Co.,6.518247507,5.7,3000,6940
MO4984042,Altria Group Inc.,6.51992568,4.45,2625000,8680
T4762516,AT&T Inc.,6.520332739,7.12,8000,25917
TMUS5435679,T-Mobile USA Inc.,6.521285333,3.4,9062000,9573
T4332473,AT&T Inc.,6.522325305,5.65,700000,7504
AMZN6336483,Amazon.com Inc.,6.525143156,5.95,8425000,14470
TMUS4973557,T-Mobile USA Inc.,6.530160655,4.5,1549000,8659
INTC4914060,Intel Corp.,6.530188628,3.25,10834000,8508
VZ6231139,Verizon Communications Inc.,6.53164305,5.875,67539000,10714
FISV4845279,Fiserv Inc.,6.532408786,4.4,8620000,8371
T4132110,AT&T Inc.,6.532576625,4.8,270000,6529
INTC4633368,Intel Corp.,6.533298093,3.734,7750000,7800
FICO6337862,Fair Isaac Corp.,6.534566208,6.25,18000,2968
VTVI6320680,Vertiv Holdings Co.,6.537362312,5.95,4350000,14472
PCG5011977,Pacific Gas & Electric Co.,6.538499862,4.95,8956912,8736
OKE6108583,ONEOK Inc.,6.539746652,5.45,400000,7610
T4451562,AT&T Inc.,6.545173171,5.45,6654000,7518
FDX4593525,FedEx Corp.,6.546012016,4.05,84000,7869
DTW,DTE Energy Co.,6.546667187,5.25,51513,18751
INTC4363557,Intel Corp.,6.552082331,4.1,563000,7232
NOW6394083,ServiceNow Inc.,6.552176461,6.3,5892000,10881
T4451563,AT&T Inc.,6.553005707,5.7,2438000,11171
CRM5214233,Salesforce Inc.,6.555569044,3.05,5270000,12768
T4762510,AT&T Inc.,6.557260582,5.15,10040000,7412
IBM5354862,International Business Machines Corp.,6.561534025,3.43,2833000,9324
TMUS5731959,T-Mobile USA Inc.,6.561758643,5.5,4230000,10395
PCG4181017,Pacific Gas & Electric Co.,6.562428837,4.3,103000,6802
IBM5449458,International Business Machines Corp.,6.563929694,4.9,350000,9493
GM4337100,General Motors Co.,6.564313522,6.75,3141000,7184
ETE6281447,Energy Transfer LP,6.565819002,6.3,4975000,10760
OKE5890648,ONEOK Inc.,6.567977422,5.7,1385000,10320
TMUS5194656,T-Mobile USA Inc.,6.570666451,3.6,1788000,12526
AMZN6336479,Amazon.com Inc.,6.571295727,6.05,28036000,18123
OKE4984104,ONEOK Inc.,6.571407968,7.15,54000,8934
OKE5766230,ONEOK Inc.,6.573315066,4.2,21000,6802
US458140AV20,Intel Corp.,6.573521582,4.1,1,7232
FDX3881474,FedEx Corp.,6.573795232,3.875,40000,5845
GM4181484,General Motors Co.,6.574521501,5.2,5197000,6819
TMUS6277712,T-Mobile USA Inc.,6.575707899,5.85,23180000,10791
INTC5755564,Intel Corp.,6.576547622,5.6,6595000,10067
OKE6144082,ONEOK Inc.,6.578815785,6.25,20950000,10668
CMCS4099393,Comcast Corp.,6.578820452,4.75,169000,6423
US458140BJ82,Intel Corp.,6.578962287,3.25,1,8508
ETE5732753,Energy Transfer LP,6.580277114,5.95,2153000,10150
TMUS6037451,T-Mobile USA Inc.,6.583031455,5.875,1425000,10699
OKE4517353,ONEOK Inc.,6.583419358,4.95,24000,7652
A4ERY9,Amazon.com Inc.,6.583862026,6.05,6000,18123
ETE6009235,Energy Transfer LP,6.584884484,6.2,1215000,10471
C5669943,Citigroup Inc.,6.586830897,6.6,5000,4473
PCG4307744,Pacific Gas & Electric Co.,6.587276697,4.25,4000,7167
INTC5238071,Intel Corp.,6.590814607,3.2,4164000,12796
INTC4969550,Intel Corp.,6.591956269,4.95,58000,12291
TMUS5475070,T-Mobile USA Inc.,6.592483798,5.65,5064000,9665
OKE5633314,ONEOK Inc.,6.592561843,6.625,7564000,9894
TMUS5900487,T-Mobile USA Inc.,6.592706167,5.25,10810000,10546
GM4527185,General Motors Co.,6.593644668,5.4,5966000,7915
GM4685730,General Motors Co.,6.594091692,5.95,5945000,8280
VZ4686290,Verizon Communications Inc.,6.595047389,4.85,20000,8082
HUM5548723,Humana Inc.,6.597199545,5.5,280000,9724
TMUS6197961,T-Mobile USA Inc.,6.597436305,5.7,5013000,10760
DTG,DTE Energy Co.,6.597836295,4.375,39395,20212
TMUS5650474,T-Mobile USA Inc.,6.59788034,6,1650000,10181
HPQ5892413,Hewlett Packard Enterprise Co.,6.598713627,5.6,7642000,10303
TMUS5584909,T-Mobile USA Inc.,6.599691423,5.75,2685000,10030
INTC6380124,Intel Corp.,6.600105563,6.125,43755000,10881
T4013484,AT&T Inc.,6.600129946,4.35,10234000,6894
DTK,DTE Energy Co.,6.600292774,6.25,85611,21612
PCG5363491,Pacific Gas & Electric Co.,6.600623279,5.25,310000,9345
BAC5700453,Bank of America Corp.,6.602224498,6.7,153000,4485
US459200KZ3,International Business Machines Corp.,6.602378998,5.1,200000,9687
OKE5890649,ONEOK Inc.,6.602418741,5.85,410000,13973
INTC4969549,Intel Corp.,6.603976835,4.75,4235000,8638
HUM5771000,Humana Inc.,6.604757309,5.75,2318000,10120
CRM5214232,Salesforce Inc.,6.607732499,2.9,1084000,9115
HUM6020525,Humana Inc.,6.608830118,6,920000,10501
CMCS3953018,Comcast Corp.,6.609523755,4.5,45000,6012
PCG6317070,Pacific Gas & Electric Co.,6.61130433,6,1940000,10867
COIN5259272,Coinbase Global Inc.,6.612995986,3.625,68000,1888
INTC5538517,Intel Corp.,6.613516152,5.7,10347000,9691
CMCS3872023,Comcast Corp.,6.617581346,4.65,397000,5828
INTC4949821,Intel Corp.,6.618661988,3.1,347000,12252
PCG6414361,Pacific Gas & Electric Co.,6.620865091,6.3,9532000,10973
ETE5827598,Energy Transfer LP,6.621322088,6.05,10036000,10259
SPCX6434604,Space Exploration Technologies Corp.,6.623031843,5.875,286000,3637
INTC4495097,Intel Corp.,6.623129334,4.1,6450000,7589
FDX4442042,FedEx Corp.,6.623443703,4.4,5000,7473
FDX4739441,FedEx Corp.,6.623685815,4.95,65000,8114
INTU5651455,Intuit Inc.,6.624208618,5.5,11700000,9908
ARES5914373,Ares Management Corp.,6.624590274,5.6,17167000,10299
T6180945,AT&T Inc.,6.624715428,5.55,12286000,7033
T4833820,AT&T Inc.,6.626977109,4.9,40000,5798
T4237450,AT&T Inc.,6.627134949,4.75,3558000,7228
IBM5999346,International Business Machines Corp.,6.627654366,5.7,4422000,10421
PCG5885420,Pacific Gas & Electric Co.,6.627680544,5.9,2225000,10289
BMY.GC,Bristol Myers Squibb Co.,6.62819362,6.875,4000,25934
FDX4346474,FedEx Corp.,6.629562481,4.55,272000,7184
IBM4832197,International Business Machines Corp.,6.631921252,4.25,3784000,8324
PCG6014631,Pacific Gas & Electric Co.,6.632768736,6.15,160000,10440
INTC6380123,Intel Corp.,6.635257185,6.2,3755000,14533
PCG5522622,Pacific Gas & Electric Co.,6.636317343,6.75,4275000,9665
INTC5456466,Intel Corp.,6.639270289,4.9,6629000,9502
PCG6192941,Pacific Gas & Electric Co.,6.640757868,6.1,353000,10668
FICO6073309,Fair Isaac Corp.,6.643103751,6,74000,2480
HUM4466656,Humana Inc.,6.643500047,4.8,10000,7532
INTC4270895,Intel Corp.,6.64825731,4.9,3170000,6938
PCG5563964,Pacific Gas & Electric Co.,6.649521622,6.7,1093000,9741
ORCL4141354,Oracle Corp.,6.651904662,4.3,10143000,2899
CVNA5050779,Carvana Co.,6.652330365,5.875,21000,793
PRS,Prudential Financial Inc.,6.657236067,5.625,55133,11703
T5022054,AT&T Inc.,6.661624999,3.3,1164000,9316
IBM5534365,International Business Machines Corp.,6.663200634,5.1,3241000,9687
TMUS5475071,T-Mobile USA Inc.,6.664739684,5.8,4875000,13195
CMSD,CMS Energy Corp.,6.665709668,5.875,59601,19206
T5046543,AT&T Inc.,6.667054653,3.5,19867000,9908
T4991213,AT&T Inc.,6.67661384,3.65,1957000,9071
T4431416,AT&T Inc.,6.677448295,4.5,1091000,7892
C6359119,Citigroup Inc.,6.677603886,0,270000,10857
CMCS4248985,Comcast Corp.,6.680476435,4.6,363000,6955
APC4869088,Occidental Petroleum Corp.,6.680885876,4.4,12000,8416
T4437033,AT&T Inc.,6.681111153,4.55,1050000,8257
WFC5679616,Wells Fargo & Co.,6.683620896,6.8,100000,4481
APP5945421,Applovin Corp.,6.689535037,5.95,4402000,10350
C6340563,Citigroup Inc.,6.69095893,0,270000,10836
T4991214,AT&T Inc.,6.695237067,3.85,4395000,12359
T5022055,AT&T Inc.,6.696201809,3.5,3000000,12604
T5046544,AT&T Inc.,6.698938042,3.55,17128000,10638
ORCL5903544,Oracle Corp.,6.700157558,4.7,7923000,2980
TMUSI,T-Mobile USA Inc.,6.700209992,5.5,47963,16011
INTC5456467,Intel Corp.,6.701436628,5.05,634000,13154
ORCL6185589,Oracle Corp.,6.705552959,5.2,19042000,3344
GPN5459742,Global Payments Inc.,6.707322181,5.95,2742000,9512
ORCL5995189,Oracle Corp.,6.707593402,5.5,5044000,3290
US458140CK4,Intel Corp.,6.709445451,5.9,100000,13343
DTB,DTE Energy Co.,6.710533581,4.375,26178,19800
T4778680,AT&T Inc.,6.712440015,5.3,8000,11703
GE5534355,Synchrony Financial,6.712799506,7.25,6808000,2378
CRM6337830,Salesforce Inc.,6.715181531,6.4,9016000,7167
XELLL,Xcel Energy Inc.,6.71547686,6.25,88594,21626
USU19328AB62,Coinbase Global Inc.,6.718027167,3.625,1,1888
OMC6288950,Omnicom Group Inc.,6.718245064,5.4,1770000,8098
CMCS5029286,Comcast Corp.,6.719573398,2.45,5227000,9512
C5789438,Citigroup Inc.,6.719942841,0,50000,4645
US00206RKJ04,AT&T Inc.,6.720566013,3.5,1,9908
ORCL6302370,Oracle Corp.,6.721721427,5.7,47133000,3475
US00206RLJ94,AT&T Inc.,6.722141995,3.55,1,10638
FDX4200151,FedEx Corp.,6.723506991,4.5,60000,14065
T5242098,AT&T Inc.,6.727419823,3.8,6746000,11446
CMCS5029287,Comcast Corp.,6.729786745,2.65,4512000,13164
T5046545,AT&T Inc.,6.729902197,3.65,6410000,12099
FB6221369,Meta Platforms Inc.,6.731393777,5.5,11642000,7047
IBM.GY,International Business Machines Corp.,6.744770809,7.125,2551000,25691
FB6383867,Meta Platforms Inc.,6.745561596,6.2,41713000,7228
INTC5538518,Intel Corp.,6.745668753,5.9,672000,13343
ORCL4379407,Oracle Corp.,6.748740793,3.85,21188000,3637
CMSC,CMS Energy Corp.,6.749460081,5.875,23724,19069
GPN4869988,Global Payments Inc.,6.752018217,4.15,3058000,8416
ORCL4239815,Oracle Corp.,6.753376261,3.9,2339000,3210
PRH,Prudential Financial Inc.,6.755221715,5.95,45163,13181
T6180946,AT&T Inc.,6.765031956,5.7,5517000,10320
CMSA,CMS Energy Corp.,6.766086239,5.625,22948,18855
CMCS4382861,Comcast Corp.,6.766886941,3.4,808000,7289
US00206RLV23,AT&T Inc.,6.767955763,3.65,1,12099
US00206RMN97,AT&T Inc.,6.770098063,3.8,1,11446
T6376101,AT&T Inc.,6.782181217,6.2,44194000,11049
T6299518,AT&T Inc.,6.784534121,6,6664000,10866
USU20030AL34,Comcast Corp.,6.785226231,2.937,1,11051
CMCS5406980,Comcast Corp.,6.798152577,2.887,17411000,9224
FB5522214,Meta Platforms Inc.,6.800480974,4.45,10992000,9512
TMUSL,T-Mobile USA Inc.,6.803659817,6.25,51066,15738
CMCS5407814,Comcast Corp.,6.808331961,2.937,47443000,11051
CMCS6070193,Comcast Corp.,6.81214098,6.05,11376000,10515
TMUSZ,T-Mobile USA Inc.,6.813298185,5.5,60276,15919
T6088669,AT&T Inc.,6.814466856,6.05,10638000,10973
CMCS4990800,Comcast Corp.,6.820161806,2.8,24580000,8934
APC4875631,Occidental Petroleum Corp.,6.828124556,7.73,54000,25614
C5003038,Citigroup Inc.,6.828546496,2.25,2000,1419
CMCS5407815,Comcast Corp.,6.832575403,2.987,13067000,13607
CMCS5815527,Comcast Corp.,6.839457855,5.65,1171000,10167
TBB,AT&T Inc.,6.839905819,5.35,139417,14703
CMCS4567273,Comcast Corp.,6.841421102,4.049,6165000,9590
CMCS4729173,Comcast Corp.,6.852988152,4.7,438000,8112
CMCS4906061,Comcast Corp.,6.855006098,3.45,3773000,8586
CMCS4567272,Comcast Corp.,6.857412135,3.969,10022000,7763
CMCS4526760,Comcast Corp.,6.858479111,4,1146000,7685
CMCS4595043,Comcast Corp.,6.862009313,4,914000,7884
CMCS4567271,Comcast Corp.,6.871288011,3.999,8328000,8494
CMCS5581327,Comcast Corp.,6.876451468,5.35,6441000,9785
PFE5282055,Viatris Inc.,6.877665669,4,8964000,8727
T6376102,AT&T Inc.,6.880600429,6.3,25618000,14701
CRM6337487,Salesforce Inc.,6.89045292,6.55,32829000,10820
CMCS4729174,Comcast Corp.,6.908576044,4.95,1168000,11764
FB5868809,Meta Platforms Inc.,6.911416163,5.4,7849000,10242
SREA,Sempra,6.925603102,5.75,121357,19328
PFH,Prudential Financial Inc.,6.926355107,4.125,45639,12451
FB6221364,Meta Platforms Inc.,6.93494541,5.625,76065000,10699
GSGR6135717,The Goldman Sachs Group Inc.,6.942444295,5.7,3000,6940
WRB/PE,W.R. Berkley Corp.,6.944953429,5.7,15690,11565
FB5522241,Meta Platforms Inc.,6.948245754,4.65,5657000,13164
FB5581330,Meta Platforms Inc.,6.955630296,5.6,13652000,9785
FB6383871,Meta Platforms Inc.,6.959633211,6.3,176438000,10881
APC4876396,Occidental Petroleum Corp.,6.966307324,7.5,10000,25661
ORCL4563255,Oracle Corp.,6.966581509,3.8,4964000,4125
CRM6337486,Salesforce Inc.,6.977945147,6.7,6961000,14472
ORCL.GL,Oracle Corp.,6.978330558,6.5,5950000,4276
CMCS5581328,Comcast Corp.,6.986997624,5.5,18991000,13803
FB5868810,Meta Platforms Inc.,7.041339,5.55,7037000,13895
US30303M8R6,Meta Platforms Inc.,7.0470598,5.75,100000,13437
FB5581331,Meta Platforms Inc.,7.05179894,5.75,8075000,13437
US30303M8Y1,Meta Platforms Inc.,7.062422641,5.75,100000,14352
FB6221365,Meta Platforms Inc.,7.065537026,5.75,39559000,14352
FB6383870,Meta Platforms Inc.,7.075948992,6.45,44638000,14533
ORCL.GP,Oracle Corp.,7.102292797,6.125,10537000,4725
WRB/PG,W.R. Berkley Corp.,7.112733646,4.25,20301,12480
WRB/PF,W.R. Berkley Corp.,7.141694768,5.1,31295,12205
ORCL4972630,Oracle Corp.,7.14506778,3.6,2296000,4993
F4433682,Ford Motor Co.,7.15567946,5.291,4842000,7435
F.GL,Ford Motor Co.,7.157899149,7.75,50000,6163
US345370CQ17,Ford Motor Co.,7.1644769,4.75,10000,6012
F3951238,Ford Motor Co.,7.178718946,4.75,10661000,6012
US345370CS72,Ford Motor Co.,7.190786351,5.291,120000,7435
ORCL.GU,Oracle Corp.,7.2114955,5.375,7306000,5098
F.GP,Ford Motor Co.,7.235207418,7.4,3601000,7398
ORCL5153812,Oracle Corp.,7.237317869,3.65,1480000,5351
GLW.GX,Corning Inc.,7.247687938,7.25,39000,3668
F.GU,Ford Motor Co.,7.249356188,9.98,108000,7504
XS2982295797,The Goldman Sachs Group Inc.,7.300986553,0,1,9058
SPCX6434768,Space Exploration Technologies Corp.,7.341455226,6.6,266000,7289
F.GQ,Ford Motor Co.,7.350977766,7.7,825000,25856
KKRT,KKR & Co. Inc.,7.387428711,6.875,72027,14185
ORCL4972632,Oracle Corp.,7.416791076,3.85,10800000,12298
ORCL6302369,Oracle Corp.,7.423186616,6.55,5011000,7128
ORCL5153814,Oracle Corp.,7.43939178,4.1,7992000,12656
ORCL5153813,Oracle Corp.,7.44139293,3.95,15616000,9003
ORCL4972631,Oracle Corp.,7.449603943,3.6,35842000,8645
ORCL4563256,Oracle Corp.,7.488020074,4,6424000,7777
US68389XBG97,Oracle Corp.,7.496670815,4.375,50000,10515
ORCL4379408,Oracle Corp.,7.526809532,4,14885000,7289
US68389XBJ37,Oracle Corp.,7.537110075,4,1,7289
SPCX6434763,Space Exploration Technologies Corp.,7.545112704,6.65,1200000,10942
GS6147531,The Goldman Sachs Group Inc.,7.553793884,6.75,1000,3291
ORCL4239819,Oracle Corp.,7.554362614,4.125,3663000,6863
ORCL4239814,Oracle Corp.,7.562661457,4.375,512000,10515
US68389XBF15,Oracle Corp.,7.581563338,4.125,4000,6863
ORCL4141355,Oracle Corp.,7.58952712,4.5,5464000,6552
CVNA5240196,Carvana Co.,7.620201666,4.875,400000,1128
ORCL6186138,Oracle Corp.,7.634522501,5.875,11955000,6997
ORCL5995192,Oracle Corp.,7.660809814,6,14791000,10595
US1806.USD,Apple Inc.,7.662249556,3,100000,324
ORCL6186139,Oracle Corp.,7.690482785,5.95,20362000,10649
ORCL5536131,Oracle Corp.,7.699971215,5.55,15776000,9687
ORCL5902731,Oracle Corp.,7.715887305,5.375,1979000,10285
ORCL6302045,Oracle Corp.,7.740794292,6.7,94244000,10780
F/PB,Ford Motor Co.,7.749009687,6.2,77678,11993
ORCL5500354,Oracle Corp.,7.75233706,6.9,16910000,9598
ORCL5995218,Oracle Corp.,7.796473766,6.125,9316000,14248
F/PC,Ford Motor Co.,7.818908835,6,105951,12176
ORCL6302044,Oracle Corp.,7.825643874,6.85,24586000,14433
ORCL5902732,Oracle Corp.,7.836309151,5.5,3935000,13938
F/PD,Ford Motor Co.,7.85395756,6.5,105875,13164
ORCL6186140,Oracle Corp.,7.8585651,6.1,14084000,14302
SATS5938591,EchoStar Corp.,7.877676398,10.75,4618336,1218
ETE4249040,Energy Transfer LP,7.987353582,5.5,89000,305
BA5803372,The Boeing Co.,8.393421313,7.008,30000,13789
C5259183,Citigroup Inc.,10.56124385,1.3,2000,60
DIS4907435,The Walt Disney Co.,13.37667882,7.43,32000,62
